timestamp,elapsed_s,force_parsed,encoder_pulses_in_tick,encoder_RPM,short_output,long_output
16:45:44.408,0.203,1.8,0,0.0,"+  1.80  N  
","T: + 1.85 N
"
16:45:44.612,0.406,1.85,0,0.0,"+  1.85  N  
","T: + 1.80 N
"
16:45:44.814,0.609,1.75,0,0.0,"+  1.75  N  
","T: + 1.80 N
"
16:45:45.022,0.816,1.8,0,0.0,"+  1.80  N  
","T: + 1.80 N
"
16:45:45.225,1.019,1.8,0,0.0,"+  1.80  N  
","T: + 1.80 N
"
16:45:45.428,1.222,1.8,0,0.0,"+  1.80  N  
","T: + 1.80 N
"
16:45:45.630,1.425,1.75,0,0.0,"+  1.75  N  
","T: + 1.75 N
"
16:45:45.842,1.636,1.85,0,0.0,"+  1.85  N  
","T: + 1.75 N
"
16:45:46.044,1.839,1.8,0,0.0,"+  1.80  N  
","T: + 1.85 N
"
16:45:46.247,2.041,1.8,0,0.0,"+  1.80  N  
","T: + 1.70 N
"
16:45:46.450,2.244,1.7,0,0.0,"+  1.70  N  
","T: + 1.70 N
"
16:45:46.652,2.446,1.75,0,0.0,"+  1.75  N  
","T: + 1.70 N
"
16:45:46.857,2.651,1.8,0,0.0,"+  1.80  N  
","T: + 1.80 N
"
16:45:47.060,2.854,1.75,0,0.0,"+  1.75  N  
","T: + 1.80 N
"
16:45:47.268,3.062,1.75,0,0.0,"+  1.75  N  
","T: + 1.75 N
"
16:45:47.470,3.265,1.75,0,0.0,"+  1.75  N  
","T: + 1.85 N
"
16:45:47.678,3.472,1.7,0,0.0,"+  1.70  N  
","T: + 1.80 N
"
16:45:47.882,3.676,1.8,0,0.0,"+  1.80  N  
","T: + 1.75 N
"
16:45:48.084,3.879,1.85,0,0.0,"+  1.85  N  
","T: + 1.75 N
"
16:45:48.287,4.081,1.7,0,0.0,"+  1.70  N  
","T: + 1.75 N
"
16:45:48.489,4.283,1.75,0,0.0,"+  1.75  N  
","T: + 1.80 N
"
16:45:48.699,4.494,1.85,0,0.0,"+  1.85  N  
","T: + 1.70 N
"
16:45:48.902,4.696,1.8,0,0.0,"+  1.80  N  
","T: + 1.75 N
"
16:45:49.104,4.899,1.8,0,0.0,"+  1.80  N  
","T: + 1.70 N
"
16:45:49.307,5.102,1.7,0,0.0,"+  1.70  N  
","T: + 1.75 N
"
16:45:49.512,5.306,1.8,0,0.0,"+  1.80  N  
","T: + 1.75 N
"
16:45:49.716,5.511,1.8,0,0.0,"+  1.80  N  
","T: + 1.85 N
"
16:45:49.933,5.727,1.75,0,0.0,"+  1.75  N  
","T: + 1.70 N
"
16:45:50.137,5.931,1.75,0,0.0,"+  1.75  N  
","T: + 1.80 N
"
16:45:50.342,6.136,1.75,0,0.0,"+  1.75  N  
","T: + 1.75 N
"
16:45:50.561,6.355,1.75,0,0.0,"+  1.75  N  
","T: + 1.75 N
"
16:45:50.765,6.559,1.65,0,0.0,"+  1.65  N  
","T: + 1.75 N
"
16:45:50.970,6.764,1.75,0,0.0,"+  1.75  N  
","T: + 1.80 N
"
16:45:51.186,6.98,1.7,0,0.0,"+  1.70  N  
","T: + 1.75 N
"
16:45:51.391,7.185,1.8,0,0.0,"+  1.80  N  
","T: + 1.75 N
"
16:45:51.609,7.403,1.7,0,0.0,"+  1.70  N  
","T: + 1.70 N
"
16:45:51.813,7.607,1.8,0,0.0,"+  1.80  N  
","T: + 1.75 N
"
16:45:52.018,7.812,1.7,0,0.0,"+  1.70  N  
","T: + 1.75 N
"
16:45:52.236,8.03,1.7,0,0.0,"+  1.70  N  
","T: + 1.75 N
"
16:45:52.440,8.234,1.65,0,0.0,"+  1.65  N  
","T: + 1.85 N
"
16:45:52.653,8.448,1.7,0,0.0,"+  1.70  N  
","T: + 1.75 N
"
16:45:52.857,8.652,1.65,0,0.0,"+  1.65  N  
","T: + 1.70 N
"
16:45:53.062,8.856,1.7,0,0.0,"+  1.70  N  
","T: + 1.70 N
"
16:45:53.266,9.06,1.8,0,0.0,"+  1.80  N  
","T: + 1.80 N
"
16:45:53.471,9.265,1.75,0,0.0,"+  1.75  N  
","T: + 1.85 N
"
16:45:53.690,9.484,1.75,0,0.0,"+  1.75  N  
","T: + 1.75 N
"
16:45:53.894,9.688,1.8,0,0.0,"+  1.80  N  
","T: + 1.75 N
"
16:45:54.098,9.892,1.75,0,0.0,"+  1.75  N  
","T: + 1.80 N
"
16:45:54.309,10.103,1.75,0,0.0,"+  1.75  N  
","T: + 1.75 N
"
16:45:54.512,10.307,1.7,0,0.0,"+  1.70  N  
","T: + 1.65 N
"
16:45:54.716,10.511,1.75,0,0.0,"+  1.75  N  
","T: + 1.80 N
"
16:45:54.933,10.728,1.7,0,0.0,"+  1.70  N  
","T: + 1.75 N
"
16:45:55.138,10.932,1.7,0,0.0,"+  1.70  N  
","T: + 1.80 N
"
16:45:55.341,11.136,1.75,0,0.0,"+  1.75  N  
","T: + 1.65 N
"
16:45:55.552,11.346,1.8,0,0.0,"+  1.80  N  
","T: + 1.75 N
"
16:45:55.756,11.55,1.75,0,0.0,"+  1.75  N  
","T: + 1.80 N
"
16:45:55.961,11.755,1.75,0,0.0,"+  1.75  N  
","T: + 1.85 N
"
16:45:56.165,11.96,1.75,0,0.0,"+  1.75  N  
","T: + 1.75 N
"
16:45:56.369,12.164,1.9,0,0.0,"+  1.90  N  
","T: + 1.95 N
"
16:45:56.584,12.378,2.2,0,0.0,"+  2.20  N  
","T: + 2.05 N
"
16:45:56.788,12.582,2.15,0,0.0,"+  2.15  N  
","T: + 2.15 N
"
16:45:56.992,12.786,2.1,0,0.0,"+  2.10  N  
","T: + 2.15 N
"
16:45:57.203,12.998,2.15,0,0.0,"+  2.15  N  
","T: + 2.15 N
"
16:45:57.408,13.202,2.05,0,0.0,"+  2.05  N  
","T: + 2.10 N
"
16:45:57.612,13.406,2.15,0,0.0,"+  2.15  N  
","T: + 2.15 N
"
16:45:57.828,13.622,2.05,0,0.0,"+  2.05  N  
","T: + 2.10 N
"
16:45:58.032,13.827,2.15,3,1.8,"+  2.15  N  
","T: + 2.15 N
"
16:45:58.237,14.031,2.1,6,3.6,"+  2.10  N  
","T: + 2.15 N
"
16:45:58.441,14.235,2.1,39,23.4,"+  2.10  N  
","T: + 2.30 N
"
16:45:58.645,14.44,2.25,51,30.6,"+  2.25  N  
","T: + 2.15 N
"
16:45:58.864,14.658,2.3,63,37.8,"+  2.30  N  
","T: + 2.30 N
"
16:45:59.069,14.863,2.35,21,12.6,"+  2.35  N  
","T: + 2.20 N
"
16:45:59.286,15.08,2.1,25,15.0,"+  2.10  N  
","T: + 2.15 N
"
16:45:59.490,15.284,2.1,12,7.2,"+  2.10  N  
","T: + 2.60 N
"
16:45:59.692,15.487,3.05,0,0.0,"+  3.05  N  
","T: + 3.20 N
"
16:45:59.895,15.69,3.15,0,0.0,"+  3.15  N  
","T: + 3.30 N
"
16:46:00.098,15.892,3.25,1,0.6,"+  3.25  N  
","T: + 3.30 N
"
16:46:00.309,16.104,3.3,0,0.0,"+  3.30  N  
","T: + 3.30 N
"
16:46:00.512,16.306,3.3,0,0.0,"+  3.30  N  
","T: + 3.30 N
"
16:46:00.714,16.509,3.3,0,0.0,"+  3.30  N  
","T: + 3.25 N
"
16:46:00.917,16.711,3.2,0,0.0,"+  3.20  N  
","T: + 3.35 N
"
16:46:01.129,16.923,3.2,0,0.0,"+  3.20  N  
","T: + 3.30 N
"
16:46:01.331,17.125,3.2,0,0.0,"+  3.20  N  
","T: + 3.20 N
"
16:46:01.534,17.328,3.15,0,0.0,"+  3.15  N  
","T: + 3.20 N
"
16:46:01.737,17.531,3.15,0,0.0,"+  3.15  N  
","T: + 3.20 N
"
16:46:01.948,17.742,3.2,0,0.0,"+  3.20  N  
","T: + 3.15 N
"
16:46:02.151,17.945,3.15,0,0.0,"+  3.15  N  
","T: + 3.25 N
"
16:46:02.354,18.148,3.15,0,0.0,"+  3.15  N  
","T: + 3.25 N
"
16:46:02.556,18.35,3.1,0,0.0,"+  3.10  N  
","T: + 3.25 N
"
16:46:02.759,18.553,3.15,0,0.0,"+  3.15  N  
","T: + 3.15 N
"
16:46:02.969,18.764,3.15,0,0.0,"+  3.15  N  
","T: + 3.10 N
"
16:46:03.172,18.966,3.25,0,0.0,"+  3.25  N  
","T: + 3.05 N
"
16:46:03.374,19.169,3.1,0,0.0,"+  3.10  N  
","T: + 3.10 N
"
16:46:03.577,19.371,3.15,0,0.0,"+  3.15  N  
","T: + 3.05 N
"
16:46:03.784,19.578,3.15,0,0.0,"+  3.15  N  
","T: + 3.20 N
"
16:46:03.986,19.781,3.1,0,0.0,"+  3.10  N  
","T: + 3.20 N
"
16:46:04.190,19.984,3.05,0,0.0,"+  3.05  N  
","T: + 3.15 N
"
16:46:04.394,20.188,3.15,0,0.0,"+  3.15  N  
","T: + 3.10 N
"
16:46:04.608,20.403,3.1,0,0.0,"+  3.10  N  
","T: + 3.15 N
"
16:46:04.827,20.621,3.15,0,0.0,"+  3.15  N  
","T: + 3.15 N
"
16:46:05.031,20.825,3.1,0,0.0,"+  3.10  N  
","T: + 3.10 N
"
16:46:05.235,21.029,3.15,0,0.0,"+  3.15  N  
","T: + 3.05 N
"
16:46:05.439,21.234,3.1,0,0.0,"+  3.10  N  
","T: + 3.05 N
"
16:46:05.644,21.438,3.05,0,0.0,"+  3.05  N  
","T: + 2.90 N
"
16:46:05.859,21.654,2.95,0,0.0,"+  2.95  N  
","T: + 3.05 N
"
16:46:06.064,21.858,2.95,0,0.0,"+  2.95  N  
","T: + 2.90 N
"
16:46:06.268,22.062,2.95,0,0.0,"+  2.95  N  
","T: + 2.90 N
"
16:46:06.472,22.266,2.9,0,0.0,"+  2.90  N  
","T: + 2.90 N
"
16:46:06.676,22.47,2.9,0,0.0,"+  2.90  N  
","T: + 2.90 N
"
16:46:06.892,22.686,2.85,0,0.0,"+  2.85  N  
","T: + 2.95 N
"
16:46:07.096,22.891,2.95,0,0.0,"+  2.95  N  
","T: + 2.85 N
"
16:46:07.301,23.095,2.9,0,0.0,"+  2.90  N  
","T: + 2.85 N
"
16:46:07.505,23.3,2.9,0,0.0,"+  2.90  N  
","T: + 2.85 N
"
16:46:07.709,23.504,2.95,0,0.0,"+  2.95  N  
","T: + 3.00 N
"
16:46:07.914,23.708,2.95,0,0.0,"+  2.95  N  
","T: + 2.85 N
"
16:46:08.118,23.913,2.95,0,0.0,"+  2.95  N  
","T: + 2.90 N
"
16:46:08.334,24.128,2.9,0,0.0,"+  2.90  N  
","T: + 2.85 N
"
16:46:08.538,24.332,2.85,0,0.0,"+  2.85  N  
","T: + 2.85 N
"
16:46:08.742,24.536,2.95,0,0.0,"+  2.95  N  
","T: + 2.85 N
"
16:46:08.947,24.741,2.9,0,0.0,"+  2.90  N  
","T: + 2.85 N
"
16:46:09.151,24.945,2.9,0,0.0,"+  2.90  N  
","T: + 2.85 N
"
16:46:09.361,25.155,2.85,0,0.0,"+  2.85  N  
","T: + 2.80 N
"
16:46:09.566,25.36,2.8,0,0.0,"+  2.80  N  
","T: + 2.85 N
"
16:46:09.770,25.564,2.85,0,0.0,"+  2.85  N  
","T: + 2.85 N
"
16:46:09.972,25.767,2.9,0,0.0,"+  2.90  N  
","T: + 2.85 N
"
16:46:10.175,25.969,2.9,0,0.0,"+  2.90  N  
","T: + 2.80 N
"
16:46:10.377,26.172,2.75,0,0.0,"+  2.75  N  
","T: + 2.85 N
"
16:46:10.580,26.374,2.8,0,0.0,"+  2.80  N  
","T: + 2.80 N
"
16:46:10.785,26.579,2.85,0,0.0,"+  2.85  N  
","T: + 2.90 N
"
16:46:10.987,26.782,2.8,0,0.0,"+  2.80  N  
","T: + 2.85 N
"
16:46:11.190,26.985,2.8,0,0.0,"+  2.80  N  
","T: + 2.80 N
"
16:46:11.393,27.187,2.85,0,0.0,"+  2.85  N  
","T: + 2.90 N
"
16:46:11.604,27.398,2.8,0,0.0,"+  2.80  N  
","T: + 2.90 N
"
16:46:11.807,27.601,2.9,0,0.0,"+  2.90  N  
","T: + 2.80 N
"
16:46:12.009,27.803,2.85,0,0.0,"+  2.85  N  
","T: + 2.85 N
"
16:46:12.212,28.006,2.85,0,0.0,"+  2.85  N  
","T: + 2.85 N
"
16:46:12.414,28.209,2.9,0,0.0,"+  2.90  N  
","T: + 2.85 N
"
16:46:12.619,28.413,2.85,0,0.0,"+  2.85  N  
","T: + 2.85 N
"
16:46:12.821,28.616,2.65,0,0.0,"+  2.65  N  
","T: + 3.00 N
"
16:46:13.024,28.819,2.7,0,0.0,"+  2.70  N  
","T: + 3.00 N
"
16:46:13.227,29.021,2.9,0,0.0,"+  2.90  N  
","T: + 2.95 N
"
16:46:13.438,29.232,2.9,0,0.0,"+  2.90  N  
","T: + 2.90 N
"
16:46:13.641,29.435,2.85,0,0.0,"+  2.85  N  
","T: + 2.85 N
"
16:46:13.843,29.638,3.0,0,0.0,"+  3.00  N  
","T: + 2.85 N
"
16:46:14.046,29.841,2.0,0,0.0,"+  2.00  N  
","T: + 0.60 N
"
16:46:14.257,30.051,0.25,0,0.0,"+  0.25  N  
","T: + 0.30 N
"
16:46:14.460,30.254,0.35,0,0.0,"+  0.35  N  
","T: + 0.40 N
"
16:46:14.663,30.457,0.4,0,0.0,"+  0.40  N  
","T: + 0.45 N
"
16:46:14.869,30.663,0.45,0,0.0,"+  0.45  N  
","T: + 0.45 N
"
16:46:15.088,30.883,0.5,0,0.0,"+  0.50  N  
","T: + 0.45 N
"
16:46:15.292,31.087,0.45,0,0.0,"+  0.45  N  
","T: + 0.45 N
"
16:46:15.497,31.291,0.45,0,0.0,"+  0.45  N  
","T: + 0.45 N
"
16:46:15.701,31.496,0.5,0,0.0,"+  0.50  N  
","T: + 0.45 N
"
16:46:15.920,31.714,0.55,0,0.0,"+  0.55  N  
","T: + 0.50 N
"
16:46:16.124,31.919,0.45,0,0.0,"+  0.45  N  
","T: + 0.50 N
"
16:46:16.329,32.123,0.5,0,0.0,"+  0.50  N  
","T: + 0.45 N
"
16:46:16.547,32.342,0.5,0,0.0,"+  0.50  N  
","T: + 0.45 N
"
16:46:16.751,32.546,0.5,0,0.0,"+  0.50  N  
","T: + 0.35 N
"
16:46:16.956,32.75,0.0,0,0.0,"+  0.00  N  
","C: - 0.00 N
"
16:46:17.174,32.968,0.0,0,0.0,"+  0.00  N  
","T: + 0.00 N
"
16:46:17.378,33.172,0.0,0,0.0,"+  0.00  N  
","T: + 0.00 N
"
16:46:17.582,33.376,0.0,0,0.0,"+  0.00  N  
","T: + 0.00 N
"
16:46:17.798,33.592,0.0,0,0.0,"+  0.00  N  
","T: + 0.00 N
"
16:46:18.002,33.796,0.0,0,0.0,"+  0.00  N  
","T: + 0.00 N
"
16:46:18.206,34.0,0.0,0,0.0,"+  0.00  N  
","T: + 0.00 N
"
16:46:18.425,34.219,0.0,0,0.0,"+  0.00  N  
","T: + 0.00 N
"
16:46:18.629,34.423,0.0,0,0.0,"+  0.00  N  
","T: + 0.00 N
"
16:46:18.833,34.627,0.0,0,0.0,"+  0.00  N  
","T: + 0.00 N
"
16:46:19.037,34.832,0.0,0,0.0,"+  0.00  N  
","T: + 0.00 N
"
16:46:19.241,35.036,0.2,0,0.0,"+  0.20  N  
","T: + 0.00 N
"
16:46:19.455,35.249,0.0,0,0.0,"+  0.00  N  
","T: + 0.00 N
"
16:46:19.659,35.453,0.0,0,0.0,"+  0.00  N  
","T: + 0.00 N
"
16:46:19.863,35.658,0.0,0,0.0,"+  0.00  N  
","T: + 0.00 N
"
16:46:20.080,35.874,0.0,0,0.0,"+  0.00  N  
","T: + 0.00 N
"
16:46:20.284,36.079,0.0,0,0.0,"+  0.00  N  
","T: + 0.00 N
"
16:46:20.489,36.283,0.0,0,0.0,"+  0.00  N  
","T: + 0.00 N
"
16:46:20.697,36.491,0.0,0,0.0,"+  0.00  N  
","T: + 0.00 N
"
16:46:20.902,36.696,0.0,0,0.0,"+  0.00  N  
","T: + 0.00 N
"
16:46:21.106,36.9,0.0,0,0.0,"+  0.00  N  
","T: + 0.00 N
"
16:46:21.310,37.104,0.0,0,0.0,"+  0.00  N  
","T: + 0.00 N
"
16:46:21.515,37.309,0.0,0,0.0,"+  0.00  N  
","T: + 0.00 N
"
16:46:21.731,37.526,0.0,0,0.0,"+  0.00  N  
","T: + 0.00 N
"
16:46:21.937,37.731,0.0,0,0.0,"+  0.00  N  
","T: + 0.00 N
"
16:46:22.141,37.935,0.0,0,0.0,"+  0.00  N  
","T: + 0.00 N
"
16:46:22.345,38.139,0.0,0,0.0,"+  0.00  N  
","T: + 0.00 N
"
16:46:22.549,38.343,0.0,0,0.0,"+  0.00  N  
","T: + 0.00 N
"
16:46:22.762,38.557,0.0,0,0.0,"+  0.00  N  
","T: + 0.00 N
"
16:46:22.967,38.761,0.0,0,0.0,"+  0.00  N  
","T: + 0.00 N
"
16:46:23.171,38.965,0.0,0,0.0,"+  0.00  N  
","T: + 0.00 N
"
16:46:23.389,39.184,0.0,0,0.0,"+  0.00  N  
","T: + 0.00 N
"
16:46:23.594,39.388,0.2,0,0.0,"+  0.20  N  
","T: + 0.00 N
"
16:46:23.798,39.592,0.0,0,0.0,"+  0.00  N  
","T: + 0.40 N
"
16:46:24.015,39.81,0.7,0,0.0,"+  0.70  N  
","T: + 0.60 N
"
16:46:24.220,40.014,0.5,0,0.0,"+  0.50  N  
","T: + 0.45 N
"
16:46:24.423,40.218,0.5,0,0.0,"+  0.50  N  
","T: + 0.40 N
"
16:46:24.628,40.422,0.5,0,0.0,"+  0.50  N  
","T: + 0.40 N
"
16:46:24.832,40.626,0.45,0,0.0,"+  0.45  N  
","T: + 0.50 N
"
16:46:25.042,40.837,0.4,0,0.0,"+  0.40  N  
","T: + 0.45 N
"
16:46:25.247,41.041,0.4,0,0.0,"+  0.40  N  
","T: + 0.40 N
"
16:46:25.451,41.245,0.4,0,0.0,"+  0.40  N  
","T: + 0.45 N
"
16:46:25.658,41.452,0.4,0,0.0,"+  0.40  N  
","T: + 0.35 N
"
16:46:25.860,41.654,0.35,0,0.0,"+  0.35  N  
","T: + 0.40 N
"
16:46:26.063,41.858,0.35,0,0.0,"+  0.35  N  
","T: + 0.45 N
"
16:46:26.266,42.06,0.35,0,0.0,"+  0.35  N  
","T: + 0.35 N
"
16:46:26.477,42.271,0.4,0,0.0,"+  0.40  N  
","T: + 0.45 N
"
16:46:26.680,42.474,0.5,0,0.0,"+  0.50  N  
","T: + 0.40 N
"
16:46:26.882,42.677,0.3,0,0.0,"+  0.30  N  
","T: + 0.35 N
"
16:46:27.085,42.88,0.4,0,0.0,"+  0.40  N  
","T: + 0.40 N
"
16:46:27.296,43.09,0.4,0,0.0,"+  0.40  N  
","T: + 0.35 N
"
16:46:27.499,43.293,0.4,0,0.0,"+  0.40  N  
","T: + 0.45 N
"
16:46:27.702,43.496,0.4,0,0.0,"+  0.40  N  
","T: + 0.35 N
"
16:46:27.904,43.698,0.5,0,0.0,"+  0.50  N  
","T: + 0.35 N
"
16:46:28.116,43.91,0.3,0,0.0,"+  0.30  N  
","T: + 0.35 N
"
16:46:28.318,44.113,0.35,0,0.0,"+  0.35  N  
","T: + 0.40 N
"
16:46:28.521,44.315,0.4,0,0.0,"+  0.40  N  
","T: + 0.35 N
"
16:46:28.724,44.518,0.35,0,0.0,"+  0.35  N  
","T: + 0.30 N
"
16:46:28.934,44.728,0.3,0,0.0,"+  0.30  N  
","T: + 0.40 N
"
16:46:29.137,44.931,0.35,0,0.0,"+  0.35  N  
","T: + 0.40 N
"
16:46:29.339,45.134,0.4,0,0.0,"+  0.40  N  
","T: + 0.30 N
"
16:46:29.542,45.336,0.35,0,0.0,"+  0.35  N  
","T: + 0.35 N
"
16:46:29.744,45.539,0.4,0,0.0,"+  0.40  N  
","T: + 0.35 N
"
16:46:29.949,45.744,0.4,0,0.0,"+  0.40  N  
","T: + 0.40 N
"
16:46:30.152,45.946,0.4,0,0.0,"+  0.40  N  
","T: + 0.35 N
"
16:46:30.355,46.149,0.35,0,0.0,"+  0.35  N  
","T: + 0.40 N
"
16:46:30.558,46.352,0.45,0,0.0,"+  0.45  N  
","T: + 0.35 N
"
16:46:30.764,46.558,0.35,0,0.0,"+  0.35  N  
","T: + 0.35 N
"
16:46:30.975,46.769,0.35,0,0.0,"+  0.35  N  
","T: + 0.40 N
"
16:46:31.178,46.973,0.4,0,0.0,"+  0.40  N  
","T: + 0.35 N
"
16:46:31.383,47.177,0.5,0,0.0,"+  0.50  N  
","T: + 0.35 N
"
16:46:31.587,47.382,0.4,0,0.0,"+  0.40  N  
","T: + 0.40 N
"
16:46:31.792,47.586,0.45,0,0.0,"+  0.45  N  
","T: + 0.40 N
"
16:46:32.011,47.805,0.4,0,0.0,"+  0.40  N  
","T: + 0.45 N
"
16:46:32.215,48.009,0.45,0,0.0,"+  0.45  N  
","T: + 0.35 N
"
16:46:32.419,48.213,0.35,0,0.0,"+  0.35  N  
","T: + 0.25 N
"
16:46:32.635,48.43,0.4,0,0.0,"+  0.40  N  
","T: + 0.40 N
"
16:46:32.840,48.634,0.4,0,0.0,"+  0.40  N  
","T: + 0.35 N
"
16:46:33.044,48.838,0.45,0,0.0,"+  0.45  N  
","T: + 0.35 N
"
16:46:33.248,49.042,0.35,0,0.0,"+  0.35  N  
","T: + 0.45 N
"
16:46:33.452,49.247,0.35,0,0.0,"+  0.35  N  
","T: + 0.50 N
"
16:46:33.666,49.461,0.35,0,0.0,"+  0.35  N  
","T: + 0.40 N
"
16:46:33.870,49.665,0.35,0,0.0,"+  0.35  N  
","T: + 0.40 N
"
16:46:34.075,49.869,0.3,0,0.0,"+  0.30  N  
","T: + 0.35 N
"
16:46:34.292,50.086,0.35,0,0.0,"+  0.35  N  
","T: + 0.00 N
"
16:46:34.496,50.29,0.0,0,0.0,"+  0.00  N  
","T: + 0.00 N
"
16:46:34.700,50.494,0.0,0,0.0,"+  0.00  N  
","T: + 0.00 N
"
16:46:34.916,50.71,0.0,0,0.0,"+  0.00  N  
","T: + 0.00 N
"
16:46:35.120,50.914,0.0,0,0.0,"+  0.00  N  
","T: + 0.00 N
"
16:46:35.325,51.119,0.2,0,0.0,"+  0.20  N  
","T: + 0.00 N
"
16:46:35.545,51.339,0.0,0,0.0,"+  0.00  N  
","T: + 0.25 N
"
16:46:35.749,51.543,0.0,0,0.0,"+  0.00  N  
","T: + 0.00 N
"
16:46:35.952,51.747,0.0,0,0.0,"+  0.00  N  
","T: + 0.00 N
"
16:46:36.155,51.949,0.0,0,0.0,"+  0.00  N  
","T: + 0.20 N
"
16:46:36.360,52.155,0.25,0,0.0,"+  0.25  N  
","T: + 0.00 N
"
16:46:36.563,52.357,0.0,0,0.0,"+  0.00  N  
","T: + 0.20 N
"
16:46:36.766,52.56,0.2,0,0.0,"+  0.20  N  
","T: + 0.00 N
"
16:46:36.968,52.762,0.0,0,0.0,"+  0.00  N  
","T: + 0.00 N
"
16:46:37.180,52.974,0.2,0,0.0,"+  0.20  N  
","T: + 0.00 N
"
16:46:37.382,53.176,0.0,0,0.0,"+  0.00  N  
","T: + 0.00 N
"
16:46:37.585,53.379,0.0,0,0.0,"+  0.00  N  
","T: + 0.00 N
"
16:46:37.787,53.582,0.2,0,0.0,"+  0.20  N  
","T: + 0.20 N
"
16:46:37.999,53.793,0.0,0,0.0,"+  0.00  N  
","T: + 0.20 N
"
16:46:38.202,53.996,0.0,0,0.0,"+  0.00  N  
","T: + 0.00 N
"
16:46:38.404,54.199,0.2,0,0.0,"+  0.20  N  
","T: + 0.00 N
"
16:46:38.607,54.401,0.0,0,0.0,"+  0.00  N  
","T: + 0.00 N
"
16:46:38.818,54.612,0.0,0,0.0,"+  0.00  N  
","T: + 0.00 N
"
16:46:39.021,54.815,0.0,0,0.0,"+  0.00  N  
","T: + 0.00 N
"
16:46:39.224,55.018,0.0,0,0.0,"+  0.00  N  
","T: + 0.00 N
"
16:46:39.426,55.22,0.0,0,0.0,"+  0.00  N  
","T: + 0.00 N
"
16:46:39.629,55.423,0.0,0,0.0,"+  0.00  N  
","T: + 0.00 N
"
16:46:39.834,55.628,0.0,0,0.0,"+  0.00  N  
","T: + 0.00 N
"
16:46:40.036,55.831,0.2,0,0.0,"+  0.20  N  
","T: + 0.00 N
"
16:46:40.239,56.033,0.0,0,0.0,"+  0.00  N  
","T: + 0.00 N
"
16:46:40.442,56.236,0.0,0,0.0,"+  0.00  N  
","T: + 0.00 N
"
16:46:40.652,56.446,0.0,0,0.0,"+  0.00  N  
","T: + 0.00 N
"
16:46:40.855,56.649,0.0,0,0.0,"+  0.00  N  
","T: + 0.00 N
"
16:46:41.058,56.852,0.0,0,0.0,"+  0.00  N  
","T: + 0.00 N
"
16:46:41.262,57.056,0.0,0,0.0,"+  0.00  N  
","T: + 0.00 N
"
16:46:41.466,57.26,0.0,0,0.0,"+  0.00  N  
","T: + 0.00 N
"
16:46:41.670,57.464,0.0,0,0.0,"+  0.00  N  
","T: + 0.00 N
"
16:46:41.884,57.678,0.0,0,0.0,"+  0.00  N  
","T: + 0.00 N
"
16:46:42.088,57.883,0.0,0,0.0,"+  0.00  N  
","T: + 0.00 N
"
16:46:42.292,58.087,0.0,0,0.0,"+  0.00  N  
","T: + 0.00 N
"
16:46:42.504,58.298,0.0,0,0.0,"+  0.00  N  
","T: + 0.20 N
"
16:46:42.708,58.502,0.0,0,0.0,"+  0.00  N  
","T: + 0.00 N
"
16:46:42.912,58.706,0.0,0,0.0,"+  0.00  N  
","T: + 0.20 N
"
16:46:43.116,58.911,0.2,0,0.0,"+  0.20  N  
","T: + 0.00 N
"
16:46:43.320,59.115,0.0,0,0.0,"+  0.00  N  
","T: + 0.00 N
"
16:46:43.531,59.326,0.0,0,0.0,"+  0.00  N  
","T: + 0.20 N
"
16:46:43.736,59.53,0.2,0,0.0,"+  0.20  N  
","T: + 0.00 N
"
16:46:43.940,59.734,0.0,0,0.0,"+  0.00  N  
","T: + 0.20 N
"
16:46:44.157,59.951,0.0,0,0.0,"+  0.00  N  
","T: + 0.00 N
"
16:46:44.361,60.155,0.0,0,0.0,"+  0.00  N  
","T: + 0.20 N
"
16:46:44.565,60.36,0.0,0,0.0,"+  0.00  N  
","T: + 0.00 N
"
16:46:44.769,60.564,0.25,0,0.0,"+  0.25  N  
","T: + 0.00 N
"
16:46:44.973,60.767,0.2,0,0.0,"+  0.20  N  
","T: + 0.00 N
"
16:46:45.189,60.984,0.0,0,0.0,"+  0.00  N  
","T: + 0.00 N
"
16:46:45.393,61.188,0.0,0,0.0,"+  0.00  N  
","T: + 0.00 N
"
16:46:45.598,61.392,0.0,0,0.0,"+  0.00  N  
","T: + 0.20 N
"
16:46:45.814,61.609,0.2,0,0.0,"+  0.20  N  
","T: + 0.00 N
"
16:46:46.019,61.813,0.25,0,0.0,"+  0.25  N  
","T: + 0.00 N
"
16:46:46.223,62.017,0.0,0,0.0,"+  0.00  N  
","T: + 0.20 N
"
16:46:46.440,62.234,0.2,0,0.0,"+  0.20  N  
","T: + 0.00 N
"
16:46:46.644,62.439,0.0,0,0.0,"+  0.00  N  
","T: + 0.00 N
"
16:46:46.848,62.643,0.2,0,0.0,"+  0.20  N  
","T: + 0.20 N
"
16:46:47.061,62.855,0.2,0,0.0,"+  0.20  N  
","T: + 0.20 N
"
16:46:47.266,63.06,0.2,0,0.0,"+  0.20  N  
","T: + 0.20 N
"
16:46:47.469,63.264,0.0,0,0.0,"+  0.00  N  
","T: + 0.20 N
"
16:46:47.677,63.472,0.25,0,0.0,"+  0.25  N  
","T: + 0.20 N
"
16:46:47.881,63.676,0.2,0,0.0,"+  0.20  N  
","T: + 0.25 N
"
16:46:48.086,63.881,0.2,0,0.0,"+  0.20  N  
","T: + 0.20 N
"
16:46:48.302,64.096,0.3,0,0.0,"+  0.30  N  
","T: + 0.20 N
"
16:46:48.506,64.3,0.2,0,0.0,"+  0.20  N  
","T: + 0.25 N
"
16:46:48.710,64.504,0.25,0,0.0,"+  0.25  N  
","T: + 0.25 N
"
16:46:48.914,64.708,0.3,0,0.0,"+  0.30  N  
","T: + 0.00 N
"
16:46:49.118,64.913,0.25,0,0.0,"+  0.25  N  
","T: + 0.20 N
"
16:46:49.335,65.129,0.2,0,0.0,"+  0.20  N  
","T: + 0.25 N
"
16:46:49.539,65.333,0.2,0,0.0,"+  0.20  N  
","T: + 0.25 N
"
16:46:49.744,65.538,0.25,0,0.0,"+  0.25  N  
","T: + 0.30 N
"
16:46:49.962,65.756,0.2,0,0.0,"+  0.20  N  
","T: + 0.20 N
"
16:46:50.166,65.961,0.3,0,0.0,"+  0.30  N  
","T: + 0.20 N
"
16:46:50.371,66.165,0.3,0,0.0,"+  0.30  N  
","T: + 0.25 N
"
16:46:50.587,66.381,0.25,0,0.0,"+  0.25  N  
","T: + 0.25 N
"
16:46:50.791,66.585,0.25,0,0.0,"+  0.25  N  
","T: + 0.25 N
"
16:46:50.995,66.789,0.2,0,0.0,"+  0.20  N  
","T: + 0.25 N
"
16:46:51.211,67.005,0.2,0,0.0,"+  0.20  N  
","T: + 0.20 N
"
16:46:51.415,67.209,0.25,0,0.0,"+  0.25  N  
","T: + 0.20 N
"
16:46:51.619,67.414,0.0,0,0.0,"+  0.00  N  
","T: + 0.35 N
"
16:46:51.836,67.63,0.3,0,0.0,"+  0.30  N  
","T: + 0.25 N
"
16:46:52.038,67.833,0.2,0,0.0,"+  0.20  N  
","T: + 0.25 N
"
16:46:52.241,68.035,0.25,0,0.0,"+  0.25  N  
","T: + 0.25 N
"
16:46:52.444,68.238,0.25,0,0.0,"+  0.25  N  
","T: + 0.20 N
"
16:46:52.653,68.448,0.2,0,0.0,"+  0.20  N  
","T: + 0.30 N
"
16:46:52.856,68.65,0.25,0,0.0,"+  0.25  N  
","T: + 0.20 N
"
16:46:53.059,68.853,0.25,0,0.0,"+  0.25  N  
","T: + 0.20 N
"
16:46:53.262,69.056,0.2,0,0.0,"+  0.20  N  
","T: + 0.25 N
"
16:46:53.464,69.258,0.2,0,0.0,"+  0.20  N  
","T: + 0.20 N
"
16:46:53.669,69.464,0.25,0,0.0,"+  0.25  N  
","T: + 0.00 N
"
16:46:53.872,69.666,0.0,0,0.0,"+  0.00  N  
","T: + 0.25 N
"
16:46:54.079,69.874,0.2,0,0.0,"+  0.20  N  
","T: + 0.00 N
"
16:46:54.282,70.076,0.25,0,0.0,"+  0.25  N  
","T: + 0.25 N
"
16:46:54.490,70.284,0.2,0,0.0,"+  0.20  N  
","T: + 0.25 N
"
16:46:54.692,70.487,0.2,0,0.0,"+  0.20  N  
","T: + 0.25 N
"
16:46:54.895,70.69,0.2,0,0.0,"+  0.20  N  
","T: + 0.20 N
"
16:46:55.098,70.892,0.2,0,0.0,"+  0.20  N  
","T: + 0.20 N
"
16:46:55.300,71.095,0.25,0,0.0,"+  0.25  N  
","T: + 0.25 N
"
16:46:55.506,71.301,0.25,0,0.0,"+  0.25  N  
","T: + 0.20 N
"
16:46:55.709,71.503,0.2,0,0.0,"+  0.20  N  
","T: + 0.25 N
"
16:46:55.912,71.706,0.2,0,0.0,"+  0.20  N  
","T: + 0.30 N
"
16:46:56.114,71.909,0.2,0,0.0,"+  0.20  N  
","T: + 0.25 N
"
16:46:56.317,72.111,0.25,0,0.0,"+  0.25  N  
",
16:46:56.523,72.318,0.0,0,0.0,"+  0.00  N  
","C: - 0.00 N
"
16:46:56.727,72.522,0.0,0,0.0,"-  0.00  N  
","T: + 0.00 N
"
16:46:56.932,72.726,0.0,0,0.0,"+  0.00  N  
","C: - 0.00 N
"
16:46:57.136,72.93,0.0,0,0.0,"+  0.00  N  
","T: + 0.00 N
"
16:46:57.340,73.134,0.0,0,0.0,"-  0.00  N  
","T: + 0.00 N
"
16:46:57.547,73.341,0.0,0,0.0,"-  0.00  N  
","T: + 0.00 N
"
16:46:57.751,73.545,0.0,0,0.0,"-  0.00  N  
","C: - 0.00 N
"
16:46:57.955,73.749,0.0,0,0.0,"+  0.00  N  
","C: - 0.00 N
"
16:46:58.160,73.954,0.0,0,0.0,"-  0.00  N  
","T: + 0.00 N
"
16:46:58.364,74.159,0.0,0,0.0,"+  0.00  N  
","C: - 0.00 N
"
16:46:58.578,74.372,0.0,0,0.0,"+  0.00  N  
","C: - 0.00 N
"
16:46:58.783,74.577,0.0,0,0.0,"-  0.00  N  
","T: + 0.00 N
"
16:46:58.987,74.781,0.0,0,0.0,"-  0.00  N  
","C: - 0.00 N
"
16:46:59.191,74.985,0.0,0,0.0,"-  0.00  N  
","C: - 0.00 N
"
16:46:59.396,75.19,0.0,0,0.0,"+  0.00  N  
","C: - 0.00 N
"
16:46:59.610,75.405,0.0,0,0.0,"-  0.00  N  
","C: - 0.00 N
"
16:46:59.814,75.609,0.0,0,0.0,"-  0.00  N  
","C: - 0.00 N
"
16:47:00.018,75.813,0.0,0,0.0,"-  0.00  N  
","C: - 0.00 N
"
16:47:00.234,76.028,0.0,0,0.0,"-  0.00  N  
","C: - 0.00 N
"
16:47:00.438,76.232,0.0,0,0.0,"-  0.00  N  
","T: + 0.00 N
"
16:47:00.642,76.437,0.0,0,0.0,"+  0.00  N  
","C: - 0.00 N
"
16:47:00.860,76.654,0.0,0,0.0,"-  0.00  N  
","C: - 0.00 N
"
16:47:01.064,76.858,0.0,0,0.0,"+  0.00  N  
","T: + 0.00 N
"
16:47:01.268,77.063,0.0,0,0.0,"-  0.00  N  
","C: - 0.00 N
"
16:47:01.484,77.279,0.0,0,0.0,"-  0.00  N  
","C: - 0.00 N
"
16:47:01.688,77.482,0.0,0,0.0,"-  0.00  N  
","C: - 0.00 N
"
16:47:01.892,77.687,0.0,0,0.0,"-  0.00  N  
","C: - 0.00 N
"
16:47:02.110,77.904,0.0,0,0.0,"-  0.00  N  
","C: - 0.00 N
"
16:47:02.314,78.108,0.0,0,0.0,"-  0.00  N  
","C: - 0.00 N
"
16:47:02.518,78.312,0.0,0,0.0,"+  0.00  N  
","C: - 0.00 N
"
16:47:02.733,78.527,0.0,0,0.0,"-  0.00  N  
","C: - 0.00 N
"
16:47:02.938,78.732,0.0,0,0.0,"-  0.00  N  
","T: + 0.00 N
"
16:47:03.142,78.936,0.0,0,0.0,"-  0.00  N  
","C: - 0.00 N
"
16:47:03.355,79.15,0.0,0,0.0,"+  0.00  N  
","C: - 0.00 N
"
16:47:03.560,79.354,0.0,0,0.0,"-  0.00  N  
","C: - 0.00 N
"
16:47:03.764,79.558,0.0,0,0.0,"-  0.00  N  
","T: + 0.00 N
"
16:47:03.968,79.762,0.0,0,0.0,"+  0.00  N  
","T: + 0.00 N
"
16:47:04.172,79.966,0.0,0,0.0,"-  0.00  N  
","C: - 0.00 N
"
16:47:04.388,80.183,0.0,0,0.0,"-  0.00  N  
","C: - 0.00 N
"
16:47:04.592,80.387,0.0,0,0.0,"-  0.00  N  
","T: + 0.00 N
"
16:47:04.796,80.591,0.0,0,0.0,"-  0.00  N  
","C: - 0.00 N
"
16:47:05.015,80.809,0.0,0,0.0,"-  0.00  N  
","C: - 0.00 N
"
16:47:05.219,81.013,0.0,0,0.0,"-  0.00  N  
","C: - 0.00 N
"
16:47:05.423,81.217,0.0,0,0.0,"-  0.00  N  
","C: - 0.00 N
"
16:47:05.627,81.422,0.0,0,0.0,"-  0.00  N  
","C: - 0.00 N
"
16:47:05.832,81.626,0.0,0,0.0,"-  0.00  N  
","T: + 0.00 N
"
16:47:06.036,81.83,0.0,0,0.0,"-  0.00  N  
","C: - 0.00 N
"
16:47:06.240,82.034,0.0,0,0.0,"-  0.00  N  
","C: - 0.00 N
"
16:47:06.456,82.25,0.0,0,0.0,"-  0.00  N  
","C: - 0.00 N
"
16:47:06.660,82.455,0.0,0,0.0,"-  0.00  N  
","T: + 0.00 N
"
16:47:06.864,82.659,0.0,0,0.0,"-  0.00  N  
","C: - 0.00 N
"
16:47:07.084,82.878,0.0,0,0.0,"+  0.00  N  
","T: + 0.00 N
"
16:47:07.288,83.082,0.0,0,0.0,"+  0.00  N  
","C: - 0.00 N
"
16:47:07.491,83.286,0.0,0,0.0,"+  0.00  N  
","T: + 0.00 N
"
16:47:07.694,83.488,0.0,0,0.0,"-  0.00  N  
","C: - 0.00 N
"
16:47:07.896,83.69,0.0,0,0.0,"-  0.00  N  
","T: + 0.00 N
"
16:47:08.099,83.893,0.0,0,0.0,"-  0.00  N  
","C: - 0.00 N
"
16:47:08.301,84.096,0.0,0,0.0,"-  0.00  N  
","C: - 0.00 N
"
16:47:08.512,84.307,0.0,0,0.0,"-  0.00  N  
","T: + 0.00 N
"
16:47:08.715,84.509,0.0,0,0.0,"+  0.00  N  
","C: - 0.00 N
"
16:47:08.918,84.712,0.0,0,0.0,"-  0.00  N  
","C: - 0.00 N
"
16:47:09.121,84.915,0.0,0,0.0,"-  0.00  N  
","T: + 0.00 N
"
16:47:09.332,85.126,0.0,0,0.0,"-  0.00  N  
","C: - 0.00 N
"
16:47:09.535,85.329,0.0,0,0.0,"+  0.00  N  
","T: + 0.00 N
"
16:47:09.737,85.532,0.0,0,0.0,"-  0.00  N  
","C: - 0.00 N
"
16:47:09.940,85.734,0.0,0,0.0,"+  0.00  N  
","C: - 0.00 N
"
16:47:10.142,85.936,0.0,0,0.0,"-  0.00  N  
","C: - 0.00 N
"
16:47:10.348,86.142,0.0,0,0.0,"+  0.00  N  
","C: - 0.00 N
"
16:47:10.551,86.345,0.0,0,0.0,"-  0.00  N  
","C: - 0.00 N
"
16:47:10.753,86.548,0.0,0,0.0,"-  0.00  N  
","C: - 0.00 N
"
16:47:10.956,86.751,0.0,0,0.0,"-  0.00  N  
","T: + 0.00 N
"
16:47:11.167,86.961,0.0,0,0.0,"+  0.00  N  
","T: + 0.00 N
"
16:47:11.370,87.164,0.0,0,0.0,"+  0.00  N  
","C: - 0.00 N
"
16:47:11.572,87.367,0.0,0,0.0,"+  0.00  N  
","C: - 0.00 N
"
16:47:11.775,87.569,0.0,0,0.0,"-  0.00  N  
","T: + 0.00 N
"
16:47:11.986,87.781,0.0,0,0.0,"-  0.00  N  
","C: - 0.00 N
"
16:47:12.189,87.983,0.0,56,33.6,"+  0.00  N  
","T: + 0.00 N
"
16:47:12.392,88.186,0.0,18,10.8,"+  0.00  N  
","T: + 0.00 N
"
16:47:12.597,88.391,0.0,0,0.0,"+  0.00  N  
","T: + 0.00 N
"
16:47:12.801,88.595,0.0,0,0.0,"+  0.00  N  
","T: + 0.00 N
"
16:47:13.020,88.815,0.0,0,0.0,"+  0.00  N  
","T: + 0.00 N
"
16:47:13.224,89.019,0.0,0,0.0,"+  0.00  N  
","T: + 0.00 N
"
16:47:13.428,89.223,0.0,0,0.0,"-  0.00  N  
","T: + 0.00 N
"
16:47:13.647,89.442,0.0,0,0.0,"+  0.00  N  
","C: - 0.00 N
"
16:47:13.852,89.646,0.0,0,0.0,"+  0.00  N  
","T: + 0.00 N
"
16:47:14.056,89.85,0.0,0,0.0,"+  0.00  N  
","C: - 0.00 N
"
16:47:14.260,90.054,0.0,0,0.0,"+  0.00  N  
","T: + 0.00 N
"
16:47:14.464,90.259,0.0,0,0.0,"+  0.00  N  
","C: - 0.00 N
"
16:47:14.678,90.473,0.0,0,0.0,"+  0.00  N  
","T: + 0.00 N
"
16:47:14.883,90.677,0.0,0,0.0,"+  0.00  N  
","T: + 0.00 N
"
16:47:15.089,90.883,0.0,0,0.0,"+  0.00  N  
","T: + 0.00 N
"
16:47:15.304,91.098,0.0,0,0.0,"+  0.00  N  
","T: + 0.00 N
"
16:47:15.508,91.302,0.0,0,0.0,"+  0.00  N  
","T: + 0.00 N
"
16:47:15.712,91.506,0.0,0,0.0,"+  0.00  N  
","T: + 0.00 N
"
16:47:15.929,91.723,0.0,0,0.0,"+  0.00  N  
","T: + 0.00 N
"
16:47:16.133,91.927,0.0,0,0.0,"+  0.00  N  
","T: + 0.00 N
"
16:47:16.337,92.131,0.0,0,0.0,"+  0.00  N  
","T: + 0.00 N
"
16:47:16.541,92.335,0.0,0,0.0,"+  0.00  N  
","T: + 0.00 N
"
16:47:16.763,92.557,0.0,0,0.0,"+  0.00  N  
","T: + 0.00 N
"
16:47:16.966,92.76,0.0,0,0.0,"+  0.00  N  
","T: + 0.00 N
"
16:47:17.169,92.963,0.0,0,0.0,"+  0.00  N  
","T: + 0.00 N
"
16:47:17.371,93.166,0.0,0,0.0,"+  0.00  N  
","T: + 0.00 N
"
16:47:17.576,93.371,0.0,0,0.0,"+  0.00  N  
","T: + 0.00 N
"
16:47:17.779,93.573,0.0,0,0.0,"+  0.00  N  
","T: + 0.00 N
"
16:47:17.982,93.776,0.0,0,0.0,"+  0.00  N  
","T: + 0.00 N
"
16:47:18.184,93.978,0.0,0,0.0,"+  0.00  N  
","T: + 0.00 N
"
16:47:18.387,94.181,0.0,0,0.0,"+  0.00  N  
","T: + 0.00 N
"
16:47:18.592,94.386,0.0,0,0.0,"-  0.00  N  
","C: - 0.00 N
"
16:47:18.795,94.589,0.0,0,0.0,"+  0.00  N  
","T: + 0.00 N
"
16:47:18.998,94.792,0.0,0,0.0,"+  0.00  N  
","T: + 0.00 N
"
16:47:19.200,94.994,0.0,0,0.0,"+  0.00  N  
","T: + 0.00 N
"
16:47:19.411,95.206,0.0,0,0.0,"+  0.00  N  
","T: + 0.00 N
"
16:47:19.615,95.409,0.0,0,0.0,"+  0.00  N  
","T: + 0.00 N
"
16:47:19.818,95.612,0.0,0,0.0,"+  0.00  N  
","T: + 0.00 N
"
16:47:20.020,95.814,0.0,0,0.0,"+  0.00  N  
","T: + 0.00 N
"
16:47:20.223,96.017,0.0,0,0.0,"-  0.00  N  
","T: + 0.00 N
"
16:47:20.429,96.224,0.0,0,0.0,"+  0.00  N  
","T: + 0.00 N
"
16:47:20.632,96.426,0.0,0,0.0,"+  0.00  N  
","T: + 0.00 N
"
16:47:20.834,96.629,0.0,0,0.0,"+  0.00  N  
","C: - 0.00 N
"
16:47:21.037,96.831,0.0,0,0.0,"+  0.00  N  
","T: + 0.00 N
"
16:47:21.239,97.034,0.0,0,0.0,"+  0.00  N  
","T: + 0.00 N
"
16:47:21.456,97.25,0.0,0,0.0,"+  0.00  N  
","T: + 0.00 N
"
16:47:21.659,97.453,0.0,0,0.0,"+  0.00  N  
","T: + 0.00 N
"
16:47:21.863,97.657,0.0,0,0.0,"+  0.00  N  
","C: - 0.00 N
"
16:47:22.074,97.869,0.0,0,0.0,"-  0.00  N  
","T: + 0.00 N
"
16:47:22.289,98.083,0.0,0,0.0,"+  0.00  N  
","T: + 0.00 N
"
16:47:22.493,98.287,0.0,0,0.0,"+  0.00  N  
","T: + 0.00 N
"
16:47:22.707,98.501,0.0,0,0.0,"+  0.00  N  
","T: + 0.00 N
"
16:47:22.911,98.706,0.0,0,0.0,"+  0.00  N  
","T: + 0.00 N
"
16:47:23.117,98.911,0.0,0,0.0,"+  0.00  N  
","T: + 0.00 N
"
16:47:23.334,99.129,0.0,0,0.0,"+  0.00  N  
","T: + 0.00 N
"
16:47:23.553,99.348,0.0,0,0.0,"+  0.00  N  
","T: + 0.00 N
"
16:47:23.757,99.552,0.0,0,0.0,"+  0.00  N  
","C: - 0.00 N
"
16:47:23.962,99.756,0.0,0,0.0,"+  0.00  N  
","C: - 0.00 N
"
16:47:24.179,99.974,0.0,0,0.0,"+  0.00  N  
","T: + 0.00 N
"
16:47:24.389,100.183,0.0,0,0.0,"+  0.00  N  
","T: + 0.00 N
"
16:47:24.592,100.386,0.0,0,0.0,"+  0.00  N  
","T: + 0.00 N
"
16:47:24.794,100.588,0.0,0,0.0,"+  0.00  N  
","T: + 0.00 N
"
16:47:24.997,100.791,0.0,0,0.0,"+  0.00  N  
","T: + 0.00 N
"
16:47:25.199,100.994,0.0,0,0.0,"+  0.00  N  
","C: - 0.00 N
"
16:47:25.405,101.199,0.0,0,0.0,"+  0.00  N  
","T: + 0.00 N
"
16:47:25.608,101.402,0.0,0,0.0,"+  0.00  N  
","T: + 0.00 N
"
16:47:25.811,101.605,0.0,0,0.0,"+  0.00  N  
","T: + 0.00 N
"
16:47:26.013,101.807,0.0,0,0.0,"+  0.00  N  
","T: + 0.00 N
"
16:47:26.224,102.019,0.0,0,0.0,"+  0.00  N  
","T: + 0.00 N
"
16:47:26.427,102.221,0.0,0,0.0,"+  0.00  N  
","C: - 0.00 N
"
16:47:26.630,102.424,0.0,0,0.0,"+  0.00  N  
","T: + 0.00 N
"
16:47:26.833,102.627,0.0,0,0.0,"-  0.00  N  
","T: + 0.00 N
"
16:47:27.044,102.838,0.0,0,0.0,"+  0.00  N  
","T: + 0.00 N
"
16:47:27.246,103.041,0.0,0,0.0,"+  0.00  N  
","T: + 0.00 N
"
16:47:27.449,103.243,0.0,179,107.4,"+  0.00  N  
","C: - 0.00 N
"
16:47:27.652,103.446,0.2,672,403.2,"+  0.20  N  
","T: + 2.10 N
"
16:47:27.855,103.649,4.45,880,528.0,"+  4.45  N  
","T: + 5.85 N
"
16:47:28.060,103.855,5.95,888,532.8,"+  5.95  N  
","T: + 6.05 N
"
16:47:28.264,104.058,7.0,836,501.6,"+  7.00  N  
","T: + 5.90 N
"
16:47:28.468,104.262,7.1,842,505.2,"+  7.10  N  
","T: + 7.25 N
"
16:47:28.670,104.465,7.15,848,508.8,"+  7.15  N  
","T: + 7.70 N
"
16:47:28.873,104.667,7.1,825,495.0,"+  7.10  N  
","T: + 8.20 N
"
16:47:29.082,104.877,7.4,849,509.4,"+  7.40  N  
","T: + 7.80 N
"
16:47:29.286,105.08,8.0,884,530.4,"+  8.00  N  
","T: + 7.75 N
"
16:47:29.504,105.298,8.15,1133,679.8,"+  8.15  N  
","T: + 9.15 N
"
16:47:29.708,105.502,12.6,1250,750.0,"+ 12.60  N  
","T: + 14.55 N
"
16:47:29.912,105.707,14.05,1255,753.0,"+ 14.05  N  
","T: + 15.45 N
"
16:47:30.132,105.926,15.3,1323,793.8,"+ 15.30  N  
","T: + 15.55 N
"
16:47:30.337,106.131,16.05,1229,737.4,"+ 16.05  N  
","T: + 14.90 N
"
16:47:30.541,106.336,15.4,1291,774.6,"+ 15.40  N  
","T: + 15.30 N
"
16:47:30.757,106.551,15.0,1297,778.2,"+ 15.00  N  
","T: + 15.45 N
"
16:47:30.961,106.756,15.4,1235,741.0,"+ 15.40  N  
","T: + 15.45 N
"
16:47:31.166,106.96,16.0,1239,743.4,"+ 16.00  N  
","T: + 14.85 N
"
16:47:31.370,107.165,14.8,1250,750.0,"+ 14.80  N  
","T: + 15.50 N
"
16:47:31.575,107.369,15.15,1236,741.6,"+ 15.15  N  
","T: + 15.05 N
"
16:47:31.789,107.584,14.85,1307,784.2,"+ 14.85  N  
","T: + 14.45 N
"
16:47:31.994,107.788,14.9,1231,738.6,"+ 14.90  N  
","T: + 14.85 N
"
16:47:32.198,107.992,15.6,1257,754.2,"+ 15.60  N  
","T: + 16.30 N
"
16:47:32.412,108.206,14.75,1291,774.6,"+ 14.75  N  
","T: + 15.40 N
"
16:47:32.617,108.411,15.4,1229,737.4,"+ 15.40  N  
","T: + 14.10 N
"
16:47:32.821,108.615,15.75,1246,747.6,"+ 15.75  N  
","T: + 15.50 N
"
16:47:33.025,108.82,15.4,1246,747.6,"+ 15.40  N  
","T: + 15.85 N
"
16:47:33.230,109.024,14.7,1231,738.6,"+ 14.70  N  
","T: + 15.30 N
"
16:47:33.444,109.238,15.15,1292,775.2,"+ 15.15  N  
","T: + 14.95 N
"
16:47:33.648,109.442,15.35,1214,728.4,"+ 15.35  N  
","T: + 15.30 N
"
16:47:33.853,109.647,14.55,1271,762.6,"+ 14.55  N  
","T: + 15.30 N
"
16:47:34.070,109.865,14.75,1308,784.8,"+ 14.75  N  
","T: + 14.40 N
"
16:47:34.275,110.069,15.4,1222,733.2,"+ 15.40  N  
","T: + 14.60 N
"
16:47:34.479,110.273,14.75,1245,747.0,"+ 14.75  N  
","T: + 15.20 N
"
16:47:34.688,110.482,14.3,1255,753.0,"+ 14.30  N  
","T: + 14.80 N
"
16:47:34.892,110.687,15.6,1221,732.6,"+ 15.60  N  
","T: + 14.80 N
"
16:47:35.097,110.892,14.75,1227,736.2,"+ 14.75  N  
","T: + 14.65 N
"
16:47:35.315,111.109,15.2,1317,790.2,"+ 15.20  N  
","T: + 15.15 N
"
16:47:35.519,111.313,14.85,1243,745.8,"+ 14.85  N  
","T: + 14.65 N
"
16:47:35.723,111.518,14.9,1212,727.2,"+ 14.90  N  
","T: + 15.45 N
"
16:47:35.928,111.722,15.35,1221,732.6,"+ 15.35  N  
","T: + 15.35 N
"
16:47:36.132,111.927,16.05,1239,743.4,"+ 16.05  N  
","T: + 15.15 N
"
16:47:36.345,112.139,15.1,1292,775.2,"+ 15.10  N  
","T: + 15.60 N
"
16:47:36.550,112.344,14.55,1223,733.8,"+ 14.55  N  
","T: + 15.35 N
"
16:47:36.755,112.549,15.0,1229,737.4,"+ 15.00  N  
","T: + 14.45 N
"
16:47:36.972,112.766,15.9,1294,776.4,"+ 15.90  N  
","T: + 15.05 N
"
16:47:37.176,112.971,14.85,1239,743.4,"+ 14.85  N  
","T: + 14.80 N
"
16:47:37.381,113.175,14.7,1293,775.8,"+ 14.70  N  
","T: + 15.35 N
"
16:47:37.599,113.393,16.35,1472,883.2,"+ 16.35  N  
","T: + 16.60 N
"
16:47:37.803,113.597,16.3,1387,832.2,"+ 16.30  N  
","T: + 17.95 N
"
16:47:38.008,113.802,17.7,1354,812.4,"+ 17.70  N  
","T: + 16.60 N
"
16:47:38.227,114.021,15.95,1512,907.2,"+ 15.95  N  
","T: + 16.00 N
"
16:47:38.431,114.225,16.75,1342,805.2,"+ 16.75  N  
","T: + 16.95 N
"
16:47:38.636,114.43,17.05,1391,834.6,"+ 17.05  N  
","T: + 16.55 N
"
16:47:38.854,114.648,15.95,1465,879.0,"+ 15.95  N  
","T: + 16.85 N
"
16:47:39.059,114.853,15.8,1363,817.8,"+ 15.80  N  
","T: + 16.40 N
"
16:47:39.263,115.058,16.95,1406,843.6,"+ 16.95  N  
","T: + 16.50 N
"
16:47:39.478,115.272,16.9,1402,841.2,"+ 16.90  N  
","T: + 16.10 N
"
16:47:39.682,115.477,16.3,1387,832.2,"+ 16.30  N  
","T: + 16.60 N
"
16:47:39.887,115.681,17.45,1380,828.0,"+ 17.45  N  
","T: + 17.00 N
"
16:47:40.104,115.898,15.8,1449,869.4,"+ 15.80  N  
","T: + 16.05 N
"
16:47:40.309,116.103,16.3,1396,837.6,"+ 16.30  N  
","T: + 16.55 N
"
16:47:40.513,116.307,15.8,1347,808.2,"+ 15.80  N  
","T: + 16.30 N
"
16:47:40.729,116.523,16.8,1462,877.2,"+ 16.80  N  
","T: + 16.05 N
"
16:47:40.933,116.728,16.65,1362,817.2,"+ 16.65  N  
","T: + 16.35 N
"
16:47:41.139,116.934,15.8,1375,825.0,"+ 15.80  N  
","T: + 16.40 N
"
16:47:41.357,117.151,15.8,1480,888.0,"+ 15.80  N  
","T: + 16.30 N
"
16:47:41.561,117.355,16.75,1356,813.6,"+ 16.75  N  
","T: + 16.20 N
"
16:47:41.766,117.56,16.75,1365,819.0,"+ 16.75  N  
","T: + 16.30 N
"
16:47:41.985,117.779,16.05,1454,872.4,"+ 16.05  N  
","T: + 16.80 N
"
16:47:42.189,117.984,16.4,1357,814.2,"+ 16.40  N  
","T: + 15.70 N
"
16:47:42.394,118.188,15.5,1374,824.4,"+ 15.50  N  
","T: + 15.60 N
"
16:47:42.599,118.393,16.45,1367,820.2,"+ 16.45  N  
","T: + 16.35 N
"
16:47:42.803,118.597,15.9,1365,819.0,"+ 15.90  N  
","T: + 16.25 N
"
16:47:43.019,118.813,15.2,1456,873.6,"+ 15.20  N  
","T: + 16.25 N
"
16:47:43.223,119.018,16.55,1353,811.8,"+ 16.55  N  
","T: + 16.25 N
"
16:47:43.428,119.222,16.45,1350,810.0,"+ 16.45  N  
","T: + 16.70 N
"
16:47:43.643,119.437,16.15,1445,867.0,"+ 16.15  N  
","T: + 16.60 N
"
16:47:43.848,119.642,16.2,1374,824.4,"+ 16.20  N  
","T: + 15.10 N
"
16:47:44.052,119.846,15.7,1390,834.0,"+ 15.70  N  
","T: + 15.95 N
"
16:47:44.269,120.063,15.6,1432,859.2,"+ 15.60  N  
","T: + 16.25 N
"
16:47:44.476,120.27,16.1,1390,834.0,"+ 16.10  N  
","T: + 15.80 N
"
16:47:44.678,120.473,15.75,1352,811.2,"+ 15.75  N  
","T: + 15.90 N
"
16:47:44.881,120.675,16.35,1334,800.4,"+ 16.35  N  
","T: + 15.90 N
"
16:47:45.084,120.878,15.95,1392,835.2,"+ 15.95  N  
","T: + 16.10 N
"
16:47:45.287,121.081,15.35,1357,814.2,"+ 15.35  N  
","T: + 16.75 N
"
16:47:45.497,121.292,16.35,1510,906.0,"+ 16.35  N  
","T: + 17.00 N
"
16:47:45.700,121.494,16.9,1466,879.6,"+ 16.90  N  
","T: + 16.85 N
"
16:47:45.903,121.697,17.45,1451,870.6,"+ 17.45  N  
","T: + 16.80 N
"
16:47:46.106,121.9,16.75,1464,878.4,"+ 16.75  N  
","T: + 17.30 N
"
16:47:46.308,122.103,17.4,1430,858.0,"+ 17.40  N  
","T: + 17.50 N
"
16:47:46.517,122.312,17.35,1518,910.8,"+ 17.35  N  
","T: + 17.15 N
"
16:47:46.720,122.515,17.3,1430,858.0,"+ 17.30  N  
","T: + 17.55 N
"
16:47:46.923,122.717,17.6,1478,886.8,"+ 17.60  N  
","T: + 17.60 N
"
16:47:47.126,122.921,16.6,1441,864.6,"+ 16.60  N  
","T: + 16.60 N
"
16:47:47.329,123.123,16.95,1457,874.2,"+ 16.95  N  
","T: + 17.15 N
"
16:47:47.537,123.331,17.65,1483,889.8,"+ 17.65  N  
","T: + 17.15 N
"
16:47:47.740,123.534,17.05,1451,870.6,"+ 17.05  N  
","T: + 16.50 N
"
16:47:47.943,123.737,16.25,1449,869.4,"+ 16.25  N  
","T: + 17.15 N
"
16:47:48.146,123.94,17.5,1449,869.4,"+ 17.50  N  
","T: + 17.10 N
"
16:47:48.348,124.143,17.15,1466,879.6,"+ 17.15  N  
","T: + 17.00 N
"
16:47:48.556,124.35,16.95,1479,887.4,"+ 16.95  N  
","T: + 17.40 N
"
16:47:48.759,124.553,17.15,1460,876.0,"+ 17.15  N  
","T: + 17.05 N
"
16:47:48.961,124.756,17.15,1423,853.8,"+ 17.15  N  
","T: + 16.60 N
"
16:47:49.165,124.96,16.5,1478,886.8,"+ 16.50  N  
","T: + 16.45 N
"
16:47:49.370,125.165,16.6,1434,860.4,"+ 16.60  N  
","T: + 16.70 N
"
16:47:49.577,125.371,16.85,1488,892.8,"+ 16.85  N  
","T: + 17.25 N
"
16:47:49.792,125.586,16.75,1522,913.2,"+ 16.75  N  
","T: + 16.55 N
"
16:47:49.996,125.79,16.45,1476,885.6,"+ 16.45  N  
","T: + 17.00 N
"
16:47:50.201,125.995,16.8,1444,866.4,"+ 16.80  N  
","T: + 16.60 N
"
16:47:50.418,126.212,16.6,1568,940.8,"+ 16.60  N  
","T: + 16.50 N
"
16:47:50.624,126.419,17.4,1440,864.0,"+ 17.40  N  
","T: + 16.75 N
"
16:47:50.827,126.621,15.9,1488,892.8,"+ 15.90  N  
","T: + 15.70 N
"
16:47:51.030,126.824,16.25,1406,843.6,"+ 16.25  N  
","T: + 16.80 N
"
16:47:51.233,127.027,16.6,1480,888.0,"+ 16.60  N  
","T: + 16.60 N
"
16:47:51.440,127.234,16.85,1472,883.2,"+ 16.85  N  
","T: + 16.25 N
"
16:47:51.643,127.437,16.95,1455,873.0,"+ 16.95  N  
","T: + 17.00 N
"
16:47:51.845,127.64,16.8,1456,873.6,"+ 16.80  N  
","T: + 16.55 N
"
16:47:52.048,127.843,16.85,1427,856.2,"+ 16.85  N  
","T: + 16.85 N
"
16:47:52.251,128.045,16.5,1461,876.6,"+ 16.50  N  
","T: + 16.60 N
"
16:47:52.462,128.256,16.4,1466,879.6,"+ 16.40  N  
","T: + 15.90 N
"
16:47:52.664,128.459,16.7,1472,883.2,"+ 16.70  N  
","T: + 16.70 N
"
16:47:52.867,128.661,16.7,1397,838.2,"+ 16.70  N  
","T: + 16.40 N
"
16:47:53.070,128.865,16.05,1479,887.4,"+ 16.05  N  
","T: + 16.35 N
"
16:47:53.273,129.067,16.4,1409,845.4,"+ 16.40  N  
","T: + 16.85 N
"
16:47:53.476,129.27,16.55,1430,858.0,"+ 16.55  N  
","T: + 16.40 N
"
16:47:53.683,129.477,16.4,1494,896.4,"+ 16.40  N  
","T: + 16.10 N
"
16:47:53.886,129.68,16.4,1158,694.8,"+ 16.40  N  
","T: + 16.70 N
"
16:47:54.089,129.883,11.8,318,190.8,"+ 11.80  N  
","T: + 4.55 N
"
16:47:54.291,130.086,7.9,108,64.8,"+  7.90  N  
","T: + 9.10 N
"
16:47:54.494,130.288,7.3,14,8.4,"+  7.30  N  
","T: + 8.95 N
"
16:47:54.697,130.491,8.5,3,1.8,"+  8.50  N  
","T: + 8.15 N
"
16:47:54.899,130.694,8.75,3,1.8,"+  8.75  N  
","T: + 8.00 N
"
16:47:55.102,130.896,8.55,0,0.0,"+  8.55  N  
","T: + 8.55 N
"
16:47:55.311,131.106,8.55,0,0.0,"+  8.55  N  
","T: + 8.70 N
"
16:47:55.515,131.309,8.3,0,0.0,"+  8.30  N  
","T: + 8.65 N
"
16:47:55.719,131.513,8.55,0,0.0,"+  8.55  N  
","T: + 8.65 N
"
16:47:55.935,131.729,8.7,0,0.0,"+  8.70  N  
","T: + 8.60 N
"
16:47:56.139,131.933,8.7,0,0.0,"+  8.70  N  
","T: + 8.55 N
"
16:47:56.343,132.138,8.7,0,0.0,"+  8.70  N  
","T: + 8.55 N
"
16:47:56.560,132.354,8.75,0,0.0,"+  8.75  N  
","T: + 8.70 N
"
16:47:56.764,132.559,8.75,0,0.0,"+  8.75  N  
","T: + 8.75 N
"
16:47:56.969,132.763,8.65,0,0.0,"+  8.65  N  
","T: + 8.80 N
"
16:47:57.186,132.98,8.75,0,0.0,"+  8.75  N  
","T: + 8.75 N
"
16:47:57.390,133.184,8.7,0,0.0,"+  8.70  N  
","T: + 8.75 N
"
16:47:57.594,133.388,8.75,0,0.0,"+  8.75  N  
","T: + 8.80 N
"
16:47:57.798,133.593,8.8,0,0.0,"+  8.80  N  
","T: + 8.80 N
"
16:47:58.002,133.797,8.75,0,0.0,"+  8.75  N  
","T: + 8.85 N
"
16:47:58.215,134.009,8.8,0,0.0,"+  8.80  N  
","T: + 8.80 N
"
16:47:58.419,134.213,8.8,0,0.0,"+  8.80  N  
","T: + 8.85 N
"
16:47:58.623,134.417,8.8,0,0.0,"+  8.80  N  
","T: + 8.80 N
"
16:47:58.837,134.632,8.8,0,0.0,"+  8.80  N  
","T: + 8.90 N
"
16:47:59.042,134.836,8.8,0,0.0,"+  8.80  N  
","T: + 8.75 N
"
16:47:59.246,135.04,8.8,0,0.0,"+  8.80  N  
","T: + 8.80 N
"
16:47:59.463,135.257,8.85,0,0.0,"+  8.85  N  
","T: + 8.85 N
"
16:47:59.667,135.461,8.8,0,0.0,"+  8.80  N  
","T: + 8.80 N
"
16:47:59.871,135.666,8.85,0,0.0,"+  8.85  N  
","T: + 8.95 N
"
16:48:00.076,135.87,8.9,0,0.0,"+  8.90  N  
","T: + 8.80 N
"
16:48:00.280,136.074,8.85,0,0.0,"+  8.85  N  
","T: + 8.85 N
"
16:48:00.488,136.282,8.9,0,0.0,"+  8.90  N  
","T: + 8.80 N
"
16:48:00.692,136.486,8.9,0,0.0,"+  8.90  N  
","T: + 8.90 N
"
16:48:00.896,136.691,8.85,0,0.0,"+  8.85  N  
","T: + 8.95 N
"
16:48:01.113,136.908,8.85,0,0.0,"+  8.85  N  
","T: + 8.90 N
"
16:48:01.318,137.112,8.9,0,0.0,"+  8.90  N  
","T: + 8.85 N
"
16:48:01.522,137.316,8.9,0,0.0,"+  8.90  N  
","T: + 8.95 N
"
16:48:01.738,137.533,8.9,0,0.0,"+  8.90  N  
","T: + 8.90 N
"
16:48:01.943,137.737,8.9,0,0.0,"+  8.90  N  
","T: + 8.90 N
"
16:48:02.147,137.941,8.85,0,0.0,"+  8.85  N  
","T: + 8.95 N
"
16:48:02.351,138.145,8.9,0,0.0,"+  8.90  N  
","T: + 8.90 N
"
16:48:02.555,138.35,8.95,0,0.0,"+  8.95  N  
","T: + 8.90 N
"
16:48:02.772,138.566,8.9,0,0.0,"+  8.90  N  
","T: + 8.90 N
"
16:48:02.976,138.77,8.95,0,0.0,"+  8.95  N  
","T: + 8.95 N
"
16:48:03.180,138.975,8.9,0,0.0,"+  8.90  N  
","T: + 8.90 N
"
16:48:03.397,139.191,8.9,0,0.0,"+  8.90  N  
","T: + 9.00 N
"
16:48:03.601,139.396,8.95,0,0.0,"+  8.95  N  
","T: + 8.90 N
"
16:48:03.805,139.6,8.9,0,0.0,"+  8.90  N  
","T: + 9.00 N
"
16:48:04.018,139.813,8.9,0,0.0,"+  8.90  N  
","T: + 8.90 N
"
16:48:04.223,140.017,8.85,0,0.0,"+  8.85  N  
","T: + 8.90 N
"
16:48:04.427,140.221,8.95,0,0.0,"+  8.95  N  
","T: + 9.00 N
"
16:48:04.640,140.435,8.95,0,0.0,"+  8.95  N  
","T: + 8.95 N
"
16:48:04.844,140.638,8.9,0,0.0,"+  8.90  N  
","T: + 8.90 N
"
16:48:05.048,140.842,8.9,0,0.0,"+  8.90  N  
","T: + 9.00 N
"
16:48:05.252,141.046,8.95,0,0.0,"+  8.95  N  
","T: + 8.85 N
"
16:48:05.456,141.25,8.95,0,0.0,"+  8.95  N  
","T: + 9.00 N
"
16:48:05.665,141.46,8.95,0,0.0,"+  8.95  N  
","T: + 9.00 N
"
16:48:05.869,141.664,8.9,0,0.0,"+  8.90  N  
","T: + 8.90 N
"
16:48:06.086,141.881,9.0,0,0.0,"+  9.00  N  
","T: + 8.95 N
"
16:48:06.290,142.085,8.95,0,0.0,"+  8.95  N  
","T: + 8.95 N
"
16:48:06.495,142.289,9.0,0,0.0,"+  9.00  N  
","T: + 8.95 N
"
16:48:06.699,142.493,8.95,0,0.0,"+  8.95  N  
","T: + 8.90 N
"
16:48:06.911,142.706,8.95,0,0.0,"+  8.95  N  
","T: + 8.90 N
"
16:48:07.116,142.91,9.05,0,0.0,"+  9.05  N  
","T: + 9.00 N
"
16:48:07.320,143.114,9.0,0,0.0,"+  9.00  N  
","T: + 9.00 N
"
16:48:07.537,143.331,8.9,0,0.0,"+  8.90  N  
","T: + 8.95 N
"
16:48:07.741,143.535,8.9,0,0.0,"+  8.90  N  
","T: + 8.95 N
"
16:48:07.945,143.739,8.95,0,0.0,"+  8.95  N  
","T: + 8.90 N
"
16:48:08.164,143.958,8.9,0,0.0,"+  8.90  N  
","T: + 8.95 N
"
16:48:08.368,144.162,9.0,0,0.0,"+  9.00  N  
","T: + 8.95 N
"
16:48:08.572,144.366,8.95,0,0.0,"+  8.95  N  
","T: + 8.95 N
"
16:48:08.777,144.571,8.95,0,0.0,"+  8.95  N  
","T: + 8.95 N
"
16:48:08.981,144.776,8.95,0,0.0,"+  8.95  N  
","T: + 9.00 N
"
16:48:09.199,144.993,8.95,0,0.0,"+  8.95  N  
","T: + 8.85 N
"
16:48:09.404,145.198,8.95,0,0.0,"+  8.95  N  
","T: + 8.95 N
"
16:48:09.609,145.403,8.95,0,0.0,"+  8.95  N  
","T: + 8.95 N
"
16:48:09.813,145.607,9.0,0,0.0,"+  9.00  N  
","T: + 9.00 N
"
16:48:10.017,145.812,8.9,0,0.0,"+  8.90  N  
","T: + 8.90 N
"
16:48:10.236,146.03,8.95,0,0.0,"+  8.95  N  
","T: + 9.00 N
"
16:48:10.439,146.234,8.95,0,0.0,"+  8.95  N  
","T: + 8.95 N
"
16:48:10.642,146.436,8.95,0,0.0,"+  8.95  N  
","T: + 9.00 N
"
16:48:10.845,146.639,9.0,0,0.0,"+  9.00  N  
","T: + 9.00 N
"
16:48:11.047,146.841,8.95,0,0.0,"+  8.95  N  
","T: + 8.95 N
"
16:48:11.256,147.05,9.0,0,0.0,"+  9.00  N  
","T: + 8.95 N
"
16:48:11.458,147.253,8.95,0,0.0,"+  8.95  N  
","T: + 8.95 N
"
16:48:11.661,147.456,8.95,0,0.0,"+  8.95  N  
","T: + 8.95 N
"
16:48:11.864,147.658,8.95,0,0.0,"+  8.95  N  
","T: + 8.85 N
"
16:48:12.075,147.87,8.9,0,0.0,"+  8.90  N  
","T: + 8.85 N
"
16:48:12.278,148.072,8.75,0,0.0,"+  8.75  N  
","T: + 8.75 N
"
16:48:12.480,148.275,8.75,0,0.0,"+  8.75  N  
","T: + 8.65 N
"
16:48:12.683,148.477,8.7,0,0.0,"+  8.70  N  
","T: + 8.70 N
"
16:48:12.886,148.68,8.65,0,0.0,"+  8.65  N  
","T: + 8.65 N
"
16:48:13.092,148.886,8.6,0,0.0,"+  8.60  N  
","T: + 8.65 N
"
16:48:13.295,149.089,8.5,0,0.0,"+  8.50  N  
","T: + 8.55 N
"
16:48:13.497,149.292,8.6,0,0.0,"+  8.60  N  
","T: + 8.55 N
"
16:48:13.700,149.494,8.4,0,0.0,"+  8.40  N  
","T: + 8.35 N
"
16:48:13.902,149.697,8.35,0,0.0,"+  8.35  N  
","T: + 8.40 N
"
16:48:14.108,149.902,8.25,0,0.0,"+  8.25  N  
","T: + 8.40 N
"
16:48:14.310,150.105,8.25,0,0.0,"+  8.25  N  
","T: + 8.25 N
"
16:48:14.513,150.307,8.25,0,0.0,"+  8.25  N  
","T: + 8.20 N
"
16:48:14.715,150.51,7.8,3,1.8,"+  7.80  N  
","T: + 7.85 N
"
16:48:14.918,150.712,7.8,0,0.0,"+  7.80  N  
","T: + 5.65 N
"
16:48:15.123,150.918,4.35,0,0.0,"+  4.35  N  
","T: + 3.75 N
"
16:48:15.326,151.12,3.8,0,0.0,"+  3.80  N  
","T: + 3.75 N
"
16:48:15.530,151.324,2.1,0,0.0,"+  2.10  N  
","T: + 0.80 N
"
16:48:15.734,151.528,0.85,0,0.0,"+  0.85  N  
","T: + 1.00 N
"
16:48:15.938,151.733,0.95,0,0.0,"+  0.95  N  
","T: + 1.05 N
"
16:48:16.142,151.937,1.15,0,0.0,"+  1.15  N  
","T: + 1.25 N
"
16:48:16.356,152.15,1.25,0,0.0,"+  1.25  N  
","T: + 1.25 N
"
16:48:16.560,152.354,1.4,0,0.0,"+  1.40  N  
","T: + 1.50 N
"
16:48:16.765,152.559,1.4,0,0.0,"+  1.40  N  
","T: + 1.45 N
"
16:48:16.969,152.764,1.4,0,0.0,"+  1.40  N  
","T: + 1.45 N
"
16:48:17.174,152.968,1.45,0,0.0,"+  1.45  N  
","T: + 1.45 N
"
16:48:17.378,153.172,1.5,0,0.0,"+  1.50  N  
","T: + 1.55 N
"
16:48:17.582,153.376,1.55,0,0.0,"+  1.55  N  
","T: + 0.80 N
"
16:48:17.798,153.592,0.0,0,0.0,"+  0.00  N  
","T: + 0.20 N
"
16:48:18.002,153.796,0.25,0,0.0,"+  0.25  N  
","T: + 0.25 N
"
16:48:18.206,154.0,0.2,0,0.0,"+  0.20  N  
","T: + 0.30 N
"
16:48:18.417,154.211,0.3,0,0.0,"+  0.30  N  
","T: + 0.35 N
"
16:48:18.621,154.416,0.45,0,0.0,"+  0.45  N  
","T: + 0.35 N
"
16:48:18.826,154.62,0.45,0,0.0,"+  0.45  N  
","T: + 0.35 N
"
16:48:19.044,154.838,0.45,0,0.0,"+  0.45  N  
","T: + 0.45 N
"
16:48:19.248,155.042,0.45,0,0.0,"+  0.45  N  
","T: + 0.40 N
"
16:48:19.452,155.247,0.45,0,0.0,"+  0.45  N  
","T: + 0.45 N
"
16:48:19.668,155.462,0.55,0,0.0,"+  0.55  N  
","T: + 0.50 N
"
16:48:19.872,155.666,0.55,0,0.0,"+  0.55  N  
","T: + 0.45 N
"
16:48:20.077,155.871,0.5,0,0.0,"+  0.50  N  
","T: + 0.50 N
"
16:48:20.296,156.091,0.6,0,0.0,"+  0.60  N  
","T: + 0.55 N
"
16:48:20.501,156.295,0.45,0,0.0,"+  0.45  N  
","T: + 0.55 N
"
16:48:20.705,156.499,0.35,0,0.0,"+  0.35  N  
","C: - 0.00 N
"
16:48:20.909,156.703,0.0,0,0.0,"-  0.00  N  
","C: - 0.00 N
"
16:48:21.113,156.908,0.0,0,0.0,"-  0.00  N  
","T: + 0.00 N
"
16:48:21.316,157.11,0.0,0,0.0,"+  0.00  N  
","T: + 0.00 N
"
16:48:21.519,157.313,0.0,0,0.0,"+  0.00  N  
","T: + 0.00 N
"
16:48:21.730,157.524,0.0,0,0.0,"+  0.00  N  
","T: + 0.00 N
"
16:48:21.932,157.727,0.0,0,0.0,"+  0.00  N  
","T: + 0.00 N
"
16:48:22.135,157.93,0.0,0,0.0,"+  0.00  N  
","T: + 0.00 N
"
16:48:22.338,158.132,0.0,0,0.0,"+  0.00  N  
","T: + 0.00 N
"
16:48:22.549,158.343,0.25,0,0.0,"+  0.25  N  
","T: + 0.00 N
"
16:48:22.752,158.546,0.0,0,0.0,"+  0.00  N  
","T: + 0.00 N
"
16:48:22.955,158.749,0.0,0,0.0,"+  0.00  N  
","T: + 0.00 N
"
16:48:23.157,158.952,0.2,0,0.0,"+  0.20  N  
","T: + 0.00 N
"
16:48:23.368,159.163,0.2,0,0.0,"+  0.20  N  
","T: + 0.00 N
"
16:48:23.571,159.365,0.0,0,0.0,"+  0.00  N  
","T: + 0.00 N
"
16:48:23.774,159.568,0.0,0,0.0,"+  0.00  N  
","T: + 0.25 N
"
16:48:23.976,159.771,0.0,0,0.0,"+  0.00  N  
","T: + 0.00 N
"
16:48:24.179,159.973,0.2,0,0.0,"+  0.20  N  
","T: + 0.20 N
"
16:48:24.388,160.182,0.2,0,0.0,"+  0.20  N  
","T: + 0.20 N
"
16:48:24.590,160.384,0.2,0,0.0,"+  0.20  N  
","T: + 0.00 N
"
16:48:24.793,160.587,0.2,0,0.0,"+  0.20  N  
","T: + 0.20 N
"
16:48:24.995,160.79,0.2,0,0.0,"+  0.20  N  
","T: + 0.20 N
"
16:48:25.198,160.992,0.25,0,0.0,"+  0.25  N  
","T: + 0.00 N
"
16:48:25.403,161.197,0.0,0,0.0,"+  0.00  N  
","T: + 0.00 N
"
16:48:25.606,161.4,0.0,0,0.0,"+  0.00  N  
","T: + 0.00 N
"
16:48:25.809,161.603,0.0,0,0.0,"+  0.00  N  
","T: + 0.20 N
"
16:48:26.012,161.806,0.0,0,0.0,"+  0.00  N  
","T: + 0.00 N
"
16:48:26.216,162.01,0.2,0,0.0,"+  0.20  N  
","T: + 0.20 N
"
16:48:26.419,162.213,0.2,0,0.0,"+  0.20  N  
","T: + 0.00 N
"
16:48:26.621,162.415,0.3,0,0.0,"+  0.30  N  
","T: + 0.25 N
"
16:48:26.823,162.618,0.2,0,0.0,"+  0.20  N  
","T: + 0.00 N
"
16:48:27.026,162.82,0.2,0,0.0,"+  0.20  N  
","T: + 0.25 N
"
16:48:27.234,163.029,0.0,0,0.0,"+  0.00  N  
","T: + 0.25 N
"
16:48:27.437,163.231,0.25,0,0.0,"+  0.25  N  
","T: + 0.25 N
"
16:48:27.640,163.434,0.0,0,0.0,"+  0.00  N  
","T: + 0.25 N
"
16:48:27.842,163.636,0.3,0,0.0,"+  0.30  N  
","T: + 0.20 N
"
16:48:28.053,163.848,0.3,0,0.0,"+  0.30  N  
","T: + 0.20 N
"
16:48:28.256,164.051,0.0,0,0.0,"+  0.00  N  
","T: + 0.20 N
"
16:48:28.459,164.254,0.2,0,0.0,"+  0.20  N  
","T: + 0.20 N
"
16:48:28.662,164.456,0.3,0,0.0,"+  0.30  N  
","T: + 0.20 N
"
16:48:28.873,164.667,0.2,0,0.0,"+  0.20  N  
","T: + 0.20 N
"
16:48:29.079,164.874,0.2,0,0.0,"+  0.20  N  
","T: + 0.35 N
"
16:48:29.282,165.076,0.3,0,0.0,"+  0.30  N  
","T: + 0.20 N
"
16:48:29.484,165.278,0.25,0,0.0,"+  0.25  N  
","T: + 0.25 N
"
16:48:29.692,165.486,0.25,0,0.0,"+  0.25  N  
","T: + 0.20 N
"
16:48:29.895,165.689,0.3,0,0.0,"+  0.30  N  
","T: + 0.25 N
"
16:48:30.097,165.892,0.25,0,0.0,"+  0.25  N  
","T: + 0.30 N
"
16:48:30.300,166.094,0.25,0,0.0,"+  0.25  N  
","T: + 0.35 N
"
16:48:30.511,166.306,0.3,0,0.0,"+  0.30  N  
","T: + 0.30 N
"
16:48:30.714,166.508,0.3,0,0.0,"+  0.30  N  
","T: + 0.35 N
"
16:48:30.917,166.711,0.3,0,0.0,"+  0.30  N  
","T: + 0.35 N
"
16:48:31.120,166.914,0.35,0,0.0,"+  0.35  N  
","T: + 0.25 N
"
16:48:31.331,167.125,0.4,0,0.0,"+  0.40  N  
","T: + 0.40 N
"
16:48:31.536,167.33,0.25,0,0.0,"+  0.25  N  
","T: + 0.25 N
"
16:48:31.740,167.535,0.35,0,0.0,"+  0.35  N  
","T: + 0.35 N
"
16:48:31.944,167.739,0.25,0,0.0,"+  0.25  N  
","T: + 0.30 N
"
16:48:32.148,167.943,0.25,0,0.0,"+  0.25  N  
","T: + 0.35 N
"
16:48:32.353,168.147,0.35,0,0.0,"+  0.35  N  
","T: + 0.35 N
"
16:48:32.557,168.352,0.35,0,0.0,"+  0.35  N  
","T: + 0.35 N
"
16:48:32.773,168.567,0.25,0,0.0,"+  0.25  N  
","T: + 0.35 N
"
16:48:32.977,168.771,0.3,0,0.0,"+  0.30  N  
","T: + 0.35 N
"
16:48:33.181,168.975,0.35,0,0.0,"+  0.35  N  
","T: + 0.30 N
"
16:48:33.395,169.189,0.25,0,0.0,"+  0.25  N  
","T: + 0.35 N
"
16:48:33.599,169.393,0.35,0,0.0,"+  0.35  N  
","T: + 0.30 N
"
16:48:33.803,169.597,0.25,0,0.0,"+  0.25  N  
","T: + 0.35 N
"
16:48:34.017,169.811,0.35,0,0.0,"+  0.35  N  
","T: + 0.40 N
"
16:48:34.234,170.028,0.35,0,0.0,"+  0.35  N  
","T: + 0.35 N
"
16:48:34.438,170.233,0.35,0,0.0,"+  0.35  N  
","T: + 0.40 N
"
16:48:34.642,170.437,0.35,0,0.0,"+  0.35  N  
","T: + 0.30 N
"
16:48:34.861,170.655,0.3,0,0.0,"+  0.30  N  
","T: + 0.40 N
"
16:48:35.065,170.86,0.35,0,0.0,"+  0.35  N  
","T: + 0.35 N
"
16:48:35.270,171.064,0.35,0,0.0,"+  0.35  N  
","T: + 0.35 N
"
16:48:35.474,171.268,0.3,0,0.0,"+  0.30  N  
","T: + 0.30 N
"
16:48:35.678,171.472,0.45,0,0.0,"+  0.45  N  
","T: + 0.35 N
"
16:48:35.882,171.676,0.3,0,0.0,"+  0.30  N  
","T: + 0.35 N
"
16:48:36.087,171.881,0.35,0,0.0,"+  0.35  N  
","T: + 0.35 N
"
16:48:36.301,172.095,0.4,0,0.0,"+  0.40  N  
","T: + 0.35 N
"
16:48:36.505,172.3,0.3,0,0.0,"+  0.30  N  
","T: + 0.35 N
"
16:48:36.709,172.504,0.3,0,0.0,"+  0.30  N  
","T: + 0.30 N
"
16:48:36.918,172.713,0.35,0,0.0,"+  0.35  N  
","T: + 0.35 N
"
16:48:37.121,172.915,0.3,0,0.0,"+  0.30  N  
","T: + 0.30 N
"
16:48:37.324,173.118,0.3,0,0.0,"+  0.30  N  
","T: + 0.35 N
"
16:48:37.527,173.321,0.35,0,0.0,"+  0.35  N  
","T: + 0.40 N
"
16:48:37.738,173.532,0.25,0,0.0,"+  0.25  N  
","T: + 0.35 N
"
16:48:37.940,173.735,0.45,0,0.0,"+  0.45  N  
","T: + 0.45 N
"
16:48:38.143,173.938,0.4,0,0.0,"+  0.40  N  
","T: + 0.40 N
"
16:48:38.346,174.14,0.4,0,0.0,"+  0.40  N  
","T: + 0.40 N
"
16:48:38.548,174.343,0.45,0,0.0,"+  0.45  N  
","T: + 0.35 N
"
16:48:38.754,174.548,0.3,0,0.0,"+  0.30  N  
","T: + 0.40 N
"
16:48:38.957,174.751,0.4,0,0.0,"+  0.40  N  
","T: + 0.40 N
"
16:48:39.160,174.954,0.4,0,0.0,"+  0.40  N  
","T: + 0.40 N
"
16:48:39.363,175.157,0.4,0,0.0,"+  0.40  N  
","T: + 0.35 N
"
16:48:39.574,175.369,0.35,0,0.0,"+  0.35  N  
","T: + 0.30 N
"
16:48:39.777,175.571,0.3,0,0.0,"+  0.30  N  
","T: + 0.35 N
"
16:48:39.980,175.774,0.35,0,0.0,"+  0.35  N  
","T: + 0.35 N
"
16:48:40.182,175.977,0.25,0,0.0,"+  0.25  N  
","T: + 0.35 N
"
16:48:40.393,176.188,0.35,0,0.0,"+  0.35  N  
","T: + 0.35 N
"
16:48:40.596,176.39,0.3,0,0.0,"+  0.30  N  
","T: + 0.35 N
"
16:48:40.799,176.593,0.2,0,0.0,"+  0.20  N  
","T: + 0.35 N
"
16:48:41.001,176.795,0.25,0,0.0,"+  0.25  N  
","T: + 0.25 N
"
16:48:41.213,177.007,0.25,0,0.0,"+  0.25  N  
","T: + 0.35 N
"
16:48:41.416,177.21,0.35,0,0.0,"+  0.35  N  
","T: + 0.35 N
"
16:48:41.619,177.413,0.25,0,0.0,"+  0.25  N  
","T: + 0.30 N
"
16:48:41.823,177.617,0.3,0,0.0,"+  0.30  N  
","T: + 0.35 N
"
16:48:42.027,177.821,0.4,0,0.0,"+  0.40  N  
","T: + 0.35 N
"
16:48:42.241,178.035,0.45,0,0.0,"+  0.45  N  
","T: + 0.55 N
"
16:48:42.445,178.239,0.4,0,0.0,"+  0.40  N  
","T: + 0.40 N
"
16:48:42.649,178.443,0.45,0,0.0,"+  0.45  N  
","T: + 0.45 N
"
16:48:42.853,178.648,0.4,0,0.0,"+  0.40  N  
","T: + 0.45 N
"
16:48:43.057,178.852,0.45,0,0.0,"+  0.45  N  
","T: + 0.45 N
"
16:48:43.273,179.068,0.5,0,0.0,"+  0.50  N  
","T: + 0.40 N
"
16:48:43.478,179.272,0.35,0,0.0,"+  0.35  N  
","T: + 0.40 N
"
16:48:43.682,179.476,0.4,0,0.0,"+  0.40  N  
","T: + 0.45 N
"
16:48:43.886,179.681,0.45,0,0.0,"+  0.45  N  
","T: + 0.35 N
"
16:48:44.091,179.885,0.4,0,0.0,"+  0.40  N  
","T: + 0.35 N
"
16:48:44.304,180.098,0.4,0,0.0,"+  0.40  N  
","T: + 0.40 N
"
16:48:44.508,180.303,0.4,0,0.0,"+  0.40  N  
","T: + 0.40 N
"
16:48:44.713,180.507,0.5,0,0.0,"+  0.50  N  
","T: + 0.40 N
"
16:48:44.917,180.712,0.4,0,0.0,"+  0.40  N  
","T: + 0.40 N
"
16:48:45.121,180.916,0.4,0,0.0,"+  0.40  N  
","T: + 0.35 N
"
16:48:45.334,181.128,0.35,0,0.0,"+  0.35  N  
","T: + 0.35 N
"
16:48:45.538,181.333,0.35,0,0.0,"+  0.35  N  
","T: + 0.35 N
"
16:48:45.743,181.537,0.25,0,0.0,"+  0.25  N  
","T: + 0.35 N
"
16:48:45.959,181.754,0.0,0,0.0,"+  0.00  N  
","T: + 0.25 N
"
16:48:46.164,181.958,0.0,0,0.0,"+  0.00  N  
","T: + 0.00 N
"
16:48:46.369,182.163,0.0,0,0.0,"+  0.00  N  
","T: + 0.00 N
"
16:48:46.587,182.381,0.0,0,0.0,"+  0.00  N  
","T: + 0.00 N
"
16:48:46.791,182.585,0.0,0,0.0,"+  0.00  N  
","T: + 0.20 N
"
16:48:46.995,182.789,0.0,0,0.0,"+  0.00  N  
","T: + 0.00 N
"
16:48:47.207,183.001,0.0,0,0.0,"+  0.00  N  
","T: + 0.00 N
"
16:48:47.409,183.203,0.0,0,0.0,"+  0.00  N  
","T: + 0.20 N
"
16:48:47.615,183.409,0.0,0,0.0,"+  0.00  N  
","T: + 0.30 N
"
16:48:47.818,183.612,0.0,0,0.0,"+  0.00  N  
","T: + 0.00 N
"
16:48:48.021,183.815,0.2,0,0.0,"+  0.20  N  
","T: + 0.25 N
"
16:48:48.223,184.017,0.0,0,0.0,"+  0.00  N  
","T: + 0.00 N
"
16:48:48.435,184.229,0.2,0,0.0,"+  0.20  N  
","T: + 0.20 N
"
16:48:48.637,184.431,0.2,0,0.0,"+  0.20  N  
","T: + 0.00 N
"
16:48:48.840,184.634,0.0,0,0.0,"+  0.00  N  
","T: + 0.00 N
"
16:48:49.043,184.837,0.0,0,0.0,"+  0.00  N  
","T: + 0.00 N
"
16:48:49.254,185.048,0.0,0,0.0,"+  0.00  N  
","T: + 0.00 N
"
16:48:49.457,185.251,0.0,0,0.0,"+  0.00  N  
","T: + 0.00 N
"
16:48:49.661,185.455,0.0,0,0.0,"+  0.00  N  
","T: + 0.00 N
"
16:48:49.864,185.658,0.0,0,0.0,"+  0.00  N  
","T: + 0.00 N
"
16:48:50.075,185.869,0.0,0,0.0,"+  0.00  N  
","T: + 0.00 N
"
16:48:50.277,186.072,0.0,0,0.0,"+  0.00  N  
","T: + 0.00 N
"
16:48:50.480,186.274,0.0,0,0.0,"+  0.00  N  
","T: + 0.00 N
"
16:48:50.683,186.477,0.0,0,0.0,"+  0.00  N  
","T: + 0.00 N
"
16:48:50.894,186.688,0.0,0,0.0,"+  0.00  N  
","T: + 0.00 N
"
16:48:51.096,186.89,0.0,0,0.0,"+  0.00  N  
","T: + 0.00 N
"
16:48:51.299,187.093,0.0,0,0.0,"+  0.00  N  
","T: + 0.00 N
"
16:48:51.501,187.296,0.0,0,0.0,"+  0.00  N  
","T: + 0.00 N
"
16:48:51.713,187.507,0.0,0,0.0,"+  0.00  N  
","T: + 0.00 N
"
16:48:51.915,187.709,0.0,0,0.0,"+  0.00  N  
","T: + 0.00 N
"
16:48:52.117,187.912,0.0,0,0.0,"+  0.00  N  
","T: + 0.00 N
"
16:48:52.321,188.115,0.0,0,0.0,"+  0.00  N  
","T: + 0.00 N
"
16:48:52.525,188.32,0.0,0,0.0,"+  0.00  N  
","T: + 0.00 N
"
16:48:52.734,188.528,0.0,0,0.0,"+  0.00  N  
","T: + 0.00 N
"
16:48:52.939,188.733,0.0,0,0.0,"+  0.00  N  
","T: + 0.00 N
"
16:48:53.143,188.938,0.0,0,0.0,"+  0.00  N  
","T: + 0.00 N
"
16:48:53.358,189.153,0.0,0,0.0,"+  0.00  N  
","T: + 0.20 N
"
16:48:53.563,189.357,0.0,0,0.0,"+  0.00  N  
","T: + 0.00 N
"
16:48:53.767,189.561,0.2,0,0.0,"+  0.20  N  
","T: + 0.00 N
"
16:48:53.983,189.778,0.2,0,0.0,"+  0.20  N  
","T: + 0.20 N
"
16:48:54.187,189.982,0.0,0,0.0,"+  0.00  N  
","T: + 0.25 N
"
16:48:54.392,190.186,0.25,0,0.0,"+  0.25  N  
","T: + 0.20 N
"
16:48:54.596,190.39,0.2,0,0.0,"+  0.20  N  
","T: + 0.20 N
"
16:48:54.800,190.595,0.2,0,0.0,"+  0.20  N  
","T: + 0.20 N
"
16:48:55.013,190.807,0.2,0,0.0,"+  0.20  N  
","T: + 0.25 N
"
16:48:55.218,191.012,0.25,0,0.0,"+  0.25  N  
","T: + 0.20 N
"
16:48:55.423,191.217,0.0,0,0.0,"+  0.00  N  
","T: + 0.00 N
"
16:48:55.633,191.427,0.25,0,0.0,"+  0.25  N  
","T: + 0.20 N
"
16:48:55.837,191.631,0.2,0,0.0,"+  0.20  N  
","T: + 0.25 N
"
16:48:56.041,191.835,0.0,0,0.0,"+  0.00  N  
","T: + 0.25 N
"
16:48:56.255,192.049,0.2,0,0.0,"+  0.20  N  
","T: + 0.25 N
"
16:48:56.459,192.253,0.2,0,0.0,"+  0.20  N  
","T: + 0.30 N
"
16:48:56.663,192.457,0.25,0,0.0,"+  0.25  N  
","T: + 0.25 N
"
16:48:56.882,192.676,0.25,0,0.0,"+  0.25  N  
","T: + 0.25 N
"
16:48:57.089,192.883,0.3,0,0.0,"+  0.30  N  
","T: + 0.25 N
"
16:48:57.293,193.088,0.3,0,0.0,"+  0.30  N  
","T: + 0.25 N
"
16:48:57.512,193.307,0.0,0,0.0,"+  0.00  N  
","T: + 0.25 N
"
16:48:57.716,193.51,0.0,0,0.0,"+  0.00  N  
","T: + 0.20 N
"
16:48:57.920,193.714,0.2,0,0.0,"+  0.20  N  
","T: + 0.20 N
"
16:48:58.138,193.932,0.3,0,0.0,"+  0.30  N  
","T: + 0.25 N
"
16:48:58.342,194.136,0.3,0,0.0,"+  0.30  N  
","T: + 0.30 N
"
16:48:58.557,194.352,0.3,0,0.0,"+  0.30  N  
","T: + 0.25 N
"
16:48:58.761,194.555,0.2,0,0.0,"+  0.20  N  
","T: + 0.30 N
"
16:48:58.965,194.759,0.25,0,0.0,"+  0.25  N  
","T: + 0.30 N
"
16:48:59.170,194.964,0.25,0,0.0,"+  0.25  N  
","T: + 0.25 N
"
16:48:59.387,195.181,0.25,0,0.0,"+  0.25  N  
",
16:48:59.609,195.404,0.0,0,0.0,"-  0.00  N  
","C: - 0.00 N
"
16:48:59.827,195.622,0.0,0,0.0,"-  0.00  N  
","C: - 0.00 N
"
16:49:00.033,195.828,0.0,0,0.0,"-  0.00  N  
","C: - 0.00 N
"
16:49:00.240,196.034,0.0,0,0.0,"+  0.00  N  
","T: + 0.00 N
"
16:49:00.442,196.237,0.0,0,0.0,"+  0.00  N  
","C: - 0.00 N
"
16:49:00.645,196.439,0.0,0,0.0,"-  0.00  N  
","T: + 0.00 N
"
16:49:00.848,196.642,0.0,0,0.0,"-  0.00  N  
","T: + 0.00 N
"
16:49:01.051,196.845,0.0,0,0.0,"+  0.00  N  
","C: - 0.00 N
"
16:49:01.255,197.049,0.0,0,0.0,"+  0.00  N  
","C: - 0.00 N
"
16:49:01.457,197.252,0.0,0,0.0,"-  0.00  N  
","C: - 0.00 N
"
16:49:01.660,197.454,0.0,0,0.0,"+  0.00  N  
","C: - 0.00 N
"
16:49:01.863,197.657,0.0,0,0.0,"-  0.00  N  
","C: - 0.00 N
"
16:49:02.066,197.86,0.0,0,0.0,"-  0.00  N  
","C: - 0.00 N
"
16:49:02.276,198.07,0.0,0,0.0,"+  0.00  N  
","C: - 0.00 N
"
16:49:02.478,198.273,0.0,0,0.0,"-  0.00  N  
","C: - 0.00 N
"
16:49:02.682,198.476,0.0,0,0.0,"-  0.00  N  
","C: - 0.00 N
"
16:49:02.885,198.679,0.0,0,0.0,"-  0.00  N  
","C: - 0.00 N
"
16:49:03.087,198.882,0.0,0,0.0,"-  0.00  N  
","T: + 0.00 N
"
16:49:03.297,199.091,0.0,0,0.0,"+  0.00  N  
","C: - 0.00 N
"
16:49:03.500,199.294,0.0,0,0.0,"-  0.00  N  
","C: - 0.00 N
"
16:49:03.702,199.497,0.0,0,0.0,"-  0.00  N  
","C: - 0.00 N
"
16:49:03.905,199.699,0.0,0,0.0,"-  0.00  N  
","C: - 0.00 N
"
16:49:04.107,199.902,0.0,0,0.0,"-  0.00  N  
","C: - 0.00 N
"
16:49:04.312,200.107,0.0,0,0.0,"-  0.00  N  
","C: - 0.00 N
"
16:49:04.530,200.325,0.0,0,0.0,"+  0.00  N  
","C: - 0.00 N
"
16:49:04.734,200.528,0.0,0,0.0,"+  0.00  N  
","C: - 0.00 N
"
16:49:04.937,200.731,0.0,0,0.0,"+  0.00  N  
","T: + 0.00 N
"
16:49:05.140,200.934,0.0,0,0.0,"-  0.00  N  
","T: + 0.00 N
"
16:49:05.356,201.15,0.0,0,0.0,"+  0.00  N  
","C: - 0.00 N
"
16:49:05.559,201.353,0.0,0,0.0,"+  0.00  N  
","T: + 0.00 N
"
16:49:05.765,201.559,0.0,0,0.0,"+  0.00  N  
","T: + 0.00 N
"
16:49:05.967,201.761,0.0,0,0.0,"-  0.00  N  
","T: + 0.00 N
"
16:49:06.170,201.964,0.0,0,0.0,"-  0.00  N  
","T: + 0.00 N
"
16:49:06.373,202.167,0.0,0,0.0,"+  0.00  N  
","T: + 0.00 N
"
16:49:06.586,202.381,0.0,0,0.0,"+  0.00  N  
","T: + 0.00 N
"
16:49:06.789,202.583,0.0,0,0.0,"+  0.00  N  
","T: + 0.00 N
"
16:49:06.992,202.786,0.0,0,0.0,"+  0.00  N  
","C: - 0.00 N
"
16:49:07.195,202.989,0.0,0,0.0,"+  0.00  N  
","T: + 0.00 N
"
16:49:07.397,203.191,0.0,0,0.0,"+  0.00  N  
","T: + 0.00 N
"
16:49:07.600,203.395,0.0,0,0.0,"+  0.00  N  
","T: + 0.00 N
"
16:49:07.811,203.605,0.0,0,0.0,"-  0.00  N  
","T: + 0.00 N
"
16:49:08.014,203.808,0.0,0,0.0,"-  0.00  N  
","C: - 0.00 N
"
16:49:08.217,204.011,0.0,0,0.0,"+  0.00  N  
","T: + 0.00 N
"
16:49:08.420,204.214,0.0,0,0.0,"+  0.00  N  
","C: - 0.00 N
"
16:49:08.622,204.417,0.0,0,0.0,"+  0.00  N  
","C: - 0.00 N
"
16:49:08.825,204.62,0.0,0,0.0,"+  0.00  N  
","T: + 0.00 N
"
16:49:09.033,204.827,0.0,0,0.0,"+  0.00  N  
","T: + 0.00 N
"
16:49:09.235,205.03,0.0,0,0.0,"+  0.00  N  
","T: + 0.00 N
"
16:49:09.438,205.232,0.0,0,0.0,"+  0.00  N  
","T: + 0.00 N
"
16:49:09.641,205.435,0.0,0,0.0,"+  0.00  N  
","T: + 0.00 N
"
16:49:09.843,205.638,0.0,0,0.0,"+  0.00  N  
","T: + 0.00 N
"
16:49:10.047,205.841,0.0,0,0.0,"+  0.00  N  
","T: + 0.00 N
"
16:49:10.250,206.044,0.0,0,0.0,"+  0.00  N  
","T: + 0.00 N
"
16:49:10.468,206.262,0.0,0,0.0,"+  0.00  N  
","T: + 0.00 N
"
16:49:10.670,206.465,0.0,0,0.0,"+  0.00  N  
","T: + 0.00 N
"
16:49:10.873,206.668,0.0,0,0.0,"+  0.00  N  
","C: - 0.00 N
"
16:49:11.081,206.875,0.0,0,0.0,"+  0.00  N  
","T: + 0.00 N
"
16:49:11.284,207.078,0.0,0,0.0,"+  0.00  N  
","T: + 0.00 N
"
16:49:11.487,207.281,0.0,0,0.0,"-  0.00  N  
","T: + 0.00 N
"
16:49:11.689,207.484,0.0,0,0.0,"+  0.00  N  
","T: + 0.00 N
"
16:49:11.892,207.686,0.0,0,0.0,"+  0.00  N  
","T: + 0.00 N
"
16:49:12.094,207.889,0.0,0,0.0,"+  0.00  N  
","C: - 0.00 N
"
16:49:12.297,208.091,0.0,0,0.0,"+  0.00  N  
","T: + 0.00 N
"
16:49:12.503,208.297,0.0,0,0.0,"+  0.00  N  
","T: + 0.00 N
"
16:49:12.706,208.5,0.0,0,0.0,"+  0.00  N  
","T: + 0.00 N
"
16:49:12.909,208.704,0.0,0,0.0,"-  0.00  N  
","T: + 0.00 N
"
16:49:13.112,208.906,0.0,0,0.0,"+  0.00  N  
","T: + 0.00 N
"
16:49:13.315,209.109,0.0,0,0.0,"+  0.00  N  
","T: + 0.00 N
"
16:49:13.517,209.312,0.0,0,0.0,"+  0.00  N  
","T: + 0.00 N
"
16:49:13.720,209.514,0.0,0,0.0,"+  0.00  N  
","T: + 0.00 N
"
16:49:13.929,209.723,0.0,0,0.0,"+  0.00  N  
","T: + 0.00 N
"
16:49:14.131,209.925,0.0,0,0.0,"+  0.00  N  
","T: + 0.00 N
"
16:49:14.334,210.128,0.0,0,0.0,"+  0.00  N  
","C: - 0.00 N
"
16:49:14.537,210.331,0.0,0,0.0,"+  0.00  N  
","T: + 0.00 N
"
16:49:14.740,210.534,0.0,0,0.0,"+  0.00  N  
","T: + 0.00 N
"
16:49:14.943,210.737,0.0,0,0.0,"+  0.00  N  
","T: + 0.00 N
"
16:49:15.145,210.94,0.0,0,0.0,"+  0.00  N  
","T: + 0.00 N
"
16:49:15.352,211.146,0.0,0,0.0,"+  0.00  N  
","C: - 0.00 N
"
16:49:15.561,211.355,0.0,0,0.0,"+  0.00  N  
","T: + 0.00 N
"
16:49:15.764,211.558,0.0,0,0.0,"+  0.00  N  
","T: + 0.00 N
"
16:49:15.969,211.764,0.0,0,0.0,"+  0.00  N  
","T: + 0.00 N
"
16:49:16.173,211.967,0.0,0,0.0,"+  0.00  N  
","T: + 0.00 N
"
16:49:16.375,212.17,0.0,0,0.0,"+  0.00  N  
","T: + 0.00 N
"
16:49:16.578,212.372,0.0,0,0.0,"+  0.00  N  
","T: + 0.00 N
"
16:49:16.781,212.575,0.0,0,0.0,"+  0.00  N  
","T: + 0.00 N
"
16:49:16.983,212.777,0.0,0,0.0,"+  0.00  N  
","T: + 0.00 N
"
16:49:17.186,212.98,0.0,0,0.0,"-  0.00  N  
","T: + 0.00 N
"
16:49:17.392,213.186,0.0,0,0.0,"-  0.00  N  
","T: + 0.00 N
"
16:49:17.596,213.39,0.0,0,0.0,"+  0.00  N  
","T: + 0.00 N
"
16:49:17.798,213.593,0.0,0,0.0,"+  0.00  N  
","T: + 0.00 N
"
16:49:18.001,213.796,0.0,0,0.0,"+  0.00  N  
","T: + 0.00 N
"
16:49:18.204,213.998,0.0,0,0.0,"+  0.00  N  
","T: + 0.00 N
"
16:49:18.406,214.201,0.0,0,0.0,"+  0.00  N  
","T: + 0.00 N
"
16:49:18.611,214.406,0.0,0,0.0,"+  0.00  N  
","T: + 0.00 N
"
16:49:18.816,214.61,0.0,0,0.0,"+  0.00  N  
","T: + 0.00 N
"
16:49:19.018,214.813,0.0,0,0.0,"+  0.00  N  
","T: + 0.00 N
"
16:49:19.221,215.015,0.0,0,0.0,"+  0.00  N  
","T: + 0.00 N
"
16:49:19.423,215.218,0.0,0,0.0,"-  0.00  N  
","T: + 0.00 N
"
16:49:19.626,215.42,0.0,0,0.0,"+  0.00  N  
","C: - 0.00 N
"
16:49:19.831,215.625,0.0,0,0.0,"+  0.00  N  
","T: + 0.00 N
"
16:49:20.033,215.828,0.0,0,0.0,"+  0.00  N  
","T: + 0.00 N
"
16:49:20.236,216.03,0.0,0,0.0,"-  0.00  N  
","T: + 0.00 N
"
16:49:20.439,216.233,0.0,0,0.0,"+  0.00  N  
","T: + 0.00 N
"
16:49:20.642,216.437,0.0,0,0.0,"+  0.00  N  
","T: + 0.00 N
"
16:49:20.846,216.641,0.0,0,0.0,"+  0.00  N  
","T: + 0.00 N
"
16:49:21.062,216.857,0.0,0,0.0,"+  0.00  N  
","T: + 0.00 N
"
16:49:21.266,217.061,0.0,0,0.0,"-  0.00  N  
","T: + 0.00 N
"
16:49:21.470,217.265,0.0,0,0.0,"-  0.00  N  
","T: + 0.00 N
"
16:49:21.682,217.476,0.0,0,0.0,"+  0.00  N  
","T: + 0.00 N
"
16:49:21.886,217.681,0.0,0,0.0,"+  0.00  N  
","T: + 0.00 N
"
16:49:22.091,217.885,0.0,0,0.0,"-  0.00  N  
","T: + 0.00 N
"
16:49:22.296,218.091,0.0,0,0.0,"-  0.00  N  
","C: - 0.00 N
"
16:49:22.500,218.295,0.0,0,0.0,"+  0.00  N  
","T: + 0.00 N
"
16:49:22.711,218.505,0.0,0,0.0,"+  0.00  N  
","T: + 0.00 N
"
16:49:22.915,218.709,0.0,0,0.0,"+  0.00  N  
","T: + 0.00 N
"
16:49:23.119,218.913,0.0,0,0.0,"+  0.00  N  
","T: + 0.00 N
"
16:49:23.331,219.126,0.0,0,0.0,"+  0.00  N  
","T: + 0.00 N
"
16:49:23.536,219.33,0.0,0,0.0,"+  0.00  N  
","T: + 0.00 N
"
16:49:23.740,219.534,0.0,0,0.0,"+  0.00  N  
","T: + 0.00 N
"
16:49:23.942,219.736,0.0,0,0.0,"-  0.00  N  
","T: + 0.00 N
"
16:49:24.152,219.946,0.0,0,0.0,"+  0.00  N  
","T: + 0.00 N
"
16:49:24.354,220.149,0.0,0,0.0,"-  0.00  N  
","T: + 0.00 N
"
16:49:24.558,220.352,0.0,0,0.0,"+  0.00  N  
","T: + 0.00 N
"
16:49:24.760,220.555,0.0,0,0.0,"+  0.00  N  
","T: + 0.00 N
"
16:49:24.963,220.757,0.0,0,0.0,"+  0.00  N  
","T: + 0.00 N
"
16:49:25.168,220.963,0.0,0,0.0,"+  0.00  N  
","T: + 0.00 N
"
16:49:25.371,221.165,0.0,0,0.0,"+  0.00  N  
","T: + 0.00 N
"
16:49:25.574,221.368,0.0,0,0.0,"+  0.00  N  
","T: + 0.00 N
"
16:49:25.777,221.571,0.0,0,0.0,"+  0.00  N  
","T: + 0.00 N
"
16:49:25.987,221.781,0.0,0,0.0,"+  0.00  N  
","T: + 0.00 N
"
16:49:26.190,221.984,0.0,0,0.0,"+  0.00  N  
","T: + 0.00 N
"
16:49:26.393,222.187,0.0,0,0.0,"+  0.00  N  
","T: + 0.00 N
"
16:49:26.596,222.39,0.0,0,0.0,"+  0.00  N  
","T: + 0.00 N
"
16:49:26.806,222.601,0.0,0,0.0,"-  0.00  N  
","T: + 0.00 N
"
16:49:27.009,222.804,0.0,66,39.6,"+  0.00  N  
","T: + 0.00 N
"
16:49:27.212,223.006,0.0,553,331.8,"+  0.00  N  
","T: + 1.55 N
"
16:49:27.415,223.209,3.8,831,498.6,"+  3.80  N  
","T: + 5.20 N
"
16:49:27.617,223.412,6.35,814,488.4,"+  6.35  N  
","T: + 6.05 N
"
16:49:27.825,223.619,6.5,853,511.8,"+  6.50  N  
","T: + 7.00 N
"
16:49:28.028,223.822,6.25,807,484.2,"+  6.25  N  
","T: + 7.40 N
"
16:49:28.231,224.025,6.5,818,490.8,"+  6.50  N  
","T: + 7.20 N
"
16:49:28.433,224.228,7.3,832,499.2,"+  7.30  N  
","T: + 6.75 N
"
16:49:28.636,224.43,8.0,848,508.8,"+  8.00  N  
","T: + 6.85 N
"
16:49:28.845,224.64,8.2,868,520.8,"+  8.20  N  
","T: + 7.45 N
"
16:49:29.049,224.844,7.5,972,583.2,"+  7.50  N  
","T: + 9.20 N
"
16:49:29.253,225.048,9.9,1174,704.4,"+  9.90  N  
","T: + 13.40 N
"
16:49:29.470,225.264,14.9,1278,766.8,"+ 14.90  N  
","T: + 14.65 N
"
16:49:29.688,225.482,15.45,1313,787.8,"+ 15.45  N  
","T: + 14.95 N
"
16:49:29.894,225.688,15.15,1243,745.8,"+ 15.15  N  
","T: + 15.75 N
"
16:49:30.098,225.892,14.55,1198,718.8,"+ 14.55  N  
","T: + 14.95 N
"
16:49:30.310,226.104,14.65,1245,747.0,"+ 14.65  N  
","T: + 14.55 N
"
16:49:30.514,226.308,15.3,1216,729.6,"+ 15.30  N  
","T: + 14.95 N
"
16:49:30.719,226.513,14.45,1263,757.8,"+ 14.45  N  
","T: + 14.45 N
"
16:49:30.936,226.731,14.5,1272,763.2,"+ 14.50  N  
","T: + 14.60 N
"
16:49:31.141,226.935,14.65,1224,734.4,"+ 14.65  N  
","T: + 14.40 N
"
16:49:31.345,227.139,14.7,1216,729.6,"+ 14.70  N  
","T: + 14.60 N
"
16:49:31.550,227.344,15.05,1240,744.0,"+ 15.05  N  
","T: + 15.25 N
"
16:49:31.754,227.549,14.85,1210,726.0,"+ 14.85  N  
","T: + 15.25 N
"
16:49:31.968,227.762,14.45,1259,755.4,"+ 14.45  N  
","T: + 14.50 N
"
16:49:32.172,227.966,14.55,1209,725.4,"+ 14.55  N  
","T: + 14.45 N
"
16:49:32.377,228.172,14.95,1243,745.8,"+ 14.95  N  
","T: + 14.70 N
"
16:49:32.594,228.389,14.25,1287,772.2,"+ 14.25  N  
","T: + 14.45 N
"
16:49:32.799,228.593,14.4,1213,727.8,"+ 14.40  N  
","T: + 14.70 N
"
16:49:33.003,228.797,14.85,1201,720.6,"+ 14.85  N  
","T: + 14.35 N
"
16:49:33.207,229.002,14.8,1223,733.8,"+ 14.80  N  
","T: + 14.20 N
"
16:49:33.413,229.207,14.15,1244,746.4,"+ 14.15  N  
","T: + 14.40 N
"
16:49:33.631,229.425,13.9,1276,765.6,"+ 13.90  N  
","T: + 14.85 N
"
16:49:33.836,229.63,14.3,1211,726.6,"+ 14.30  N  
","T: + 14.00 N
"
16:49:34.040,229.834,14.55,1224,734.4,"+ 14.55  N  
","T: + 14.30 N
"
16:49:34.244,230.039,14.95,1229,737.4,"+ 14.95  N  
","T: + 14.25 N
"
16:49:34.448,230.243,13.2,1207,724.2,"+ 13.20  N  
","T: + 14.95 N
"
16:49:34.651,230.445,14.65,1198,718.8,"+ 14.65  N  
","T: + 14.40 N
"
16:49:34.858,230.652,15.15,1204,722.4,"+ 15.15  N  
","T: + 14.25 N
"
16:49:35.061,230.855,14.65,1233,739.8,"+ 14.65  N  
","T: + 14.70 N
"
16:49:35.263,231.058,14.1,1221,732.6,"+ 14.10  N  
","T: + 15.05 N
"
16:49:35.466,231.26,14.0,1194,716.4,"+ 14.00  N  
","T: + 14.45 N
"
16:49:35.669,231.463,14.95,1186,711.6,"+ 14.95  N  
","T: + 14.35 N
"
16:49:35.877,231.671,14.8,1239,743.4,"+ 14.80  N  
","T: + 14.30 N
"
16:49:36.080,231.874,14.35,1228,736.8,"+ 14.35  N  
","T: + 14.50 N
"
16:49:36.283,232.077,14.9,1213,727.8,"+ 14.90  N  
","T: + 14.35 N
"
16:49:36.485,232.28,14.25,1170,702.0,"+ 14.25  N  
","T: + 14.55 N
"
16:49:36.688,232.483,14.4,1190,714.0,"+ 14.40  N  
","T: + 14.60 N
"
16:49:36.896,232.69,14.5,1271,762.6,"+ 14.50  N  
","T: + 14.45 N
"
16:49:37.099,232.893,14.65,1359,815.4,"+ 14.65  N  
","T: + 15.35 N
"
16:49:37.301,233.096,16.0,1331,798.6,"+ 16.00  N  
","T: + 16.90 N
"
16:49:37.504,233.298,17.0,1335,801.0,"+ 17.00  N  
","T: + 16.50 N
"
16:49:37.707,233.501,16.5,1360,816.0,"+ 16.50  N  
","T: + 16.35 N
"
16:49:37.915,233.709,16.15,1359,815.4,"+ 16.15  N  
","T: + 15.65 N
"
16:49:38.117,233.912,15.35,1323,793.8,"+ 15.35  N  
","T: + 15.75 N
"
16:49:38.320,234.115,15.8,1378,826.8,"+ 15.80  N  
","T: + 16.20 N
"
16:49:38.523,234.317,16.85,1327,796.2,"+ 16.85  N  
","T: + 16.35 N
"
16:49:38.726,234.52,16.0,1359,815.4,"+ 16.00  N  
","T: + 16.55 N
"
16:49:38.933,234.728,15.95,1378,826.8,"+ 15.95  N  
","T: + 16.40 N
"
16:49:39.136,234.931,15.85,1321,792.6,"+ 15.85  N  
","T: + 15.75 N
"
16:49:39.339,235.134,16.55,1365,819.0,"+ 16.55  N  
","T: + 16.65 N
"
16:49:39.543,235.337,17.4,1336,801.6,"+ 17.40  N  
","T: + 16.20 N
"
16:49:39.747,235.541,16.3,1275,765.0,"+ 16.30  N  
","T: + 16.30 N
"
16:49:39.963,235.757,15.95,1456,873.6,"+ 15.95  N  
","T: + 16.35 N
"
16:49:40.167,235.961,15.95,1338,802.8,"+ 15.95  N  
","T: + 16.05 N
"
16:49:40.371,236.165,15.85,1351,810.6,"+ 15.85  N  
","T: + 16.15 N
"
16:49:40.576,236.37,16.75,1365,819.0,"+ 16.75  N  
","T: + 16.15 N
"
16:49:40.780,236.574,16.7,1344,806.4,"+ 16.70  N  
","T: + 16.00 N
"
16:49:40.990,236.785,15.75,1405,843.0,"+ 15.75  N  
","T: + 16.05 N
"
16:49:41.195,236.989,15.75,1335,801.0,"+ 15.75  N  
","T: + 16.10 N
"
16:49:41.400,237.194,16.1,1343,805.8,"+ 16.10  N  
","T: + 15.55 N
"
16:49:41.614,237.408,16.15,1425,855.0,"+ 16.15  N  
","T: + 16.20 N
"
16:49:41.818,237.612,15.15,1349,809.4,"+ 15.15  N  
","T: + 16.10 N
"
16:49:42.023,237.817,16.35,1331,798.6,"+ 16.35  N  
","T: + 16.00 N
"
16:49:42.235,238.03,16.95,1430,858.0,"+ 16.95  N  
","T: + 15.95 N
"
16:49:42.440,238.234,14.75,1338,802.8,"+ 14.75  N  
","T: + 15.95 N
"
16:49:42.645,238.439,16.1,1345,807.0,"+ 16.10  N  
","T: + 15.55 N
"
16:49:42.850,238.644,16.8,1380,828.0,"+ 16.80  N  
","T: + 16.15 N
"
16:49:43.054,238.848,15.9,1320,792.0,"+ 15.90  N  
","T: + 15.75 N
"
16:49:43.268,239.062,15.35,1431,858.6,"+ 15.35  N  
","T: + 15.55 N
"
16:49:43.472,239.266,15.85,1347,808.2,"+ 15.85  N  
","T: + 16.45 N
"
16:49:43.676,239.471,16.0,1312,787.2,"+ 16.00  N  
","T: + 16.00 N
"
16:49:43.888,239.683,15.8,1439,863.4,"+ 15.80  N  
","T: + 15.30 N
"
16:49:44.093,239.887,15.3,1319,791.4,"+ 15.30  N  
","T: + 16.30 N
"
16:49:44.297,240.092,16.5,1334,800.4,"+ 16.50  N  
","T: + 15.30 N
"
16:49:44.502,240.296,16.45,1384,830.4,"+ 16.45  N  
","T: + 15.65 N
"
16:49:44.707,240.501,15.25,1320,792.0,"+ 15.25  N  
","T: + 15.95 N
"
16:49:44.919,240.714,15.4,1421,852.6,"+ 15.40  N  
","T: + 15.75 N
"
16:49:45.123,240.918,16.0,1471,882.6,"+ 16.00  N  
","T: + 16.50 N
"
16:49:45.326,241.12,17.55,1420,852.0,"+ 17.55  N  
","T: + 17.15 N
"
16:49:45.532,241.326,17.35,1488,892.8,"+ 17.35  N  
","T: + 16.85 N
"
16:49:45.734,241.529,16.5,1419,851.4,"+ 16.50  N  
","T: + 16.60 N
"
16:49:45.937,241.731,16.9,1452,871.2,"+ 16.90  N  
","T: + 16.60 N
"
16:49:46.140,241.934,16.95,1406,843.6,"+ 16.95  N  
","T: + 17.20 N
"
16:49:46.342,242.136,16.4,1455,873.0,"+ 16.40  N  
","T: + 16.65 N
"
16:49:46.552,242.346,16.65,1475,885.0,"+ 16.65  N  
","T: + 16.75 N
"
16:49:46.755,242.549,16.9,1431,858.6,"+ 16.90  N  
","T: + 16.45 N
"
16:49:46.957,242.752,16.95,1440,864.0,"+ 16.95  N  
","T: + 17.05 N
"
16:49:47.160,242.954,17.0,1413,847.8,"+ 17.00  N  
","T: + 16.50 N
"
16:49:47.363,243.157,15.65,1468,880.8,"+ 15.65  N  
","T: + 16.80 N
"
16:49:47.572,243.366,16.55,1453,871.8,"+ 16.55  N  
","T: + 16.05 N
"
16:49:47.775,243.569,17.15,1467,880.2,"+ 17.15  N  
","T: + 16.20 N
"
16:49:47.977,243.772,15.8,1403,841.8,"+ 15.80  N  
","T: + 16.45 N
"
16:49:48.180,243.974,17.15,1466,879.6,"+ 17.15  N  
","T: + 16.35 N
"
16:49:48.383,244.177,16.25,1414,848.4,"+ 16.25  N  
","T: + 16.45 N
"
16:49:48.592,244.386,15.8,1509,905.4,"+ 15.80  N  
","T: + 15.80 N
"
16:49:48.795,244.589,16.5,1497,898.2,"+ 16.50  N  
","T: + 16.35 N
"
16:49:48.998,244.792,16.35,1395,837.0,"+ 16.35  N  
","T: + 16.80 N
"
16:49:49.200,244.994,16.2,1449,869.4,"+ 16.20  N  
","T: + 16.00 N
"
16:49:49.403,245.197,16.55,1400,840.0,"+ 16.55  N  
","T: + 16.80 N
"
16:49:49.615,245.409,17.2,1444,866.4,"+ 17.20  N  
","T: + 16.20 N
"
16:49:49.818,245.612,16.05,1396,837.6,"+ 16.05  N  
","T: + 16.10 N
"
16:49:50.021,245.815,16.6,1444,866.4,"+ 16.60  N  
","T: + 16.60 N
"
16:49:50.226,246.021,15.95,1446,867.6,"+ 15.95  N  
","T: + 15.85 N
"
16:49:50.429,246.223,16.35,1343,805.8,"+ 16.35  N  
","T: + 16.85 N
"
16:49:50.632,246.426,16.4,1452,871.2,"+ 16.40  N  
","T: + 16.05 N
"
16:49:50.835,246.629,15.8,1351,810.6,"+ 15.80  N  
","T: + 15.90 N
"
16:49:51.038,246.832,16.75,1416,849.6,"+ 16.75  N  
","T: + 16.60 N
"
16:49:51.240,247.035,15.45,1398,838.8,"+ 15.45  N  
","T: + 15.95 N
"
16:49:51.449,247.243,15.3,1486,891.6,"+ 15.30  N  
","T: + 16.25 N
"
16:49:51.652,247.447,16.35,1492,895.2,"+ 16.35  N  
","T: + 15.55 N
"
16:49:51.855,247.649,16.35,1412,847.2,"+ 16.35  N  
","T: + 16.25 N
"
16:49:52.058,247.852,15.95,1436,861.6,"+ 15.95  N  
","T: + 16.05 N
"
16:49:52.260,248.055,15.8,1406,843.6,"+ 15.80  N  
","T: + 16.00 N
"
16:49:52.468,248.263,16.05,1499,899.4,"+ 16.05  N  
","T: + 16.00 N
"
16:49:52.671,248.466,15.7,1388,832.8,"+ 15.70  N  
","T: + 15.75 N
"
16:49:52.874,248.669,16.0,1465,879.0,"+ 16.00  N  
","T: + 15.50 N
"
16:49:53.079,248.873,16.35,1491,894.6,"+ 16.35  N  
","T: + 17.00 N
"
16:49:53.282,249.076,16.7,1498,898.8,"+ 16.70  N  
","T: + 16.80 N
"
16:49:53.489,249.283,16.9,1536,921.6,"+ 16.90  N  
","T: + 16.70 N
"
16:49:53.691,249.486,16.35,1519,911.4,"+ 16.35  N  
","T: + 17.00 N
"
16:49:53.894,249.688,16.7,1476,885.6,"+ 16.70  N  
","T: + 16.85 N
"
16:49:54.096,249.891,16.3,1501,900.6,"+ 16.30  N  
","T: + 16.25 N
"
16:49:54.299,250.094,16.8,1483,889.8,"+ 16.80  N  
","T: + 16.75 N
"
16:49:54.507,250.302,17.0,1527,916.2,"+ 17.00  N  
","T: + 16.65 N
"
16:49:54.710,250.504,16.65,1502,901.2,"+ 16.65  N  
","T: + 16.80 N
"
16:49:54.913,250.707,16.25,1496,897.6,"+ 16.25  N  
","T: + 16.35 N
"
16:49:55.116,250.91,16.95,1479,887.4,"+ 16.95  N  
","T: + 16.75 N
"
16:49:55.319,251.114,16.5,1519,911.4,"+ 16.50  N  
","T: + 16.85 N
"
16:49:55.524,251.319,16.75,1499,899.4,"+ 16.75  N  
","T: + 16.40 N
"
16:49:55.739,251.533,16.6,1611,966.6,"+ 16.60  N  
","T: + 16.45 N
"
16:49:55.943,251.738,15.55,1475,885.0,"+ 15.55  N  
","T: + 16.70 N
"
16:49:56.148,251.942,16.5,1536,921.6,"+ 16.50  N  
","T: + 16.45 N
"
16:49:56.352,252.147,16.95,1484,890.4,"+ 16.95  N  
","T: + 16.50 N
"
16:49:56.557,252.351,16.05,1536,921.6,"+ 16.05  N  
","T: + 16.20 N
"
16:49:56.770,252.565,16.5,1533,919.8,"+ 16.50  N  
","T: + 16.65 N
"
16:49:56.975,252.769,16.8,1549,929.4,"+ 16.80  N  
","T: + 16.00 N
"
16:49:57.179,252.973,15.85,1452,871.2,"+ 15.85  N  
","T: + 16.50 N
"
16:49:57.393,253.187,16.5,1605,963.0,"+ 16.50  N  
","T: + 16.55 N
"
16:49:57.597,253.391,16.4,1473,883.8,"+ 16.40  N  
","T: + 16.60 N
"
16:49:57.801,253.595,16.5,1536,921.6,"+ 16.50  N  
","T: + 16.25 N
"
16:49:58.021,253.815,16.2,1595,957.0,"+ 16.20  N  
","T: + 16.35 N
"
16:49:58.226,254.02,16.15,1508,904.8,"+ 16.15  N  
","T: + 16.00 N
"
16:49:58.430,254.225,16.4,1499,899.4,"+ 16.40  N  
","T: + 16.35 N
"
16:49:58.648,254.442,16.2,1600,960.0,"+ 16.20  N  
","T: + 16.00 N
"
16:49:58.852,254.646,16.3,1512,907.2,"+ 16.30  N  
","T: + 16.50 N
"
16:49:59.057,254.851,16.15,1493,895.8,"+ 16.15  N  
","T: + 16.00 N
"
16:49:59.273,255.068,16.2,1626,975.6,"+ 16.20  N  
","T: + 16.30 N
"
16:49:59.478,255.272,16.25,1474,884.4,"+ 16.25  N  
","T: + 16.40 N
"
16:49:59.680,255.474,15.9,1531,918.6,"+ 15.90  N  
","T: + 15.65 N
"
16:49:59.883,255.677,16.15,1458,874.8,"+ 16.15  N  
","T: + 16.45 N
"
16:50:00.086,255.88,16.6,1540,924.0,"+ 16.60  N  
","T: + 16.30 N
"
16:50:00.288,256.083,16.25,1457,874.2,"+ 16.25  N  
","T: + 16.15 N
"
16:50:00.499,256.293,16.6,1577,946.2,"+ 16.60  N  
","T: + 16.30 N
"
16:50:00.702,256.496,16.2,1470,882.0,"+ 16.20  N  
","T: + 16.25 N
"
16:50:00.904,256.698,15.55,1532,919.2,"+ 15.55  N  
","T: + 16.60 N
"
16:50:01.107,256.901,15.95,1539,923.4,"+ 15.95  N  
","T: + 16.25 N
"
16:50:01.310,257.104,16.8,1590,954.0,"+ 16.80  N  
","T: + 16.40 N
"
16:50:01.520,257.315,17.05,1609,965.4,"+ 17.05  N  
","T: + 16.90 N
"
16:50:01.723,257.517,16.4,1565,939.0,"+ 16.40  N  
","T: + 16.40 N
"
16:50:01.926,257.72,16.95,1576,945.6,"+ 16.95  N  
","T: + 16.70 N
"
16:50:02.128,257.922,16.9,1519,911.4,"+ 16.90  N  
","T: + 16.45 N
"
16:50:02.331,258.125,16.45,1593,955.8,"+ 16.45  N  
","T: + 16.80 N
"
16:50:02.540,258.335,16.8,1576,945.6,"+ 16.80  N  
","T: + 16.60 N
"
16:50:02.743,258.538,16.6,1595,957.0,"+ 16.60  N  
","T: + 16.40 N
"
16:50:02.946,258.74,16.7,1543,925.8,"+ 16.70  N  
","T: + 16.80 N
"
16:50:03.149,258.943,16.45,1569,941.4,"+ 16.45  N  
","T: + 16.70 N
"
16:50:03.352,259.146,16.25,1568,940.8,"+ 16.25  N  
","T: + 16.40 N
"
16:50:03.560,259.354,17.0,1584,950.4,"+ 17.00  N  
","T: + 16.40 N
"
16:50:03.763,259.557,16.5,1575,945.0,"+ 16.50  N  
","T: + 17.10 N
"
16:50:03.965,259.76,16.25,1516,909.6,"+ 16.25  N  
","T: + 16.95 N
"
16:50:04.168,259.962,16.6,1581,948.6,"+ 16.60  N  
","T: + 16.35 N
"
16:50:04.370,260.165,16.75,1528,916.8,"+ 16.75  N  
","T: + 16.50 N
"
16:50:04.590,260.385,16.85,1694,1016.4,"+ 16.85  N  
","T: + 16.40 N
"
16:50:04.800,260.595,16.3,1635,981.0,"+ 16.30  N  
","T: + 16.75 N
"
16:50:05.004,260.799,16.1,1544,926.4,"+ 16.10  N  
","T: + 15.85 N
"
16:50:05.209,261.003,16.75,1591,954.6,"+ 16.75  N  
","T: + 16.30 N
"
16:50:05.424,261.218,16.5,1629,977.4,"+ 16.50  N  
","T: + 16.20 N
"
16:50:05.628,261.422,16.05,1560,936.0,"+ 16.05  N  
","T: + 16.30 N
"
16:50:05.833,261.627,16.35,1585,951.0,"+ 16.35  N  
","T: + 16.10 N
"
16:50:06.051,261.845,16.2,1635,981.0,"+ 16.20  N  
","T: + 15.95 N
"
16:50:06.267,262.061,15.65,1692,1015.2,"+ 15.65  N  
","T: + 16.05 N
"
16:50:06.471,262.266,16.25,1537,922.2,"+ 16.25  N  
","T: + 15.95 N
"
16:50:06.676,262.47,16.05,1568,940.8,"+ 16.05  N  
","T: + 16.00 N
"
16:50:06.892,262.686,16.1,1661,996.6,"+ 16.10  N  
","T: + 16.25 N
"
16:50:07.096,262.89,15.75,1539,923.4,"+ 15.75  N  
","T: + 15.80 N
"
16:50:07.300,263.094,15.8,1576,945.6,"+ 15.80  N  
","T: + 15.55 N
"
16:50:07.517,263.311,16.05,1649,989.4,"+ 16.05  N  
","T: + 16.05 N
"
16:50:07.721,263.515,16.05,1559,935.4,"+ 16.05  N  
","T: + 15.75 N
"
16:50:07.925,263.719,15.95,1583,949.8,"+ 15.95  N  
","T: + 15.60 N
"
16:50:08.139,263.933,15.7,1608,964.8,"+ 15.70  N  
","T: + 15.85 N
"
16:50:08.344,264.138,15.85,1602,961.2,"+ 15.85  N  
","T: + 15.65 N
"
16:50:08.549,264.343,15.85,1533,919.8,"+ 15.85  N  
","T: + 15.70 N
"
16:50:08.764,264.558,15.8,1655,993.0,"+ 15.80  N  
","T: + 15.60 N
"
16:50:08.969,264.763,15.8,1619,971.4,"+ 15.80  N  
","T: + 16.00 N
"
16:50:09.173,264.968,16.05,1616,969.6,"+ 16.05  N  
","T: + 16.25 N
"
16:50:09.389,265.183,16.05,1745,1047.0,"+ 16.05  N  
","T: + 16.40 N
"
16:50:09.599,265.394,15.9,1710,1026.0,"+ 15.90  N  
","T: + 16.40 N
"
16:50:09.804,265.598,16.2,1621,972.6,"+ 16.20  N  
","T: + 16.25 N
"
16:50:10.015,265.809,16.3,1696,1017.6,"+ 16.30  N  
","T: + 16.30 N
"
16:50:10.219,266.014,16.1,1663,997.8,"+ 16.10  N  
","T: + 16.35 N
"
16:50:10.425,266.219,16.15,1622,973.2,"+ 16.15  N  
","T: + 16.15 N
"
16:50:10.642,266.436,16.3,1754,1052.4,"+ 16.30  N  
","T: + 16.60 N
"
16:50:10.846,266.64,16.0,1645,987.0,"+ 16.00  N  
","T: + 17.25 N
"
16:50:11.051,266.845,16.6,1625,975.0,"+ 16.60  N  
","T: + 16.55 N
"
16:50:11.272,267.066,16.25,1768,1060.8,"+ 16.25  N  
","T: + 15.95 N
"
16:50:11.476,267.271,16.65,1651,990.6,"+ 16.65  N  
","T: + 16.95 N
"
16:50:11.679,267.474,16.4,1612,967.2,"+ 16.40  N  
","T: + 16.80 N
"
16:50:11.882,267.676,16.0,1641,984.6,"+ 16.00  N  
","T: + 16.60 N
"
16:50:12.085,267.879,16.45,1641,984.6,"+ 16.45  N  
","T: + 16.00 N
"
16:50:12.287,268.082,15.75,1616,969.6,"+ 15.75  N  
","T: + 16.50 N
"
16:50:12.495,268.289,15.9,1682,1009.2,"+ 15.90  N  
","T: + 16.65 N
"
16:50:12.698,268.493,15.7,1625,975.0,"+ 15.70  N  
","T: + 17.00 N
"
16:50:12.901,268.695,15.9,1606,963.6,"+ 15.90  N  
","T: + 15.85 N
"
16:50:13.103,268.898,16.35,1656,993.6,"+ 16.35  N  
","T: + 15.35 N
"
16:50:13.306,269.1,16.55,1590,954.0,"+ 16.55  N  
","T: + 16.20 N
"
16:50:13.515,269.309,16.05,1686,1011.6,"+ 16.05  N  
","T: + 16.35 N
"
16:50:13.718,269.512,15.8,1645,987.0,"+ 15.80  N  
","T: + 16.10 N
"
16:50:13.920,269.715,16.0,1576,945.6,"+ 16.00  N  
","T: + 16.10 N
"
16:50:14.123,269.917,16.0,1630,978.0,"+ 16.00  N  
","T: + 15.95 N
"
16:50:14.326,270.12,15.75,1615,969.0,"+ 15.75  N  
","T: + 16.10 N
"
16:50:14.533,270.328,15.8,1631,978.6,"+ 15.80  N  
","T: + 16.15 N
"
16:50:14.736,270.53,16.2,1647,988.2,"+ 16.20  N  
","T: + 15.90 N
"
16:50:14.939,270.733,15.65,1601,960.6,"+ 15.65  N  
","T: + 15.10 N
"
16:50:15.142,270.936,15.65,1625,975.0,"+ 15.65  N  
","T: + 15.75 N
"
16:50:15.344,271.139,15.1,1642,985.2,"+ 15.10  N  
","T: + 15.80 N
"
16:50:15.554,271.348,15.7,1651,990.6,"+ 15.70  N  
","T: + 15.85 N
"
16:50:15.757,271.551,15.8,1622,973.2,"+ 15.80  N  
","T: + 16.15 N
"
16:50:15.960,271.754,15.5,1633,979.8,"+ 15.50  N  
","T: + 15.90 N
"
16:50:16.162,271.957,15.35,1578,946.8,"+ 15.35  N  
","T: + 16.15 N
"
16:50:16.366,272.16,16.05,1649,989.4,"+ 16.05  N  
","T: + 15.75 N
"
16:50:16.571,272.365,15.85,1606,963.6,"+ 15.85  N  
","T: + 15.40 N
"
16:50:16.786,272.58,16.0,1728,1036.8,"+ 16.00  N  
","T: + 15.80 N
"
16:50:16.990,272.784,16.1,1683,1009.8,"+ 16.10  N  
","T: + 16.05 N
"
16:50:17.195,272.989,16.45,1689,1013.4,"+ 16.45  N  
","T: + 16.05 N
"
16:50:17.412,273.206,16.3,1763,1057.8,"+ 16.30  N  
","T: + 16.60 N
"
16:50:17.616,273.41,16.65,1729,1037.4,"+ 16.65  N  
","T: + 16.10 N
"
16:50:17.821,273.615,16.25,1722,1033.2,"+ 16.25  N  
","T: + 16.45 N
"
16:50:18.035,273.83,16.15,1742,1045.2,"+ 16.15  N  
","T: + 16.35 N
"
16:50:18.240,274.034,16.2,1677,1006.2,"+ 16.20  N  
","T: + 17.00 N
"
16:50:18.445,274.239,16.35,1714,1028.4,"+ 16.35  N  
","T: + 16.60 N
"
16:50:18.665,274.459,16.45,1808,1084.8,"+ 16.45  N  
","T: + 16.70 N
"
16:50:18.870,274.664,15.8,1662,997.2,"+ 15.80  N  
","T: + 16.35 N
"
16:50:19.088,274.882,15.9,1810,1086.0,"+ 15.90  N  
","T: + 16.75 N
"
16:50:19.293,275.087,16.0,1715,1029.0,"+ 16.00  N  
","T: + 16.95 N
"
16:50:19.510,275.305,16.6,1789,1073.4,"+ 16.60  N  
","T: + 16.60 N
"
16:50:19.715,275.509,16.5,1657,994.2,"+ 16.50  N  
","T: + 16.50 N
"
16:50:19.919,275.713,16.3,1691,1014.6,"+ 16.30  N  
","T: + 16.85 N
"
16:50:20.136,275.931,16.6,1803,1081.8,"+ 16.60  N  
","T: + 16.90 N
"
16:50:20.341,276.135,15.65,1680,1008.0,"+ 15.65  N  
","T: + 16.60 N
"
16:50:20.545,276.339,16.5,1701,1020.6,"+ 16.50  N  
","T: + 16.10 N
"
16:50:20.749,276.544,15.95,1720,1032.0,"+ 15.95  N  
","T: + 16.65 N
"
16:50:20.954,276.748,15.95,1693,1015.8,"+ 15.95  N  
","T: + 16.00 N
"
16:50:21.170,276.964,16.2,1764,1058.4,"+ 16.20  N  
","T: + 16.10 N
"
16:50:21.374,277.168,16.5,1684,1010.4,"+ 16.50  N  
","T: + 16.60 N
"
16:50:21.578,277.373,16.25,1721,1032.6,"+ 16.25  N  
","T: + 16.25 N
"
16:50:21.792,277.586,15.65,1759,1055.4,"+ 15.65  N  
","T: + 16.30 N
"
16:50:22.010,277.804,15.6,1819,1091.4,"+ 15.60  N  
","T: + 15.70 N
"
16:50:22.214,278.009,16.2,1687,1012.2,"+ 16.20  N  
","T: + 16.30 N
"
16:50:22.419,278.213,16.3,1711,1026.6,"+ 16.30  N  
","T: + 16.00 N
"
16:50:22.629,278.423,16.15,1698,1018.8,"+ 16.15  N  
","T: + 15.90 N
"
16:50:22.833,278.628,15.85,1689,1013.4,"+ 15.85  N  
","T: + 16.10 N
"
16:50:23.039,278.833,16.5,1687,1012.2,"+ 16.50  N  
","T: + 16.70 N
"
16:50:23.256,279.051,16.0,1793,1075.8,"+ 16.00  N  
","T: + 16.05 N
"
16:50:23.461,279.255,15.85,1657,994.2,"+ 15.85  N  
","T: + 15.50 N
"
16:50:23.665,279.459,15.35,1717,1030.2,"+ 15.35  N  
","T: + 16.40 N
"
16:50:23.885,279.679,16.55,1797,1078.2,"+ 16.55  N  
","T: + 16.55 N
"
16:50:24.090,279.884,16.05,1658,994.8,"+ 16.05  N  
","T: + 15.60 N
"
16:50:24.294,280.088,15.8,1663,997.8,"+ 15.80  N  
","T: + 16.30 N
"
16:50:24.510,280.304,16.1,1783,1069.8,"+ 16.10  N  
","T: + 16.25 N
"
16:50:24.714,280.509,16.05,1649,989.4,"+ 16.05  N  
","T: + 16.00 N
"
16:50:24.918,280.713,15.95,1672,1003.2,"+ 15.95  N  
","T: + 16.50 N
"
16:50:25.135,280.929,16.35,1835,1101.0,"+ 16.35  N  
","T: + 16.60 N
"
16:50:25.340,281.134,16.4,1756,1053.6,"+ 16.40  N  
","T: + 16.25 N
"
16:50:25.544,281.338,16.25,1717,1030.2,"+ 16.25  N  
","T: + 16.20 N
"
16:50:25.748,281.543,16.1,1706,1023.6,"+ 16.10  N  
","T: + 16.25 N
"
16:50:25.953,281.747,16.6,1731,1038.6,"+ 16.60  N  
","T: + 16.60 N
"
16:50:26.170,281.964,16.75,1836,1101.6,"+ 16.75  N  
","T: + 16.10 N
"
16:50:26.374,282.168,16.05,1722,1033.2,"+ 16.05  N  
","T: + 15.95 N
"
16:50:26.580,282.374,16.2,1704,1022.4,"+ 16.20  N  
","T: + 16.25 N
"
16:50:26.797,282.592,17.05,1846,1107.6,"+ 17.05  N  
","T: + 16.55 N
"
16:50:27.002,282.796,16.8,1725,1035.0,"+ 16.80  N  
","T: + 16.35 N
"
16:50:27.204,282.998,16.2,1683,1009.8,"+ 16.20  N  
","T: + 16.20 N
"
16:50:27.407,283.201,16.1,1680,1008.0,"+ 16.10  N  
","T: + 16.75 N
"
16:50:27.617,283.412,16.5,1793,1075.8,"+ 16.50  N  
","T: + 16.80 N
"
16:50:27.820,283.614,16.6,1688,1012.8,"+ 16.60  N  
","T: + 16.20 N
"
16:50:28.023,283.817,16.2,1691,1014.6,"+ 16.20  N  
","T: + 16.70 N
"
16:50:28.226,284.02,16.2,1705,1023.0,"+ 16.20  N  
","T: + 16.50 N
"
16:50:28.428,284.223,16.2,1710,1026.0,"+ 16.20  N  
","T: + 16.40 N
"
16:50:28.637,284.432,16.35,1718,1030.8,"+ 16.35  N  
","T: + 16.40 N
"
16:50:28.841,284.635,16.4,1712,1027.2,"+ 16.40  N  
","T: + 16.60 N
"
16:50:29.043,284.838,16.45,1689,1013.4,"+ 16.45  N  
","T: + 16.15 N
"
16:50:29.246,285.04,16.4,1682,1009.2,"+ 16.40  N  
","T: + 16.20 N
"
16:50:29.449,285.243,16.35,1671,1002.6,"+ 16.35  N  
","T: + 16.05 N
"
16:50:29.659,285.453,16.65,1777,1066.2,"+ 16.65  N  
","T: + 16.15 N
"
16:50:29.862,285.656,16.45,1689,1013.4,"+ 16.45  N  
","T: + 15.90 N
"
16:50:30.064,285.859,16.1,1689,1013.4,"+ 16.10  N  
","T: + 15.95 N
"
16:50:30.267,286.061,15.9,1700,1020.0,"+ 15.90  N  
","T: + 16.25 N
"
16:50:30.470,286.264,16.15,1706,1023.6,"+ 16.15  N  
","T: + 16.10 N
"
16:50:30.678,286.472,16.35,1718,1030.8,"+ 16.35  N  
","T: + 16.15 N
"
16:50:30.881,286.675,15.95,1693,1015.8,"+ 15.95  N  
","T: + 16.00 N
"
16:50:31.084,286.878,16.0,1697,1018.2,"+ 16.00  N  
","T: + 16.10 N
"
16:50:31.286,287.08,16.15,1708,1024.8,"+ 16.15  N  
","T: + 16.20 N
"
16:50:31.489,287.283,15.9,1657,994.2,"+ 15.90  N  
","T: + 16.40 N
"
16:50:31.698,287.492,16.3,1755,1053.0,"+ 16.30  N  
","T: + 16.35 N
"
16:50:31.901,287.695,16.2,1720,1032.0,"+ 16.20  N  
","T: + 16.10 N
"
16:50:32.105,287.899,15.75,1668,1000.8,"+ 15.75  N  
","T: + 15.85 N
"
16:50:32.321,288.116,16.0,1788,1072.8,"+ 16.00  N  
","T: + 16.30 N
"
16:50:32.539,288.333,16.15,1825,1095.0,"+ 16.15  N  
","T: + 16.20 N
"
16:50:32.743,288.538,16.1,1724,1034.4,"+ 16.10  N  
","T: + 16.05 N
"
16:50:32.973,288.767,15.65,1942,1165.2,"+ 15.65  N  
","T: + 16.15 N
"
16:50:33.177,288.972,15.7,1750,1050.0,"+ 15.70  N  
","T: + 16.25 N
"
16:50:33.391,289.185,16.35,1828,1096.8,"+ 16.35  N  
","T: + 16.70 N
"
16:50:33.596,289.39,16.4,1801,1080.6,"+ 16.40  N  
","T: + 16.30 N
"
16:50:33.801,289.595,16.6,1767,1060.2,"+ 16.60  N  
","T: + 16.55 N
"
16:50:34.016,289.811,15.95,1868,1120.8,"+ 15.95  N  
","T: + 15.50 N
"
16:50:34.221,290.015,16.6,1721,1032.6,"+ 16.60  N  
","T: + 16.45 N
"
16:50:34.426,290.22,16.65,1770,1062.0,"+ 16.65  N  
","T: + 16.55 N
"
16:50:34.643,290.438,16.2,1858,1114.8,"+ 16.20  N  
","T: + 16.75 N
"
16:50:34.861,290.655,16.8,1900,1140.0,"+ 16.80  N  
","T: + 16.30 N
"
16:50:35.065,290.86,16.25,1763,1057.8,"+ 16.25  N  
","T: + 15.95 N
"
16:50:35.270,291.064,16.05,1717,1030.2,"+ 16.05  N  
","T: + 16.45 N
"
16:50:35.489,291.283,15.95,1892,1135.2,"+ 15.95  N  
","T: + 16.45 N
"
16:50:35.694,291.488,16.05,1762,1057.2,"+ 16.05  N  
","T: + 16.45 N
"
16:50:35.898,291.692,16.5,1774,1064.4,"+ 16.50  N  
","T: + 16.40 N
"
16:50:36.117,291.912,15.9,1878,1126.8,"+ 15.90  N  
","T: + 16.20 N
"
16:50:36.322,292.116,15.95,1745,1047.0,"+ 15.95  N  
","T: + 16.55 N
"
16:50:36.527,292.321,15.9,1731,1038.6,"+ 15.90  N  
","T: + 16.35 N
"
16:50:36.746,292.54,16.35,1908,1144.8,"+ 16.35  N  
","T: + 16.10 N
"
16:50:36.950,292.744,16.4,1760,1056.0,"+ 16.40  N  
","T: + 16.00 N
"
16:50:37.155,292.949,16.35,1751,1050.6,"+ 16.35  N  
","T: + 15.80 N
"
16:50:37.373,293.167,15.6,1857,1114.2,"+ 15.60  N  
","T: + 15.95 N
"
16:50:37.577,293.372,16.15,1760,1056.0,"+ 16.15  N  
","T: + 16.05 N
"
16:50:37.782,293.576,15.8,1779,1067.4,"+ 15.80  N  
","T: + 15.70 N
"
16:50:37.987,293.781,16.35,1765,1059.0,"+ 16.35  N  
","T: + 15.80 N
"
16:50:38.191,293.985,15.9,1746,1047.6,"+ 15.90  N  
","T: + 15.80 N
"
16:50:38.396,294.19,15.85,1742,1045.2,"+ 15.85  N  
","T: + 16.00 N
"
16:50:38.615,294.41,16.1,1884,1130.4,"+ 16.10  N  
","T: + 16.15 N
"
16:50:38.820,294.614,16.05,1759,1055.4,"+ 16.05  N  
","T: + 15.65 N
"
16:50:39.024,294.819,15.75,1771,1062.6,"+ 15.75  N  
","T: + 15.70 N
"
16:50:39.229,295.023,15.8,1718,1030.8,"+ 15.80  N  
","T: + 15.45 N
"
16:50:39.433,295.227,15.6,1764,1058.4,"+ 15.60  N  
","T: + 15.65 N
"
16:50:39.650,295.445,16.4,1862,1117.2,"+ 16.40  N  
","T: + 15.70 N
"
16:50:39.855,295.649,16.05,1781,1068.6,"+ 16.05  N  
","T: + 15.35 N
"
16:50:40.059,295.853,14.95,1738,1042.8,"+ 14.95  N  
","T: + 15.60 N
"
16:50:40.270,296.064,15.3,1783,1069.8,"+ 15.30  N  
","T: + 16.10 N
"
16:50:40.475,296.269,15.85,1750,1050.0,"+ 15.85  N  
","T: + 16.35 N
"
16:50:40.680,296.475,15.9,1771,1062.6,"+ 15.90  N  
","T: + 15.85 N
"
16:50:40.896,296.69,15.35,1866,1119.6,"+ 15.35  N  
","T: + 16.00 N
"
16:50:41.100,296.895,15.75,1769,1061.4,"+ 15.75  N  
","T: + 16.30 N
"
16:50:41.305,297.099,15.9,1802,1081.2,"+ 15.90  N  
","T: + 16.55 N
"
16:50:41.521,297.315,16.4,1916,1149.6,"+ 16.40  N  
","T: + 15.80 N
"
16:50:41.725,297.52,16.05,1805,1083.0,"+ 16.05  N  
","T: + 16.45 N
"
16:50:41.930,297.724,16.35,1801,1080.6,"+ 16.35  N  
","T: + 15.70 N
"
16:50:42.146,297.94,16.6,1907,1144.2,"+ 16.60  N  
","T: + 15.75 N
"
16:50:42.350,298.145,16.25,1803,1081.8,"+ 16.25  N  
","T: + 15.30 N
"
16:50:42.555,298.349,15.95,1789,1073.4,"+ 15.95  N  
","T: + 16.20 N
"
16:50:42.759,298.553,15.95,1798,1078.8,"+ 15.95  N  
","T: + 16.20 N
"
16:50:42.963,298.758,16.2,1814,1088.4,"+ 16.20  N  
","T: + 16.15 N
"
16:50:43.172,298.966,16.0,1816,1089.6,"+ 16.00  N  
","T: + 16.05 N
"
16:50:43.377,299.171,16.0,1789,1073.4,"+ 16.00  N  
","T: + 15.90 N
"
16:50:43.582,299.376,15.8,1783,1069.8,"+ 15.80  N  
","T: + 16.45 N
"
16:50:43.800,299.594,16.1,1908,1144.8,"+ 16.10  N  
","T: + 16.40 N
"
16:50:44.004,299.798,16.4,1794,1076.4,"+ 16.40  N  
","T: + 15.95 N
"
16:50:44.208,300.002,16.35,1792,1075.2,"+ 16.35  N  
","T: + 16.05 N
"
16:50:44.425,300.22,16.25,1921,1152.6,"+ 16.25  N  
","T: + 15.90 N
"
16:50:44.634,300.428,15.25,1818,1090.8,"+ 15.25  N  
","T: + 16.40 N
"
16:50:44.838,300.633,15.8,1781,1068.6,"+ 15.80  N  
","T: + 16.45 N
"
16:50:45.051,300.845,16.25,1862,1117.2,"+ 16.25  N  
","T: + 16.30 N
"
16:50:45.255,301.05,16.0,1802,1081.2,"+ 16.00  N  
","T: + 15.85 N
"
16:50:45.460,301.254,16.15,1818,1090.8,"+ 16.15  N  
","T: + 15.50 N
"
16:50:45.665,301.459,15.6,1793,1075.8,"+ 15.60  N  
","T: + 16.00 N
"
16:50:45.869,301.664,15.9,1772,1063.2,"+ 15.90  N  
","T: + 16.30 N
"
16:50:46.089,301.884,16.0,1904,1142.4,"+ 16.00  N  
","T: + 16.10 N
"
16:50:46.294,302.089,16.15,1804,1082.4,"+ 16.15  N  
","T: + 16.40 N
"
16:50:46.499,302.293,15.8,1798,1078.8,"+ 15.80  N  
","T: + 16.10 N
"
16:50:46.714,302.508,16.1,1902,1141.2,"+ 16.10  N  
","T: + 15.90 N
"
16:50:46.919,302.713,15.55,1786,1071.6,"+ 15.55  N  
","T: + 15.90 N
"
16:50:47.123,302.917,15.75,1786,1071.6,"+ 15.75  N  
","T: + 15.95 N
"
16:50:47.328,303.122,15.75,1792,1075.2,"+ 15.75  N  
","T: + 16.15 N
"
16:50:47.532,303.326,15.8,1822,1093.2,"+ 15.80  N  
","T: + 15.70 N
"
16:50:47.745,303.539,16.1,1880,1128.0,"+ 16.10  N  
","T: + 16.00 N
"
16:50:47.949,303.743,15.95,1777,1066.2,"+ 15.95  N  
","T: + 15.95 N
"
16:50:48.153,303.947,15.6,1780,1068.0,"+ 15.60  N  
","T: + 15.65 N
"
16:50:48.362,304.156,16.05,1820,1092.0,"+ 16.05  N  
","T: + 15.95 N
"
16:50:48.566,304.36,16.65,1792,1075.2,"+ 16.65  N  
","T: + 15.90 N
"
16:50:48.770,304.564,16.05,1789,1073.4,"+ 16.05  N  
","T: + 15.70 N
"
16:50:48.985,304.779,16.05,1931,1158.6,"+ 16.05  N  
","T: + 15.70 N
"
16:50:49.189,304.984,15.75,1813,1087.8,"+ 15.75  N  
","T: + 16.00 N
"
16:50:49.394,305.188,16.05,1839,1103.4,"+ 16.05  N  
","T: + 16.20 N
"
16:50:49.608,305.402,16.8,1909,1145.4,"+ 16.80  N  
","T: + 16.30 N
"
16:50:49.813,305.607,16.5,1854,1112.4,"+ 16.50  N  
","T: + 15.95 N
"
16:50:50.018,305.812,16.25,1846,1107.6,"+ 16.25  N  
","T: + 16.20 N
"
16:50:50.236,306.03,16.4,1950,1170.0,"+ 16.40  N  
","T: + 16.80 N
"
16:50:50.440,306.234,15.75,1833,1099.8,"+ 15.75  N  
","T: + 16.25 N
"
16:50:50.644,306.439,15.9,1809,1085.4,"+ 15.90  N  
","T: + 16.45 N
"
16:50:50.849,306.644,16.1,1840,1104.0,"+ 16.10  N  
","T: + 15.90 N
"
16:50:51.054,306.848,15.6,1815,1089.0,"+ 15.60  N  
","T: + 16.05 N
"
16:50:51.268,307.062,16.45,1907,1144.2,"+ 16.45  N  
","T: + 16.60 N
"
16:50:51.472,307.267,15.9,1834,1100.4,"+ 15.90  N  
","T: + 16.30 N
"
16:50:51.677,307.471,15.6,1832,1099.2,"+ 15.60  N  
","T: + 16.15 N
"
16:50:51.882,307.676,15.75,1839,1103.4,"+ 15.75  N  
","T: + 16.00 N
"
16:50:52.087,307.881,15.8,1793,1075.8,"+ 15.80  N  
","T: + 16.15 N
"
16:50:52.301,308.096,15.65,1876,1125.6,"+ 15.65  N  
","T: + 16.00 N
"
16:50:52.506,308.3,16.05,1158,694.8,"+ 16.05  N  
","T: + 12.30 N
"
16:50:52.710,308.505,7.9,784,470.4,"+  7.90  N  
","T: + 7.40 N
"
16:50:52.928,308.722,6.65,703,421.8,"+  6.65  N  
","T: + 6.35 N
"
16:50:53.132,308.927,6.55,566,339.6,"+  6.55  N  
","T: + 6.05 N
"
16:50:53.338,309.132,6.75,520,312.0,"+  6.75  N  
","T: + 6.85 N
"
16:50:53.559,309.353,6.45,578,346.8,"+  6.45  N  
","T: + 6.85 N
"
16:50:53.763,309.558,6.65,464,278.4,"+  6.65  N  
","T: + 6.75 N
"
16:50:53.968,309.762,6.6,524,314.4,"+  6.60  N  
","T: + 6.70 N
"
16:50:54.184,309.979,6.9,496,297.6,"+  6.90  N  
","T: + 6.75 N
"
16:50:54.389,310.183,6.95,518,310.8,"+  6.95  N  
","T: + 6.75 N
"
16:50:54.594,310.389,6.95,477,286.2,"+  6.95  N  
","T: + 6.90 N
"
16:50:54.811,310.605,6.85,551,330.6,"+  6.85  N  
","T: + 6.85 N
"
16:50:55.015,310.809,6.95,496,297.6,"+  6.95  N  
","T: + 7.00 N
"
16:50:55.219,311.014,6.85,528,316.8,"+  6.85  N  
","T: + 7.00 N
"
16:50:55.434,311.229,6.95,496,297.6,"+  6.95  N  
","T: + 7.00 N
"
16:50:55.639,311.433,7.05,512,307.2,"+  7.05  N  
","T: + 7.05 N
"
16:50:55.843,311.637,7.1,466,279.6,"+  7.10  N  
","T: + 7.10 N
"
16:50:56.047,311.842,7.1,495,297.0,"+  7.10  N  
","T: + 7.10 N
"
16:50:56.251,312.046,7.15,491,294.6,"+  7.15  N  
","T: + 7.05 N
"
16:50:56.464,312.259,7.1,544,326.4,"+  7.10  N  
","T: + 7.00 N
"
16:50:56.669,312.463,7.3,485,291.0,"+  7.30  N  
","T: + 7.15 N
"
16:50:56.873,312.667,7.05,480,288.0,"+  7.05  N  
","T: + 7.15 N
"
16:50:57.077,312.872,7.3,483,289.8,"+  7.30  N  
","T: + 7.25 N
"
16:50:57.282,313.076,7.2,492,295.2,"+  7.20  N  
","T: + 7.30 N
"
16:50:57.499,313.293,7.2,527,316.2,"+  7.20  N  
","T: + 7.25 N
"
16:50:57.703,313.498,7.25,484,290.4,"+  7.25  N  
","T: + 7.20 N
"
16:50:57.907,313.702,7.2,485,291.0,"+  7.20  N  
","T: + 7.20 N
"
16:50:58.125,313.92,7.25,472,283.2,"+  7.25  N  
","T: + 7.20 N
"
16:50:58.330,314.124,7.2,488,292.8,"+  7.20  N  
","T: + 7.30 N
"
16:50:58.534,314.328,7.2,436,261.6,"+  7.20  N  
","T: + 7.15 N
"
16:50:58.736,314.53,7.3,472,283.2,"+  7.30  N  
","T: + 7.20 N
"
16:50:58.939,314.733,7.2,458,274.8,"+  7.20  N  
","T: + 7.10 N
"
16:50:59.141,314.936,7.2,481,288.6,"+  7.20  N  
","T: + 7.25 N
"
16:50:59.344,315.138,7.3,445,267.0,"+  7.30  N  
","T: + 7.25 N
"
16:50:59.547,315.341,7.3,418,250.8,"+  7.30  N  
","T: + 7.30 N
"
16:50:59.753,315.548,7.25,452,271.2,"+  7.25  N  
","T: + 7.15 N
"
16:50:59.956,315.75,7.25,419,251.4,"+  7.25  N  
","T: + 7.40 N
"
16:51:00.158,315.953,7.25,448,268.8,"+  7.25  N  
","T: + 7.40 N
"
16:51:00.361,316.155,7.3,411,246.6,"+  7.30  N  
","T: + 7.30 N
"
16:51:00.563,316.358,7.4,453,271.8,"+  7.40  N  
","T: + 7.40 N
"
16:51:00.773,316.567,7.35,447,268.2,"+  7.35  N  
","T: + 7.15 N
"
16:51:00.976,316.77,7.3,449,269.4,"+  7.30  N  
","T: + 7.20 N
"
16:51:01.178,316.973,7.3,441,264.6,"+  7.30  N  
","T: + 7.15 N
"
16:51:01.381,317.175,7.1,434,260.4,"+  7.10  N  
","T: + 7.10 N
"
16:51:01.584,317.378,7.05,446,267.6,"+  7.05  N  
","T: + 7.25 N
"
16:51:01.792,317.586,7.15,436,261.6,"+  7.15  N  
","T: + 7.30 N
"
16:51:01.994,317.789,7.05,441,264.6,"+  7.05  N  
","T: + 6.95 N
"
16:51:02.197,317.991,7.2,440,264.0,"+  7.20  N  
","T: + 7.00 N
"
16:51:02.400,318.194,7.0,437,262.2,"+  7.00  N  
","T: + 6.95 N
"
16:51:02.602,318.397,6.8,440,264.0,"+  6.80  N  
","T: + 7.10 N
"
16:51:02.811,318.605,7.4,412,247.2,"+  7.40  N  
","T: + 7.15 N
"
16:51:03.014,318.808,7.4,431,258.6,"+  7.40  N  
","T: + 7.40 N
"
16:51:03.217,319.011,7.0,419,251.4,"+  7.00  N  
","T: + 7.10 N
"
16:51:03.420,319.214,7.0,398,238.8,"+  7.00  N  
","T: + 7.00 N
"
16:51:03.625,319.419,6.75,394,236.4,"+  6.75  N  
","T: + 6.65 N
"
16:51:03.829,319.623,6.3,358,214.8,"+  6.30  N  
","T: + 6.35 N
"
16:51:04.044,319.838,6.1,382,229.2,"+  6.10  N  
","T: + 5.75 N
"
16:51:04.248,320.043,6.2,371,222.6,"+  6.20  N  
","T: + 6.10 N
"
16:51:04.454,320.248,6.1,330,198.0,"+  6.10  N  
","T: + 6.55 N
"
16:51:04.673,320.467,7.0,425,255.0,"+  7.00  N  
","T: + 7.15 N
"
16:51:04.876,320.67,7.5,406,243.6,"+  7.50  N  
","T: + 7.35 N
"
16:51:05.078,320.872,7.45,423,253.8,"+  7.45  N  
","T: + 7.40 N
"
16:51:05.281,321.075,7.25,423,253.8,"+  7.25  N  
","T: + 7.40 N
"
16:51:05.484,321.278,7.35,407,244.2,"+  7.35  N  
","T: + 7.35 N
"
16:51:05.695,321.489,7.4,440,264.0,"+  7.40  N  
","T: + 7.35 N
"
16:51:05.898,321.692,7.5,410,246.0,"+  7.50  N  
","T: + 7.30 N
"
16:51:06.100,321.895,7.4,369,221.4,"+  7.40  N  
","T: + 7.30 N
"
16:51:06.303,322.097,7.4,409,245.4,"+  7.40  N  
","T: + 7.35 N
"
16:51:06.506,322.3,7.35,373,223.8,"+  7.35  N  
","T: + 7.25 N
"
16:51:06.714,322.509,7.4,416,249.6,"+  7.40  N  
","T: + 7.30 N
"
16:51:06.918,322.712,7.45,393,235.8,"+  7.45  N  
","T: + 7.30 N
"
16:51:07.120,322.915,7.3,369,221.4,"+  7.30  N  
","T: + 7.40 N
"
16:51:07.323,323.117,7.35,400,240.0,"+  7.35  N  
","T: + 7.45 N
"
16:51:07.525,323.32,7.4,368,220.8,"+  7.40  N  
","T: + 7.30 N
"
16:51:07.734,323.528,7.4,382,229.2,"+  7.40  N  
","T: + 7.35 N
"
16:51:07.937,323.731,7.3,388,232.8,"+  7.30  N  
","T: + 7.40 N
"
16:51:08.139,323.934,7.4,398,238.8,"+  7.40  N  
","T: + 7.40 N
"
16:51:08.342,324.136,7.35,414,248.4,"+  7.35  N  
","T: + 7.45 N
"
16:51:08.545,324.339,7.45,386,231.6,"+  7.45  N  
","T: + 7.30 N
"
16:51:08.753,324.547,7.4,369,221.4,"+  7.40  N  
","T: + 7.40 N
"
16:51:08.955,324.75,7.45,393,235.8,"+  7.45  N  
","T: + 7.45 N
"
16:51:09.158,324.952,7.35,391,234.6,"+  7.35  N  
","T: + 7.35 N
"
16:51:09.361,325.155,7.4,397,238.2,"+  7.40  N  
","T: + 7.35 N
"
16:51:09.564,325.358,7.45,391,234.6,"+  7.45  N  
","T: + 7.45 N
"
16:51:09.769,325.564,7.3,353,211.8,"+  7.30  N  
","T: + 7.45 N
"
16:51:09.974,325.769,7.4,401,240.6,"+  7.40  N  
","T: + 7.45 N
"
16:51:10.179,325.973,7.45,376,225.6,"+  7.45  N  
","T: + 7.40 N
"
16:51:10.383,326.177,7.45,354,212.4,"+  7.45  N  
","T: + 7.40 N
"
16:51:10.600,326.394,7.45,406,243.6,"+  7.45  N  
","T: + 7.55 N
"
16:51:10.804,326.599,7.4,368,220.8,"+  7.40  N  
","T: + 7.45 N
"
16:51:11.008,326.803,7.45,395,237.0,"+  7.45  N  
","T: + 7.50 N
"
16:51:11.227,327.022,7.45,423,253.8,"+  7.45  N  
","T: + 7.40 N
"
16:51:11.432,327.226,7.4,349,209.4,"+  7.40  N  
","T: + 7.40 N
"
16:51:11.636,327.43,7.5,387,232.2,"+  7.50  N  
","T: + 7.35 N
"
16:51:11.841,327.635,7.45,365,219.0,"+  7.45  N  
","T: + 7.45 N
"
16:51:12.045,327.839,7.5,394,236.4,"+  7.50  N  
","T: + 7.50 N
"
16:51:12.262,328.056,7.45,407,244.2,"+  7.45  N  
","T: + 7.55 N
"
16:51:12.466,328.261,7.35,367,220.2,"+  7.35  N  
","T: + 7.45 N
"
16:51:12.670,328.464,7.45,379,227.4,"+  7.45  N  
","T: + 7.50 N
"
16:51:12.875,328.669,7.5,384,230.4,"+  7.50  N  
","T: + 7.45 N
"
16:51:13.087,328.881,7.4,369,221.4,"+  7.40  N  
","T: + 7.40 N
"
16:51:13.295,329.089,7.5,377,226.2,"+  7.50  N  
","T: + 7.45 N
"
16:51:13.499,329.294,7.45,376,225.6,"+  7.45  N  
","T: + 7.50 N
"
16:51:13.704,329.498,7.4,374,224.4,"+  7.40  N  
","T: + 7.45 N
"
16:51:13.921,329.715,7.45,394,236.4,"+  7.45  N  
","T: + 7.45 N
"
16:51:14.125,329.919,7.5,373,223.8,"+  7.50  N  
","T: + 7.45 N
"
16:51:14.329,330.124,7.45,376,225.6,"+  7.45  N  
","T: + 7.50 N
"
16:51:14.542,330.336,7.35,397,238.2,"+  7.35  N  
","T: + 7.45 N
"
16:51:14.744,330.538,7.35,338,202.8,"+  7.35  N  
","T: + 7.40 N
"
16:51:14.947,330.741,7.5,333,199.8,"+  7.50  N  
","T: + 7.50 N
"
16:51:15.153,330.947,7.45,360,216.0,"+  7.45  N  
","T: + 7.50 N
"
16:51:15.356,331.15,7.5,337,202.2,"+  7.50  N  
","T: + 7.40 N
"
16:51:15.559,331.353,7.45,362,217.2,"+  7.45  N  
","T: + 7.40 N
"
16:51:15.761,331.556,7.4,365,219.0,"+  7.40  N  
","T: + 7.45 N
"
16:51:15.964,331.759,7.45,353,211.8,"+  7.45  N  
","T: + 7.45 N
"
16:51:16.172,331.966,7.45,367,220.2,"+  7.45  N  
","T: + 7.55 N
"
16:51:16.375,332.169,7.45,356,213.6,"+  7.45  N  
","T: + 7.55 N
"
16:51:16.578,332.372,7.45,339,203.4,"+  7.45  N  
","T: + 7.45 N
"
16:51:16.780,332.574,7.5,355,213.0,"+  7.50  N  
","T: + 7.45 N
"
16:51:16.983,332.777,7.45,339,203.4,"+  7.45  N  
","T: + 7.45 N
"
16:51:17.192,332.986,7.5,360,216.0,"+  7.50  N  
","T: + 7.55 N
"
16:51:17.394,333.188,7.45,359,215.4,"+  7.45  N  
","T: + 7.60 N
"
16:51:17.597,333.391,7.55,367,220.2,"+  7.55  N  
","T: + 7.50 N
"
16:51:17.800,333.594,7.45,333,199.8,"+  7.45  N  
","T: + 7.40 N
"
16:51:18.002,333.797,7.45,350,210.0,"+  7.45  N  
","T: + 7.45 N
"
16:51:18.211,334.005,7.45,359,215.4,"+  7.45  N  
","T: + 7.55 N
"
16:51:18.413,334.208,7.45,349,209.4,"+  7.45  N  
","T: + 7.50 N
"
16:51:18.616,334.41,7.5,348,208.8,"+  7.50  N  
","T: + 7.55 N
"
16:51:18.819,334.613,7.45,357,214.2,"+  7.45  N  
","T: + 7.50 N
"
16:51:19.021,334.815,7.45,331,198.6,"+  7.45  N  
","T: + 7.50 N
"
16:51:19.230,335.024,7.4,348,208.8,"+  7.40  N  
","T: + 7.55 N
"
16:51:19.433,335.227,7.45,355,213.0,"+  7.45  N  
","T: + 7.55 N
"
16:51:19.636,335.43,7.55,353,211.8,"+  7.55  N  
","T: + 7.50 N
"
16:51:19.842,335.636,7.5,357,214.2,"+  7.50  N  
","T: + 7.45 N
"
16:51:20.046,335.841,7.6,324,194.4,"+  7.60  N  
","T: + 7.60 N
"
16:51:20.251,336.046,7.55,341,204.6,"+  7.55  N  
","T: + 7.55 N
"
16:51:20.466,336.261,7.55,365,219.0,"+  7.55  N  
","T: + 7.55 N
"
16:51:20.671,336.465,7.55,337,202.2,"+  7.55  N  
","T: + 7.65 N
"
16:51:20.875,336.67,7.65,336,201.6,"+  7.65  N  
","T: + 7.50 N
"
16:51:21.093,336.887,7.55,327,196.2,"+  7.55  N  
","T: + 7.50 N
"
16:51:21.297,337.092,7.55,327,196.2,"+  7.55  N  
","T: + 7.50 N
"
16:51:21.502,337.296,7.5,337,202.2,"+  7.50  N  
","T: + 7.55 N
"
16:51:21.721,337.515,7.65,348,208.8,"+  7.65  N  
","T: + 7.60 N
"
16:51:21.925,337.719,7.65,332,199.2,"+  7.65  N  
","T: + 7.55 N
"
16:51:22.130,337.924,7.6,340,204.0,"+  7.60  N  
","T: + 7.50 N
"
16:51:22.334,338.128,7.55,321,192.6,"+  7.55  N  
","T: + 7.45 N
"
16:51:22.538,338.332,7.55,348,208.8,"+  7.55  N  
","T: + 7.55 N
"
16:51:22.751,338.545,7.6,362,217.2,"+  7.60  N  
","T: + 7.55 N
"
16:51:22.955,338.749,7.45,312,187.2,"+  7.45  N  
","T: + 7.55 N
"
16:51:23.159,338.954,7.45,299,179.4,"+  7.45  N  
","T: + 7.45 N
"
16:51:23.376,339.171,7.45,353,211.8,"+  7.45  N  
","T: + 7.55 N
"
16:51:23.580,339.375,7.5,324,194.4,"+  7.50  N  
","T: + 7.65 N
"
16:51:23.785,339.579,7.45,344,206.4,"+  7.45  N  
","T: + 7.65 N
"
16:51:24.001,339.795,7.5,363,217.8,"+  7.50  N  
","T: + 7.60 N
"
16:51:24.205,339.999,7.55,315,189.0,"+  7.55  N  
","T: + 7.55 N
"
16:51:24.409,340.204,7.6,337,202.2,"+  7.60  N  
","T: + 7.60 N
"
16:51:24.614,340.408,7.6,341,204.6,"+  7.60  N  
","T: + 7.65 N
"
16:51:24.819,340.613,7.55,314,188.4,"+  7.55  N  
","T: + 7.50 N
"
16:51:25.024,340.819,7.55,329,197.4,"+  7.55  N  
","T: + 7.50 N
"
16:51:25.229,341.023,7.55,316,189.6,"+  7.55  N  
","T: + 7.65 N
"
16:51:25.434,341.228,7.5,323,193.8,"+  7.50  N  
","T: + 7.60 N
"
16:51:25.638,341.432,7.75,334,200.4,"+  7.75  N  
","T: + 7.55 N
"
16:51:25.843,341.637,7.55,330,198.0,"+  7.55  N  
","T: + 7.60 N
"
16:51:26.060,341.855,7.6,360,216.0,"+  7.60  N  
","T: + 7.55 N
"
16:51:26.265,342.059,7.65,307,184.2,"+  7.65  N  
","T: + 7.60 N
"
16:51:26.469,342.263,7.6,335,201.0,"+  7.60  N  
","T: + 7.70 N
"
16:51:26.673,342.468,7.6,321,192.6,"+  7.60  N  
","T: + 7.60 N
"
16:51:26.878,342.672,7.65,334,200.4,"+  7.65  N  
","T: + 7.65 N
"
16:51:27.092,342.886,7.55,302,181.2,"+  7.55  N  
","T: + 7.60 N
"
16:51:27.296,343.091,7.65,324,194.4,"+  7.65  N  
","T: + 7.65 N
"
16:51:27.501,343.295,7.6,304,182.4,"+  7.60  N  
","T: + 7.60 N
"
16:51:27.705,343.499,7.6,333,199.8,"+  7.60  N  
","T: + 7.60 N
"
16:51:27.910,343.704,7.55,314,188.4,"+  7.55  N  
","T: + 7.55 N
"
16:51:28.129,343.923,7.55,336,201.6,"+  7.55  N  
","T: + 7.65 N
"
16:51:28.333,344.128,7.65,311,186.6,"+  7.65  N  
","T: + 7.60 N
"
16:51:28.538,344.332,7.5,319,191.4,"+  7.50  N  
","T: + 7.65 N
"
16:51:28.751,344.546,7.55,341,204.6,"+  7.55  N  
","T: + 7.55 N
"
16:51:28.975,344.769,7.55,342,205.2,"+  7.55  N  
","T: + 7.55 N
"
16:51:29.178,344.973,7.55,175,105.0,"+  7.55  N  
","T: + 7.45 N
"
16:51:29.393,345.188,7.5,26,15.6,"+  7.50  N  
","T: + 7.45 N
"
16:51:29.597,345.392,7.45,1,0.6,"+  7.45  N  
","T: + 7.50 N
"
16:51:29.801,345.596,7.5,0,0.0,"+  7.50  N  
","T: + 7.45 N
"
16:51:30.005,345.8,7.6,0,0.0,"+  7.60  N  
","T: + 7.45 N
"
16:51:30.209,346.004,7.4,0,0.0,"+  7.40  N  
","T: + 7.45 N
"
16:51:30.424,346.219,7.6,0,0.0,"+  7.60  N  
","T: + 7.60 N
"
16:51:30.628,346.423,7.45,0,0.0,"+  7.45  N  
","T: + 7.55 N
"
16:51:30.832,346.627,7.55,0,0.0,"+  7.55  N  
","T: + 7.55 N
"
16:51:31.050,346.844,7.45,0,0.0,"+  7.45  N  
","T: + 7.45 N
"
16:51:31.254,347.048,7.45,0,0.0,"+  7.45  N  
","T: + 7.50 N
"
16:51:31.458,347.252,7.45,0,0.0,"+  7.45  N  
","T: + 7.50 N
"
16:51:31.662,347.457,7.45,0,0.0,"+  7.45  N  
","T: + 7.50 N
"
16:51:31.866,347.661,7.45,0,0.0,"+  7.45  N  
","T: + 7.60 N
"
16:51:32.083,347.877,7.45,0,0.0,"+  7.45  N  
","T: + 7.45 N
"
16:51:32.287,348.081,7.4,0,0.0,"+  7.40  N  
","T: + 7.55 N
"
16:51:32.491,348.286,7.45,0,0.0,"+  7.45  N  
","T: + 7.50 N
"
16:51:32.705,348.499,7.5,0,0.0,"+  7.50  N  
","T: + 7.45 N
"
16:51:32.909,348.703,7.5,0,0.0,"+  7.50  N  
","T: + 7.55 N
"
16:51:33.113,348.907,7.55,0,0.0,"+  7.55  N  
","T: + 7.50 N
"
16:51:33.327,349.121,7.4,0,0.0,"+  7.40  N  
","T: + 7.50 N
"
16:51:33.531,349.325,7.45,0,0.0,"+  7.45  N  
","T: + 7.40 N
"
16:51:33.736,349.53,7.5,0,0.0,"+  7.50  N  
","T: + 7.50 N
"
16:51:33.940,349.734,7.5,0,0.0,"+  7.50  N  
","T: + 7.55 N
"
16:51:34.144,349.938,7.45,0,0.0,"+  7.45  N  
","T: + 7.50 N
"
16:51:34.357,350.152,7.55,0,0.0,"+  7.55  N  
","T: + 7.45 N
"
16:51:34.562,350.356,7.5,0,0.0,"+  7.50  N  
","T: + 7.40 N
"
16:51:34.766,350.56,7.55,0,0.0,"+  7.55  N  
","T: + 7.55 N
"
16:51:34.970,350.765,7.5,0,0.0,"+  7.50  N  
","T: + 7.55 N
"
16:51:35.175,350.969,7.55,0,0.0,"+  7.55  N  
","T: + 7.50 N
"
16:51:35.385,351.179,7.5,0,0.0,"+  7.50  N  
","T: + 7.50 N
"
16:51:35.588,351.382,7.55,0,0.0,"+  7.55  N  
","T: + 7.55 N
"
16:51:35.791,351.585,7.55,0,0.0,"+  7.55  N  
","T: + 7.55 N
"
16:51:35.993,351.788,7.55,0,0.0,"+  7.55  N  
","T: + 7.50 N
"
16:51:36.205,351.999,7.5,0,0.0,"+  7.50  N  
","T: + 7.55 N
"
16:51:36.408,352.202,7.55,0,0.0,"+  7.55  N  
","T: + 7.45 N
"
16:51:36.610,352.404,7.45,0,0.0,"+  7.45  N  
","T: + 7.50 N
"
16:51:36.813,352.607,7.5,0,0.0,"+  7.50  N  
","T: + 7.60 N
"
16:51:37.015,352.809,7.5,0,0.0,"+  7.50  N  
","T: + 7.50 N
"
16:51:37.220,353.014,7.6,0,0.0,"+  7.60  N  
","T: + 7.50 N
"
16:51:37.423,353.217,7.6,0,0.0,"+  7.60  N  
","T: + 7.50 N
"
16:51:37.625,353.42,7.45,0,0.0,"+  7.45  N  
","T: + 7.55 N
"
16:51:37.828,353.622,7.4,0,0.0,"+  7.40  N  
","T: + 7.55 N
"
16:51:38.039,353.834,7.55,0,0.0,"+  7.55  N  
","T: + 7.55 N
"
16:51:38.242,354.036,7.55,0,0.0,"+  7.55  N  
","T: + 7.55 N
"
16:51:38.445,354.239,7.5,0,0.0,"+  7.50  N  
","T: + 7.55 N
"
16:51:38.647,354.441,7.5,0,0.0,"+  7.50  N  
","T: + 7.65 N
"
16:51:38.859,354.654,7.5,0,0.0,"+  7.50  N  
","T: + 7.60 N
"
16:51:39.062,354.857,7.55,0,0.0,"+  7.55  N  
","T: + 7.55 N
"
16:51:39.265,355.059,7.5,0,0.0,"+  7.50  N  
","T: + 7.35 N
"
16:51:39.468,355.262,7.55,0,0.0,"+  7.55  N  
","T: + 7.55 N
"
16:51:39.671,355.466,7.45,0,0.0,"+  7.45  N  
","T: + 7.50 N
"
16:51:39.878,355.672,7.6,0,0.0,"+  7.60  N  
","T: + 7.45 N
"
16:51:40.081,355.875,7.45,0,0.0,"+  7.45  N  
","T: + 7.50 N
"
16:51:40.285,356.079,7.45,0,0.0,"+  7.45  N  
","T: + 7.45 N
"
16:51:40.489,356.284,7.5,0,0.0,"+  7.50  N  
","T: + 7.55 N
"
16:51:40.693,356.488,7.5,0,0.0,"+  7.50  N  
","T: + 7.45 N
"
16:51:40.898,356.692,7.45,0,0.0,"+  7.45  N  
","T: + 7.50 N
"
16:51:41.113,356.908,7.55,0,0.0,"+  7.55  N  
","T: + 7.50 N
"
16:51:41.318,357.112,7.45,0,0.0,"+  7.45  N  
","T: + 7.50 N
"
16:51:41.522,357.316,7.45,0,0.0,"+  7.45  N  
","T: + 7.45 N
"
16:51:41.741,357.535,7.4,0,0.0,"+  7.40  N  
","T: + 7.45 N
"
16:51:41.945,357.74,7.45,0,0.0,"+  7.45  N  
","T: + 7.45 N
"
16:51:42.150,357.944,7.55,0,0.0,"+  7.55  N  
","T: + 7.45 N
"
16:51:42.365,358.159,7.45,0,0.0,"+  7.45  N  
","T: + 7.45 N
"
16:51:42.569,358.364,7.45,0,0.0,"+  7.45  N  
","T: + 7.40 N
"
16:51:42.774,358.568,7.45,0,0.0,"+  7.45  N  
","T: + 7.45 N
"
16:51:42.992,358.786,7.5,0,0.0,"+  7.50  N  
","T: + 7.40 N
"
16:51:43.196,358.991,7.45,0,0.0,"+  7.45  N  
","T: + 7.40 N
"
16:51:43.401,359.195,7.5,0,0.0,"+  7.50  N  
","T: + 7.45 N
"
16:51:43.617,359.411,7.5,0,0.0,"+  7.50  N  
","T: + 7.40 N
"
16:51:43.821,359.615,7.5,0,0.0,"+  7.50  N  
","T: + 7.45 N
"
16:51:44.025,359.819,7.45,0,0.0,"+  7.45  N  
","T: + 7.45 N
"
16:51:44.229,360.023,7.4,0,0.0,"+  7.40  N  
","T: + 7.55 N
"
16:51:44.433,360.227,7.45,0,0.0,"+  7.45  N  
","T: + 7.45 N
"
16:51:44.646,360.44,7.55,0,0.0,"+  7.55  N  
","T: + 7.55 N
"
16:51:44.850,360.644,7.55,0,0.0,"+  7.55  N  
","T: + 7.45 N
"
16:51:45.054,360.848,7.5,0,0.0,"+  7.50  N  
","T: + 7.60 N
"
16:51:45.258,361.053,7.55,0,0.0,"+  7.55  N  
","T: + 7.45 N
"
16:51:45.463,361.257,7.55,0,0.0,"+  7.55  N  
","T: + 7.50 N
"
16:51:45.677,361.471,7.5,0,0.0,"+  7.50  N  
","T: + 7.55 N
"
16:51:45.881,361.675,7.5,0,0.0,"+  7.50  N  
","T: + 7.55 N
"
16:51:46.089,361.884,7.55,0,0.0,"+  7.55  N  
","T: + 7.50 N
"
16:51:46.293,362.088,7.6,0,0.0,"+  7.60  N  
","T: + 7.50 N
"
16:51:46.497,362.292,7.6,0,0.0,"+  7.60  N  
","T: + 7.45 N
"
16:51:46.702,362.496,7.45,0,0.0,"+  7.45  N  
","T: + 7.40 N
"
16:51:46.917,362.712,7.4,0,0.0,"+  7.40  N  
","T: + 7.60 N
"
16:51:47.122,362.916,7.5,0,0.0,"+  7.50  N  
","T: + 7.55 N
"
16:51:47.326,363.12,7.55,0,0.0,"+  7.55  N  
","T: + 7.40 N
"
16:51:47.541,363.336,7.5,0,0.0,"+  7.50  N  
","T: + 7.45 N
"
16:51:47.746,363.54,7.45,0,0.0,"+  7.45  N  
","T: + 7.50 N
"
16:51:47.950,363.744,7.5,0,0.0,"+  7.50  N  
","T: + 7.50 N
"
16:51:48.167,363.961,7.45,0,0.0,"+  7.45  N  
","T: + 7.50 N
"
16:51:48.371,364.165,7.55,0,0.0,"+  7.55  N  
","T: + 7.55 N
"
16:51:48.575,364.37,7.65,0,0.0,"+  7.65  N  
","T: + 7.45 N
"
16:51:48.780,364.574,7.5,0,0.0,"+  7.50  N  
","T: + 7.45 N
"
16:51:48.984,364.779,7.5,0,0.0,"+  7.50  N  
","T: + 7.50 N
"
16:51:49.203,364.997,7.5,0,0.0,"+  7.50  N  
","T: + 7.50 N
"
16:51:49.407,365.201,7.5,0,0.0,"+  7.50  N  
","T: + 7.55 N
"
16:51:49.611,365.406,7.55,0,0.0,"+  7.55  N  
","T: + 7.55 N
"
16:51:49.822,365.616,7.45,0,0.0,"+  7.45  N  
","T: + 7.50 N
"
16:51:50.026,365.82,7.45,0,0.0,"+  7.45  N  
","T: + 7.45 N
"
16:51:50.230,366.025,7.55,0,0.0,"+  7.55  N  
","T: + 7.40 N
"
16:51:50.447,366.241,7.5,0,0.0,"+  7.50  N  
","T: + 7.50 N
"
16:51:50.651,366.445,7.45,0,0.0,"+  7.45  N  
","T: + 7.55 N
"
16:51:50.855,366.649,7.5,0,0.0,"+  7.50  N  
","T: + 7.40 N
"
16:51:51.060,366.854,7.45,0,0.0,"+  7.45  N  
","T: + 7.50 N
"
16:51:51.262,367.056,7.4,0,0.0,"+  7.40  N  
","T: + 7.50 N
"
16:51:51.472,367.266,7.5,0,0.0,"+  7.50  N  
","T: + 7.50 N
"
16:51:51.674,367.469,7.45,0,0.0,"+  7.45  N  
","T: + 7.50 N
"
16:51:51.877,367.672,7.5,0,0.0,"+  7.50  N  
","T: + 7.45 N
"
16:51:52.080,367.874,7.55,0,0.0,"+  7.55  N  
","T: + 7.55 N
"
16:51:52.291,368.085,7.5,0,0.0,"+  7.50  N  
","T: + 7.55 N
"
16:51:52.493,368.287,7.55,0,0.0,"+  7.55  N  
","T: + 7.60 N
"
16:51:52.696,368.49,7.5,0,0.0,"+  7.50  N  
","T: + 7.55 N
"
16:51:52.899,368.693,7.45,0,0.0,"+  7.45  N  
","T: + 7.60 N
"
16:51:53.101,368.896,7.6,0,0.0,"+  7.60  N  
","T: + 7.60 N
"
16:51:53.306,369.101,7.55,0,0.0,"+  7.55  N  
","T: + 7.55 N
"
16:51:53.509,369.303,7.6,0,0.0,"+  7.60  N  
","T: + 7.65 N
"
16:51:53.712,369.506,7.55,0,0.0,"+  7.55  N  
","T: + 7.60 N
"
16:51:53.914,369.708,7.6,0,0.0,"+  7.60  N  
","T: + 7.55 N
"
16:51:54.117,369.911,7.6,0,0.0,"+  7.60  N  
","T: + 7.60 N
"
16:51:54.322,370.116,7.6,0,0.0,"+  7.60  N  
","T: + 7.65 N
"
16:51:54.524,370.319,7.6,0,0.0,"+  7.60  N  
","T: + 7.60 N
"
16:51:54.727,370.521,7.65,0,0.0,"+  7.65  N  
","T: + 7.60 N
"
16:51:54.930,370.724,7.6,0,0.0,"+  7.60  N  
","T: + 7.55 N
"
16:51:55.142,370.936,7.55,0,0.0,"+  7.55  N  
","T: + 7.55 N
"
16:51:55.344,371.138,7.6,0,0.0,"+  7.60  N  
","T: + 7.60 N
"
16:51:55.547,371.341,7.6,0,0.0,"+  7.60  N  
","T: + 7.60 N
"
16:51:55.749,371.544,7.55,0,0.0,"+  7.55  N  
","T: + 7.60 N
"
16:51:55.960,371.754,7.55,0,0.0,"+  7.55  N  
","T: + 7.55 N
"
16:51:56.165,371.959,7.6,0,0.0,"+  7.60  N  
","T: + 7.60 N
"
16:51:56.369,372.164,7.5,0,0.0,"+  7.50  N  
","T: + 7.55 N
"
16:51:56.574,372.368,7.55,0,0.0,"+  7.55  N  
","T: + 7.65 N
"
16:51:56.788,372.583,7.65,0,0.0,"+  7.65  N  
","T: + 7.60 N
"
16:51:56.993,372.787,7.65,0,0.0,"+  7.65  N  
","T: + 7.65 N
"
16:51:57.197,372.991,7.6,0,0.0,"+  7.60  N  
","T: + 7.60 N
"
16:51:57.416,373.21,7.65,0,0.0,"+  7.65  N  
","T: + 7.65 N
"
16:51:57.620,373.414,7.55,0,0.0,"+  7.55  N  
","T: + 7.65 N
"
16:51:57.824,373.619,7.6,0,0.0,"+  7.60  N  
","T: + 7.50 N
"
16:51:58.041,373.836,7.55,0,0.0,"+  7.55  N  
","T: + 7.65 N
"
16:51:58.245,374.04,7.55,0,0.0,"+  7.55  N  
","T: + 7.60 N
"
16:51:58.450,374.244,7.65,0,0.0,"+  7.65  N  
","T: + 7.65 N
"
16:51:58.666,374.461,7.65,0,0.0,"+  7.65  N  
","T: + 7.70 N
"
16:51:58.870,374.665,7.65,0,0.0,"+  7.65  N  
","T: + 7.65 N
"
16:51:59.088,374.883,7.5,0,0.0,"+  7.50  N  
","T: + 7.55 N
"
16:51:59.293,375.087,7.6,0,0.0,"+  7.60  N  
","T: + 7.55 N
"
16:51:59.509,375.303,7.55,0,0.0,"+  7.55  N  
","T: + 7.65 N
"
16:51:59.713,375.508,7.6,0,0.0,"+  7.60  N  
","T: + 7.60 N
"
16:51:59.918,375.712,7.6,0,0.0,"+  7.60  N  
","T: + 7.55 N
"
16:52:00.135,375.929,7.55,0,0.0,"+  7.55  N  
","T: + 7.55 N
"
16:52:00.340,376.134,7.5,0,0.0,"+  7.50  N  
","T: + 7.55 N
"
16:52:00.544,376.338,7.6,0,0.0,"+  7.60  N  
","T: + 7.60 N
"
16:52:00.748,376.542,7.6,0,0.0,"+  7.60  N  
","T: + 7.55 N
"
16:52:00.952,376.746,7.5,0,0.0,"+  7.50  N  
","T: + 7.50 N
"
16:52:01.166,376.96,7.6,0,0.0,"+  7.60  N  
","T: + 7.65 N
"
16:52:01.370,377.165,7.65,0,0.0,"+  7.65  N  
","T: + 7.60 N
"
16:52:01.574,377.368,7.6,0,0.0,"+  7.60  N  
","T: + 7.65 N
"
16:52:01.777,377.571,7.65,0,0.0,"+  7.65  N  
","T: + 7.60 N
"
16:52:01.979,377.774,7.65,0,0.0,"+  7.65  N  
","T: + 7.65 N
"
16:52:02.182,377.976,7.6,0,0.0,"+  7.60  N  
","T: + 7.60 N
"
16:52:02.384,378.179,7.65,0,0.0,"+  7.65  N  
","T: + 7.65 N
"
16:52:02.589,378.384,7.65,0,0.0,"+  7.65  N  
","T: + 7.60 N
"
16:52:02.792,378.586,7.6,0,0.0,"+  7.60  N  
","T: + 7.60 N
"
16:52:02.995,378.789,7.65,0,0.0,"+  7.65  N  
","T: + 7.60 N
"
16:52:03.197,378.992,7.65,0,0.0,"+  7.65  N  
","T: + 7.65 N
"
16:52:03.409,379.203,7.65,0,0.0,"+  7.65  N  
","T: + 7.65 N
"
16:52:03.611,379.406,7.65,0,0.0,"+  7.65  N  
","T: + 7.65 N
"
16:52:03.814,379.609,7.65,0,0.0,"+  7.65  N  
","T: + 7.65 N
"
16:52:04.017,379.811,7.65,0,0.0,"+  7.65  N  
","T: + 7.70 N
"
16:52:04.219,380.014,7.55,0,0.0,"+  7.55  N  
","T: + 7.60 N
"
16:52:04.424,380.219,7.75,0,0.0,"+  7.75  N  
","T: + 7.55 N
"
16:52:04.628,380.422,7.65,0,0.0,"+  7.65  N  
","T: + 7.60 N
"
16:52:04.830,380.624,7.55,0,0.0,"+  7.55  N  
","T: + 7.60 N
"
16:52:05.033,380.827,7.65,0,0.0,"+  7.65  N  
","T: + 7.55 N
"
16:52:05.235,381.03,7.65,0,0.0,"+  7.65  N  
","T: + 7.65 N
"
16:52:05.440,381.235,7.6,0,0.0,"+  7.60  N  
","T: + 7.55 N
"
16:52:05.643,381.437,7.6,0,0.0,"+  7.60  N  
","T: + 7.60 N
"
16:52:05.845,381.64,7.55,0,0.0,"+  7.55  N  
","T: + 7.55 N
"
16:52:06.048,381.843,7.65,0,0.0,"+  7.65  N  
","T: + 7.70 N
"
16:52:06.259,382.053,7.45,0,0.0,"+  7.45  N  
","T: + 7.55 N
"
16:52:06.462,382.256,7.5,0,0.0,"+  7.50  N  
","T: + 7.65 N
"
16:52:06.666,382.461,7.5,0,0.0,"+  7.50  N  
","T: + 7.25 N
"
16:52:06.869,382.663,7.1,0,0.0,"+  7.10  N  
","T: + 7.20 N
"
16:52:07.075,382.87,7.2,18,10.8,"+  7.20  N  
","T: + 7.40 N
"
16:52:07.278,383.072,7.85,31,18.6,"+  7.85  N  
","T: + 7.65 N
"
16:52:07.481,383.275,7.8,24,14.4,"+  7.80  N  
","T: + 7.75 N
"
16:52:07.684,383.478,7.5,10,6.0,"+  7.50  N  
","T: + 7.75 N
"
16:52:07.886,383.68,7.7,17,10.2,"+  7.70  N  
","T: + 7.60 N
"
16:52:08.092,383.886,7.45,5,3.0,"+  7.45  N  
","T: + 7.55 N
"
16:52:08.294,384.089,7.7,11,6.6,"+  7.70  N  
","T: + 8.10 N
"
16:52:08.497,384.292,8.65,15,9.0,"+  8.65  N  
","T: + 9.20 N
"
16:52:08.700,384.494,8.85,55,33.0,"+  8.85  N  
","T: + 8.60 N
"
16:52:08.902,384.697,8.6,60,36.0,"+  8.60  N  
","T: + 8.45 N
"
16:52:09.108,384.902,9.15,17,10.2,"+  9.15  N  
","T: + 9.70 N
"
16:52:09.311,385.105,9.35,60,36.0,"+  9.35  N  
","T: + 8.80 N
"
16:52:09.514,385.308,8.55,49,29.4,"+  8.55  N  
","T: + 8.90 N
"
16:52:09.716,385.511,9.25,11,6.6,"+  9.25  N  
","T: + 9.75 N
"
16:52:09.928,385.722,10.1,6,3.6,"+ 10.10  N  
","T: + 10.25 N
"
16:52:10.131,385.925,10.25,43,25.8,"+ 10.25  N  
","T: + 9.75 N
"
16:52:10.334,386.128,8.35,8,4.8,"+  8.35  N  
","T: + 8.35 N
"
16:52:10.536,386.33,8.35,1,0.6,"+  8.35  N  
","T: + 8.05 N
"
16:52:10.739,386.533,8.0,72,43.2,"+  8.00  N  
","T: + 8.60 N
"
16:52:10.944,386.739,9.15,4,2.4,"+  9.15  N  
","T: + 9.45 N
"
16:52:11.147,386.941,9.4,74,44.4,"+  9.40  N  
","T: + 9.65 N
"
16:52:11.350,387.144,9.1,59,35.4,"+  9.10  N  
","T: + 9.00 N
"
16:52:11.552,387.347,9.2,21,12.6,"+  9.20  N  
","T: + 9.35 N
"
16:52:11.756,387.55,9.15,3,1.8,"+  9.15  N  
","T: + 8.45 N
"
16:52:11.959,387.754,8.5,26,15.6,"+  8.50  N  
","T: + 8.65 N
"
16:52:12.163,387.958,8.95,3,1.8,"+  8.95  N  
","T: + 9.55 N
"
16:52:12.381,388.175,10.3,0,0.0,"+ 10.30  N  
","T: + 10.25 N
"
16:52:12.586,388.38,10.65,4,2.4,"+ 10.65  N  
","T: + 10.10 N
"
16:52:12.790,388.584,9.15,24,14.4,"+  9.15  N  
","T: + 8.75 N
"
16:52:12.994,388.788,8.65,0,0.0,"+  8.65  N  
","T: + 8.15 N
"
16:52:13.198,388.992,8.0,3,1.8,"+  8.00  N  
","T: + 8.00 N
"
16:52:13.411,389.205,7.85,7,4.2,"+  7.85  N  
","T: + 7.70 N
"
16:52:13.615,389.41,7.85,3,1.8,"+  7.85  N  
","T: + 8.30 N
"
16:52:13.819,389.614,8.55,0,0.0,"+  8.55  N  
","T: + 9.65 N
"
16:52:14.024,389.818,9.6,1,0.6,"+  9.60  N  
","T: + 8.70 N
"
16:52:14.228,390.022,9.3,1,0.6,"+  9.30  N  
","T: + 9.00 N
"
16:52:14.444,390.238,8.85,0,0.0,"+  8.85  N  
","T: + 9.25 N
"
16:52:14.648,390.442,8.7,0,0.0,"+  8.70  N  
","T: + 9.15 N
"
16:52:14.852,390.647,8.8,0,0.0,"+  8.80  N  
","T: + 8.95 N
"
16:52:15.067,390.862,9.0,0,0.0,"+  9.00  N  
","T: + 8.90 N
"
16:52:15.271,391.066,9.05,0,0.0,"+  9.05  N  
","T: + 8.75 N
"
16:52:15.476,391.27,9.05,0,0.0,"+  9.05  N  
","T: + 8.85 N
"
16:52:15.680,391.474,8.9,0,0.0,"+  8.90  N  
","T: + 8.95 N
"
16:52:15.884,391.678,8.8,0,0.0,"+  8.80  N  
","T: + 9.05 N
"
16:52:16.098,391.892,8.85,0,0.0,"+  8.85  N  
","T: + 9.00 N
"
16:52:16.302,392.096,8.95,0,0.0,"+  8.95  N  
","T: + 8.85 N
"
16:52:16.506,392.301,8.95,0,0.0,"+  8.95  N  
","T: + 8.90 N
"
16:52:16.723,392.517,8.95,0,0.0,"+  8.95  N  
","T: + 8.85 N
"
16:52:16.927,392.721,8.95,0,0.0,"+  8.95  N  
","T: + 8.85 N
"
16:52:17.131,392.925,8.9,0,0.0,"+  8.90  N  
","T: + 8.80 N
"
16:52:17.343,393.137,8.85,0,0.0,"+  8.85  N  
","T: + 8.95 N
"
16:52:17.548,393.342,8.95,0,0.0,"+  8.95  N  
","T: + 8.85 N
"
16:52:17.752,393.546,8.85,0,0.0,"+  8.85  N  
","T: + 8.90 N
"
16:52:17.968,393.762,8.9,0,0.0,"+  8.90  N  
","T: + 8.90 N
"
16:52:18.172,393.966,9.0,0,0.0,"+  9.00  N  
","T: + 8.90 N
"
16:52:18.376,394.171,8.9,0,0.0,"+  8.90  N  
","T: + 8.90 N
"
16:52:18.595,394.389,8.95,0,0.0,"+  8.95  N  
","T: + 8.95 N
"
16:52:18.800,394.594,8.95,0,0.0,"+  8.95  N  
","T: + 8.95 N
"
16:52:19.005,394.799,8.9,0,0.0,"+  8.90  N  
","T: + 8.95 N
"
16:52:19.208,395.003,8.95,0,0.0,"+  8.95  N  
","T: + 8.90 N
"
16:52:19.413,395.207,8.95,0,0.0,"+  8.95  N  
","T: + 8.95 N
"
16:52:19.616,395.411,8.85,0,0.0,"+  8.85  N  
","T: + 8.90 N
"
16:52:19.820,395.615,8.9,0,0.0,"+  8.90  N  
","T: + 8.85 N
"
16:52:20.034,395.828,8.9,0,0.0,"+  8.90  N  
","T: + 8.80 N
"
16:52:20.238,396.032,8.9,0,0.0,"+  8.90  N  
","T: + 8.90 N
"
16:52:20.443,396.237,8.95,0,0.0,"+  8.95  N  
","T: + 8.90 N
"
16:52:20.659,396.453,8.95,0,0.0,"+  8.95  N  
","T: + 8.95 N
"
16:52:20.863,396.658,8.9,0,0.0,"+  8.90  N  
","T: + 8.95 N
"
16:52:21.068,396.862,8.9,0,0.0,"+  8.90  N  
","T: + 8.85 N
"
16:52:21.286,397.08,8.9,0,0.0,"+  8.90  N  
","T: + 8.90 N
"
16:52:21.490,397.284,8.8,0,0.0,"+  8.80  N  
","T: + 8.90 N
"
16:52:21.694,397.489,8.9,0,0.0,"+  8.90  N  
","T: + 8.85 N
"
16:52:21.899,397.693,8.8,0,0.0,"+  8.80  N  
","T: + 8.85 N
"
16:52:22.103,397.897,8.85,0,0.0,"+  8.85  N  
","T: + 8.85 N
"
16:52:22.316,398.111,8.9,0,0.0,"+  8.90  N  
","T: + 8.90 N
"
16:52:22.522,398.316,8.85,0,0.0,"+  8.85  N  
","T: + 8.90 N
"
16:52:22.724,398.519,8.85,0,0.0,"+  8.85  N  
","T: + 8.90 N
"
16:52:22.927,398.721,8.8,0,0.0,"+  8.80  N  
","T: + 8.85 N
"
16:52:23.132,398.926,8.85,0,0.0,"+  8.85  N  
","T: + 8.90 N
"
16:52:23.334,399.129,8.9,0,0.0,"+  8.90  N  
","T: + 8.90 N
"
16:52:23.537,399.331,8.9,0,0.0,"+  8.90  N  
","T: + 8.90 N
"
16:52:23.740,399.534,8.9,0,0.0,"+  8.90  N  
","T: + 8.90 N
"
16:52:23.950,399.745,8.9,0,0.0,"+  8.90  N  
","T: + 8.85 N
"
16:52:24.153,399.947,8.9,0,0.0,"+  8.90  N  
","T: + 8.90 N
"
16:52:24.356,400.15,8.85,0,0.0,"+  8.85  N  
","T: + 8.90 N
"
16:52:24.558,400.353,8.9,0,0.0,"+  8.90  N  
","T: + 8.90 N
"
16:52:24.761,400.555,8.85,0,0.0,"+  8.85  N  
","T: + 8.90 N
"
16:52:24.967,400.761,8.8,0,0.0,"+  8.80  N  
","T: + 8.80 N
"
16:52:25.170,400.964,8.85,0,0.0,"+  8.85  N  
","T: + 8.90 N
"
16:52:25.372,401.167,8.85,0,0.0,"+  8.85  N  
","T: + 8.75 N
"
16:52:25.575,401.369,8.85,0,0.0,"+  8.85  N  
","T: + 8.80 N
"
16:52:25.786,401.581,8.85,0,0.0,"+  8.85  N  
","T: + 8.80 N
"
16:52:25.989,401.783,8.8,0,0.0,"+  8.80  N  
","T: + 8.80 N
"
16:52:26.191,401.986,8.8,0,0.0,"+  8.80  N  
","T: + 8.80 N
"
16:52:26.394,402.189,8.9,0,0.0,"+  8.90  N  
","T: + 8.80 N
"
16:52:26.605,402.399,8.8,0,0.0,"+  8.80  N  
","T: + 8.85 N
"
16:52:26.807,402.602,8.85,0,0.0,"+  8.85  N  
","T: + 8.75 N
"
16:52:27.010,402.804,8.75,0,0.0,"+  8.75  N  
","T: + 8.80 N
"
16:52:27.212,403.007,8.9,0,0.0,"+  8.90  N  
","T: + 8.85 N
"
16:52:27.416,403.21,8.75,0,0.0,"+  8.75  N  
","T: + 8.80 N
"
16:52:27.636,403.43,8.9,0,0.0,"+  8.90  N  
","T: + 8.85 N
"
16:52:27.842,403.636,8.9,0,0.0,"+  8.90  N  
","T: + 8.80 N
"
16:52:28.046,403.84,8.75,0,0.0,"+  8.75  N  
","T: + 8.75 N
"
16:52:28.255,404.049,8.75,0,0.0,"+  8.75  N  
","T: + 8.70 N
"
16:52:28.459,404.253,8.7,0,0.0,"+  8.70  N  
","T: + 8.75 N
"
16:52:28.664,404.458,8.7,0,0.0,"+  8.70  N  
","T: + 8.80 N
"
16:52:28.880,404.674,8.8,0,0.0,"+  8.80  N  
","T: + 8.80 N
"
16:52:29.084,404.878,8.7,0,0.0,"+  8.70  N  
","T: + 8.85 N
"
16:52:29.288,405.082,8.8,0,0.0,"+  8.80  N  
","T: + 8.70 N
"
16:52:29.502,405.297,8.8,0,0.0,"+  8.80  N  
","T: + 8.75 N
"
16:52:29.707,405.501,8.8,0,0.0,"+  8.80  N  
","T: + 8.75 N
"
16:52:29.911,405.706,8.7,0,0.0,"+  8.70  N  
","T: + 8.70 N
"
16:52:30.126,405.92,8.75,0,0.0,"+  8.75  N  
","T: + 8.70 N
"
16:52:30.330,406.124,8.75,0,0.0,"+  8.75  N  
","T: + 8.80 N
"
16:52:30.534,406.328,8.8,0,0.0,"+  8.80  N  
","T: + 8.70 N
"
16:52:30.750,406.545,8.75,0,0.0,"+  8.75  N  
","T: + 8.75 N
"
16:52:30.954,406.749,8.75,0,0.0,"+  8.75  N  
","T: + 8.75 N
"
16:52:31.159,406.953,8.8,0,0.0,"+  8.80  N  
","T: + 8.75 N
"
16:52:31.369,407.164,8.7,0,0.0,"+  8.70  N  
","T: + 8.75 N
"
16:52:31.574,407.368,8.7,0,0.0,"+  8.70  N  
","T: + 8.75 N
"
16:52:31.777,407.572,8.7,0,0.0,"+  8.70  N  
","T: + 8.75 N
"
16:52:31.982,407.776,8.7,0,0.0,"+  8.70  N  
","T: + 8.75 N
"
16:52:32.186,407.98,8.75,0,0.0,"+  8.75  N  
","T: + 8.70 N
"
16:52:32.402,408.196,8.65,0,0.0,"+  8.65  N  
","T: + 8.75 N
"
16:52:32.606,408.4,8.75,0,0.0,"+  8.75  N  
","T: + 8.75 N
"
16:52:32.811,408.605,8.7,0,0.0,"+  8.70  N  
","T: + 8.75 N
"
16:52:33.028,408.823,8.75,0,0.0,"+  8.75  N  
","T: + 8.70 N
"
16:52:33.233,409.027,8.8,0,0.0,"+  8.80  N  
","T: + 8.70 N
"
16:52:33.436,409.23,8.7,0,0.0,"+  8.70  N  
","T: + 8.70 N
"
16:52:33.638,409.433,8.75,0,0.0,"+  8.75  N  
","T: + 8.75 N
"
16:52:33.841,409.635,8.75,0,0.0,"+  8.75  N  
","T: + 8.65 N
"
16:52:34.052,409.847,8.7,0,0.0,"+  8.70  N  
","T: + 8.75 N
"
16:52:34.255,410.049,8.65,0,0.0,"+  8.65  N  
","T: + 8.70 N
"
16:52:34.458,410.253,8.65,0,0.0,"+  8.65  N  
","T: + 8.70 N
"
16:52:34.661,410.455,8.7,0,0.0,"+  8.70  N  
","T: + 8.80 N
"
16:52:34.863,410.658,8.75,0,0.0,"+  8.75  N  
","T: + 8.75 N
"
16:52:35.068,410.863,8.75,0,0.0,"+  8.75  N  
","T: + 8.85 N
"
16:52:35.271,411.065,8.75,0,0.0,"+  8.75  N  
","T: + 8.75 N
"
16:52:35.474,411.268,8.8,0,0.0,"+  8.80  N  
","T: + 8.75 N
"
16:52:35.677,411.471,8.7,0,0.0,"+  8.70  N  
","T: + 8.75 N
"
16:52:35.888,411.682,8.8,0,0.0,"+  8.80  N  
","T: + 8.85 N
"
16:52:36.091,411.885,8.9,0,0.0,"+  8.90  N  
","T: + 8.80 N
"
16:52:36.293,412.088,8.65,0,0.0,"+  8.65  N  
","T: + 8.80 N
"
16:52:36.496,412.29,8.75,0,0.0,"+  8.75  N  
","T: + 8.75 N
"
16:52:36.698,412.492,8.75,0,0.0,"+  8.75  N  
","T: + 8.80 N
"
16:52:36.903,412.697,8.8,0,0.0,"+  8.80  N  
","T: + 8.80 N
"
16:52:37.106,412.9,8.8,0,0.0,"+  8.80  N  
","T: + 8.80 N
"
16:52:37.308,413.103,8.75,0,0.0,"+  8.75  N  
","T: + 8.75 N
"
16:52:37.511,413.305,8.75,0,0.0,"+  8.75  N  
","T: + 8.85 N
"
16:52:37.722,413.517,8.8,0,0.0,"+  8.80  N  
","T: + 8.70 N
"
16:52:37.925,413.72,8.8,0,0.0,"+  8.80  N  
","T: + 8.75 N
"
16:52:38.130,413.924,8.8,0,0.0,"+  8.80  N  
","T: + 8.80 N
"
16:52:38.349,414.143,8.75,0,0.0,"+  8.75  N  
","T: + 8.80 N
"
16:52:38.553,414.348,8.75,0,0.0,"+  8.75  N  
","T: + 8.85 N
"
16:52:38.757,414.551,8.75,0,0.0,"+  8.75  N  
","T: + 8.80 N
"
16:52:38.974,414.768,8.8,0,0.0,"+  8.80  N  
","T: + 8.75 N
"
16:52:39.178,414.972,8.75,0,0.0,"+  8.75  N  
","T: + 8.80 N
"
16:52:39.382,415.176,8.85,0,0.0,"+  8.85  N  
","T: + 8.70 N
"
16:52:39.595,415.39,8.75,0,0.0,"+  8.75  N  
","T: + 8.75 N
"
16:52:39.799,415.594,8.8,0,0.0,"+  8.80  N  
","T: + 8.85 N
"
16:52:40.004,415.798,8.8,0,0.0,"+  8.80  N  
","T: + 8.70 N
"
16:52:40.221,416.015,8.7,0,0.0,"+  8.70  N  
","T: + 8.80 N
"
16:52:40.425,416.219,8.7,0,0.0,"+  8.70  N  
","T: + 8.70 N
"
16:52:40.629,416.423,8.75,0,0.0,"+  8.75  N  
","T: + 8.70 N
"
16:52:40.841,416.636,8.8,0,0.0,"+  8.80  N  
","T: + 8.85 N
"
16:52:41.046,416.84,8.8,0,0.0,"+  8.80  N  
","T: + 8.70 N
"
16:52:41.249,417.044,8.8,0,0.0,"+  8.80  N  
","T: + 8.70 N
"
16:52:41.467,417.261,8.75,0,0.0,"+  8.75  N  
","T: + 8.80 N
"
16:52:41.671,417.465,8.75,0,0.0,"+  8.75  N  
","T: + 8.80 N
"
16:52:41.876,417.67,8.85,0,0.0,"+  8.85  N  
","T: + 8.85 N
"
16:52:42.096,417.89,8.8,0,0.0,"+  8.80  N  
","T: + 8.80 N
"
16:52:42.300,418.095,8.8,0,0.0,"+  8.80  N  
","T: + 8.70 N
"
16:52:42.505,418.299,8.8,0,0.0,"+  8.80  N  
","T: + 8.70 N
"
16:52:42.723,418.518,8.8,0,0.0,"+  8.80  N  
","T: + 8.80 N
"
16:52:42.928,418.722,8.8,0,0.0,"+  8.80  N  
","T: + 8.75 N
"
16:52:43.132,418.926,8.8,0,0.0,"+  8.80  N  
","T: + 8.80 N
"
16:52:43.347,419.141,8.8,0,0.0,"+  8.80  N  
","T: + 8.75 N
"
16:52:43.551,419.345,8.75,0,0.0,"+  8.75  N  
","T: + 8.75 N
"
16:52:43.755,419.549,8.65,0,0.0,"+  8.65  N  
","T: + 8.75 N
"
16:52:43.959,419.753,8.75,0,0.0,"+  8.75  N  
","T: + 8.85 N
"
16:52:44.163,419.957,8.8,0,0.0,"+  8.80  N  
","T: + 8.75 N
"
16:52:44.379,420.173,8.7,0,0.0,"+  8.70  N  
","T: + 8.70 N
"
16:52:44.583,420.378,8.85,0,0.0,"+  8.85  N  
","T: + 8.85 N
"
16:52:44.788,420.582,8.7,0,0.0,"+  8.70  N  
","T: + 8.70 N
"
16:52:45.005,420.799,8.8,0,0.0,"+  8.80  N  
","T: + 8.80 N
"
16:52:45.209,421.004,8.7,0,0.0,"+  8.70  N  
","T: + 8.70 N
"
16:52:45.413,421.208,8.8,0,0.0,"+  8.80  N  
","T: + 8.75 N
"
16:52:45.628,421.423,8.75,0,0.0,"+  8.75  N  
","T: + 8.75 N
"
16:52:45.833,421.627,8.75,0,0.0,"+  8.75  N  
","T: + 8.75 N
"
16:52:46.037,421.831,8.75,0,0.0,"+  8.75  N  
","T: + 8.75 N
"
16:52:46.255,422.049,8.75,0,0.0,"+  8.75  N  
","T: + 8.75 N
"
16:52:46.460,422.254,8.8,0,0.0,"+  8.80  N  
","T: + 8.85 N
"
16:52:46.664,422.458,8.75,0,0.0,"+  8.75  N  
","T: + 8.75 N
"
16:52:46.868,422.663,8.75,0,0.0,"+  8.75  N  
","T: + 8.75 N
"
16:52:47.073,422.867,8.8,0,0.0,"+  8.80  N  
","T: + 8.75 N
"
16:52:47.292,423.086,8.8,0,0.0,"+  8.80  N  
","T: + 8.85 N
"
16:52:47.496,423.29,8.8,0,0.0,"+  8.80  N  
","T: + 8.80 N
"
16:52:47.700,423.494,8.8,0,0.0,"+  8.80  N  
","T: + 8.75 N
"
16:52:47.917,423.711,8.75,0,0.0,"+  8.75  N  
","T: + 8.75 N
"
16:52:48.121,423.915,8.75,0,0.0,"+  8.75  N  
","T: + 8.75 N
"
16:52:48.325,424.12,8.8,0,0.0,"+  8.80  N  
","T: + 8.75 N
"
16:52:48.543,424.338,8.75,0,0.0,"+  8.75  N  
","T: + 8.75 N
"
16:52:48.747,424.542,8.75,0,0.0,"+  8.75  N  
","T: + 8.80 N
"
16:52:48.951,424.745,8.7,0,0.0,"+  8.70  N  
","T: + 8.80 N
"
16:52:49.163,424.957,8.8,0,0.0,"+  8.80  N  
","T: + 8.85 N
"
16:52:49.368,425.162,8.8,0,0.0,"+  8.80  N  
","T: + 8.70 N
"
16:52:49.572,425.366,8.7,0,0.0,"+  8.70  N  
","T: + 8.80 N
"
16:52:49.776,425.57,8.75,0,0.0,"+  8.75  N  
","T: + 8.85 N
"
16:52:49.980,425.774,8.7,0,0.0,"+  8.70  N  
","T: + 8.75 N
"
16:52:50.192,425.987,8.75,0,0.0,"+  8.75  N  
","T: + 8.75 N
"
16:52:50.397,426.191,8.75,0,0.0,"+  8.75  N  
","T: + 8.75 N
"
16:52:50.602,426.396,8.8,0,0.0,"+  8.80  N  
","T: + 8.70 N
"
16:52:50.806,426.601,8.85,0,0.0,"+  8.85  N  
","T: + 8.70 N
"
16:52:51.010,426.805,8.75,0,0.0,"+  8.75  N  
","T: + 8.75 N
"
16:52:51.227,427.021,8.7,0,0.0,"+  8.70  N  
","T: + 8.75 N
"
16:52:51.431,427.225,8.8,0,0.0,"+  8.80  N  
","T: + 8.70 N
"
16:52:51.636,427.43,8.75,0,0.0,"+  8.75  N  
","T: + 8.75 N
"
16:52:51.849,427.644,8.75,0,0.0,"+  8.75  N  
","T: + 8.75 N
"
16:52:52.054,427.848,8.8,0,0.0,"+  8.80  N  
","T: + 8.75 N
"
16:52:52.258,428.052,8.75,0,0.0,"+  8.75  N  
","T: + 8.80 N
"
16:52:52.460,428.255,8.75,0,0.0,"+  8.75  N  
","T: + 8.70 N
"
16:52:52.663,428.457,8.75,0,0.0,"+  8.75  N  
","T: + 8.65 N
"
16:52:52.865,428.66,8.7,0,0.0,"+  8.70  N  
","T: + 8.85 N
"
16:52:53.068,428.862,8.7,0,0.0,"+  8.70  N  
","T: + 8.75 N
"
