timestamp,elapsed_s,force_parsed,encoder_pulses_in_tick,encoder_RPM,short_output,long_output
13:03:21.789,0.202,9.3,0,0.0,"+  9.30  N  
","T: + 9.15 N
"
13:03:22.039,0.451,9.3,0,0.0,"+  9.30  N  
","T: + 9.20 N
"
13:03:22.289,0.702,9.1,0,0.0,"+  9.10  N  
","T: + 9.30 N
"
13:03:22.539,0.952,9.25,0,0.0,"+  9.25  N  
","T: + 9.25 N
"
13:03:22.789,1.202,9.2,0,0.0,"+  9.20  N  
","T: + 9.25 N
"
13:03:23.039,1.452,9.2,0,0.0,"+  9.20  N  
","T: + 9.15 N
"
13:03:23.290,1.702,9.25,0,0.0,"+  9.25  N  
","T: + 9.30 N
"
13:03:23.539,1.952,9.3,0,0.0,"+  9.30  N  
","T: + 9.20 N
"
13:03:23.790,2.202,9.15,0,0.0,"+  9.15  N  
","T: + 9.30 N
"
13:03:24.040,2.452,9.2,0,0.0,"+  9.20  N  
","T: + 9.20 N
"
13:03:24.290,2.703,9.3,0,0.0,"+  9.30  N  
","T: + 9.15 N
"
13:03:24.540,2.953,9.25,0,0.0,"+  9.25  N  
","T: + 9.30 N
"
13:03:24.790,3.203,9.2,0,0.0,"+  9.20  N  
","T: + 9.20 N
"
13:03:25.040,3.453,9.25,0,0.0,"+  9.25  N  
","T: + 9.30 N
"
13:03:25.290,3.703,9.3,0,0.0,"+  9.30  N  
","T: + 9.25 N
"
13:03:25.540,3.953,9.25,0,0.0,"+  9.25  N  
","T: + 9.20 N
"
13:03:25.791,4.203,9.15,0,0.0,"+  9.15  N  
","T: + 9.20 N
"
13:03:26.041,4.453,9.25,0,0.0,"+  9.25  N  
","T: + 9.30 N
"
13:03:26.291,4.703,9.2,0,0.0,"+  9.20  N  
","T: + 9.20 N
"
13:03:26.541,4.954,9.15,0,0.0,"+  9.15  N  
","T: + 9.25 N
"
13:03:26.792,5.205,9.15,0,0.0,"+  9.15  N  
","T: + 9.20 N
"
13:03:27.042,5.455,9.25,0,0.0,"+  9.25  N  
","T: + 9.25 N
"
13:03:27.292,5.705,9.2,0,0.0,"+  9.20  N  
","T: + 9.20 N
"
13:03:27.542,5.955,9.2,0,0.0,"+  9.20  N  
","T: + 9.20 N
"
13:03:27.792,6.205,9.2,0,0.0,"+  9.20  N  
","T: + 9.25 N
"
13:03:28.043,6.455,9.25,0,0.0,"+  9.25  N  
","T: + 9.20 N
"
13:03:28.293,6.705,9.2,0,0.0,"+  9.20  N  
","T: + 9.20 N
"
13:03:28.543,6.956,9.2,0,0.0,"+  9.20  N  
","T: + 9.25 N
"
13:03:28.793,7.206,9.2,0,0.0,"+  9.20  N  
","T: + 9.15 N
"
13:03:29.043,7.456,9.2,0,0.0,"+  9.20  N  
","T: + 9.15 N
"
13:03:29.295,7.707,9.2,0,0.0,"+  9.20  N  
","T: + 9.25 N
"
13:03:29.543,7.956,9.1,0,0.0,"+  9.10  N  
","T: + 9.25 N
"
13:03:29.794,8.207,9.0,0,0.0,"+  9.00  N  
","T: + 9.60 N
"
13:03:30.044,8.456,8.25,2,0.48,"+  8.25  N  
","T: + 9.50 N
"
13:03:30.294,8.707,8.75,0,0.0,"+  8.75  N  
","T: + 9.45 N
"
13:03:30.545,8.958,9.2,0,0.0,"+  9.20  N  
","T: + 9.35 N
"
13:03:30.794,9.207,9.0,0,0.0,"+  9.00  N  
","T: + 9.40 N
"
13:03:31.044,9.457,9.0,0,0.0,"+  9.00  N  
","T: + 9.35 N
"
13:03:31.295,9.707,9.05,0,0.0,"+  9.05  N  
","T: + 9.45 N
"
13:03:31.545,9.958,8.9,0,0.0,"+  8.90  N  
","T: + 9.35 N
"
13:03:31.795,10.208,9.0,0,0.0,"+  9.00  N  
","T: + 9.30 N
"
13:03:32.045,10.458,9.05,0,0.0,"+  9.05  N  
","T: + 9.30 N
"
13:03:32.296,10.709,9.1,0,0.0,"+  9.10  N  
","T: + 9.30 N
"
13:03:32.546,10.958,9.15,0,0.0,"+  9.15  N  
","T: + 9.30 N
"
13:03:32.796,11.208,9.15,0,0.0,"+  9.15  N  
","T: + 9.20 N
"
13:03:33.046,11.459,9.2,0,0.0,"+  9.20  N  
","T: + 9.25 N
"
13:03:33.296,11.709,9.25,0,0.0,"+  9.25  N  
","T: + 9.30 N
"
13:03:33.546,11.959,9.15,0,0.0,"+  9.15  N  
","T: + 9.20 N
"
13:03:33.796,12.209,9.15,0,0.0,"+  9.15  N  
","T: + 9.20 N
"
13:03:34.046,12.459,9.15,0,0.0,"+  9.15  N  
","T: + 9.20 N
"
13:03:34.297,12.71,9.1,0,0.0,"+  9.10  N  
","T: + 9.25 N
"
13:03:34.547,12.959,9.2,0,0.0,"+  9.20  N  
","T: + 9.20 N
"
13:03:34.797,13.209,9.2,0,0.0,"+  9.20  N  
","T: + 9.20 N
"
13:03:35.047,13.46,9.2,0,0.0,"+  9.20  N  
","T: + 9.20 N
"
13:03:35.297,13.709,9.15,0,0.0,"+  9.15  N  
","T: + 9.15 N
"
13:03:35.547,13.96,9.2,0,0.0,"+  9.20  N  
","T: + 9.25 N
"
13:03:35.797,14.21,9.15,0,0.0,"+  9.15  N  
","T: + 9.25 N
"
13:03:36.047,14.46,9.1,0,0.0,"+  9.10  N  
","T: + 9.10 N
"
13:03:36.297,14.71,9.1,0,0.0,"+  9.10  N  
","T: + 9.20 N
"
13:03:36.547,14.96,9.15,0,0.0,"+  9.15  N  
","T: + 9.15 N
"
13:03:36.797,15.21,9.15,0,0.0,"+  9.15  N  
","T: + 9.10 N
"
13:03:37.048,15.46,9.15,0,0.0,"+  9.15  N  
","T: + 9.15 N
"
13:03:37.298,15.711,9.15,0,0.0,"+  9.15  N  
","T: + 9.20 N
"
13:03:37.548,15.961,9.2,0,0.0,"+  9.20  N  
","T: + 9.15 N
"
13:03:37.798,16.211,9.2,0,0.0,"+  9.20  N  
","T: + 9.20 N
"
13:03:38.048,16.461,9.15,0,0.0,"+  9.15  N  
","T: + 9.15 N
"
13:03:38.298,16.711,9.1,0,0.0,"+  9.10  N  
","T: + 9.15 N
"
13:03:38.548,16.961,9.2,0,0.0,"+  9.20  N  
","T: + 9.15 N
"
13:03:38.798,17.211,9.2,0,0.0,"+  9.20  N  
","T: + 9.20 N
"
13:03:39.049,17.462,9.1,0,0.0,"+  9.10  N  
","T: + 9.15 N
"
13:03:39.299,17.711,9.15,0,0.0,"+  9.15  N  
","T: + 9.10 N
"
13:03:39.550,17.962,9.15,0,0.0,"+  9.15  N  
","T: + 9.20 N
"
13:03:39.800,18.212,9.15,0,0.0,"+  9.15  N  
","T: + 9.15 N
"
13:03:40.050,18.463,9.15,0,0.0,"+  9.15  N  
","T: + 9.15 N
"
13:03:40.300,18.713,9.15,0,0.0,"+  9.15  N  
","T: + 9.20 N
"
13:03:40.550,18.963,9.1,0,0.0,"+  9.10  N  
","T: + 9.15 N
"
13:03:40.800,19.213,9.15,0,0.0,"+  9.15  N  
","T: + 9.10 N
"
13:03:41.050,19.463,9.1,0,0.0,"+  9.10  N  
","T: + 9.20 N
"
13:03:41.301,19.713,9.15,0,0.0,"+  9.15  N  
","T: + 9.20 N
"
13:03:41.551,19.963,9.05,0,0.0,"+  9.05  N  
","T: + 9.15 N
"
13:03:41.801,20.214,9.2,0,0.0,"+  9.20  N  
","T: + 9.20 N
"
13:03:42.051,20.464,9.2,0,0.0,"+  9.20  N  
","T: + 9.20 N
"
13:03:42.301,20.714,9.1,0,0.0,"+  9.10  N  
","T: + 9.10 N
"
13:03:42.552,20.965,9.1,0,0.0,"+  9.10  N  
","T: + 9.10 N
"
13:03:42.802,21.214,9.15,0,0.0,"+  9.15  N  
","T: + 9.20 N
"
13:03:43.052,21.465,9.1,0,0.0,"+  9.10  N  
","T: + 9.15 N
"
13:03:43.302,21.715,9.25,0,0.0,"+  9.25  N  
","T: + 9.25 N
"
13:03:43.552,21.965,9.25,0,0.0,"+  9.25  N  
","T: + 9.20 N
"
13:03:43.802,22.215,9.25,0,0.0,"+  9.25  N  
","T: + 9.15 N
"
13:03:44.052,22.465,9.2,0,0.0,"+  9.20  N  
","T: + 9.20 N
"
13:03:44.303,22.716,9.15,0,0.0,"+  9.15  N  
","T: + 9.05 N
"
13:03:44.553,22.966,9.2,0,0.0,"+  9.20  N  
","T: + 9.25 N
"
13:03:44.803,23.216,9.15,0,0.0,"+  9.15  N  
","T: + 9.15 N
"
13:03:45.053,23.466,9.1,0,0.0,"+  9.10  N  
","T: + 9.15 N
"
13:03:45.303,23.716,9.15,0,0.0,"+  9.15  N  
","T: + 9.15 N
"
13:03:45.554,23.966,9.2,0,0.0,"+  9.20  N  
","T: + 9.10 N
"
13:03:45.805,24.218,9.15,0,0.0,"+  9.15  N  
","T: + 9.25 N
"
13:03:46.054,24.467,9.25,0,0.0,"+  9.25  N  
","T: + 9.10 N
"
13:03:46.304,24.717,9.15,0,0.0,"+  9.15  N  
","T: + 9.25 N
"
13:03:46.554,24.967,9.15,0,0.0,"+  9.15  N  
","T: + 9.15 N
"
13:03:46.804,25.217,9.2,0,0.0,"+  9.20  N  
","T: + 9.15 N
"
13:03:47.055,25.468,9.1,0,0.0,"+  9.10  N  
","T: + 9.15 N
"
13:03:47.305,25.718,9.1,0,0.0,"+  9.10  N  
","T: + 9.10 N
"
13:03:47.555,25.968,9.2,0,0.0,"+  9.20  N  
","T: + 9.10 N
"
13:03:47.805,26.218,9.15,0,0.0,"+  9.15  N  
","T: + 9.10 N
"
13:03:48.055,26.468,9.1,0,0.0,"+  9.10  N  
","T: + 9.15 N
"
13:03:48.306,26.718,9.2,0,0.0,"+  9.20  N  
","T: + 9.20 N
"
13:03:48.556,26.968,9.15,0,0.0,"+  9.15  N  
","T: + 9.05 N
"
13:03:48.808,27.221,9.0,0,0.0,"+  9.00  N  
","T: + 9.10 N
"
13:03:49.056,27.469,9.15,0,0.0,"+  9.15  N  
","T: + 9.15 N
"
13:03:49.306,27.719,9.1,0,0.0,"+  9.10  N  
","T: + 9.10 N
"
13:03:49.556,27.969,9.1,0,0.0,"+  9.10  N  
","T: + 9.15 N
"
13:03:49.807,28.219,9.1,0,0.0,"+  9.10  N  
","T: + 9.10 N
"
13:03:50.057,28.469,9.1,0,0.0,"+  9.10  N  
","T: + 9.15 N
"
13:03:50.307,28.72,9.05,0,0.0,"+  9.05  N  
","T: + 9.10 N
"
13:03:50.558,28.971,9.1,0,0.0,"+  9.10  N  
","T: + 9.10 N
"
13:03:50.807,29.22,9.15,0,0.0,"+  9.15  N  
","T: + 9.15 N
"
13:03:51.057,29.47,9.15,0,0.0,"+  9.15  N  
","T: + 9.10 N
"
13:03:51.307,29.72,9.15,0,0.0,"+  9.15  N  
","T: + 9.10 N
"
13:03:51.558,29.97,9.1,0,0.0,"+  9.10  N  
","T: + 9.05 N
"
13:03:51.808,30.22,9.15,0,0.0,"+  9.15  N  
","T: + 9.05 N
"
13:03:52.058,30.471,9.15,0,0.0,"+  9.15  N  
","T: + 9.15 N
"
13:03:52.308,30.721,9.15,0,0.0,"+  9.15  N  
","T: + 9.15 N
"
13:03:52.558,30.971,9.1,0,0.0,"+  9.10  N  
","T: + 9.05 N
"
13:03:52.808,31.221,9.15,0,0.0,"+  9.15  N  
","T: + 9.05 N
"
13:03:53.059,31.471,9.05,0,0.0,"+  9.05  N  
","T: + 9.20 N
"
13:03:53.309,31.722,9.15,0,0.0,"+  9.15  N  
","T: + 9.10 N
"
13:03:53.559,31.972,9.1,0,0.0,"+  9.10  N  
","T: + 9.00 N
"
13:03:53.810,32.222,9.05,0,0.0,"+  9.05  N  
","T: + 9.05 N
"
13:03:54.059,32.472,9.05,0,0.0,"+  9.05  N  
","T: + 9.10 N
"
13:03:54.310,32.722,9.2,0,0.0,"+  9.20  N  
","T: + 9.20 N
"
13:03:54.560,32.972,9.1,0,0.0,"+  9.10  N  
","T: + 9.15 N
"
13:03:54.810,33.223,9.1,0,0.0,"+  9.10  N  
","T: + 9.15 N
"
13:03:55.060,33.473,9.1,0,0.0,"+  9.10  N  
","T: + 9.10 N
"
13:03:55.310,33.723,9.15,0,0.0,"+  9.15  N  
","T: + 9.00 N
"
13:03:55.560,33.973,9.1,0,0.0,"+  9.10  N  
","T: + 9.15 N
"
13:03:55.811,34.223,9.1,0,0.0,"+  9.10  N  
","T: + 9.15 N
"
13:03:56.061,34.473,9.05,0,0.0,"+  9.05  N  
","T: + 9.10 N
"
13:03:56.311,34.724,9.15,0,0.0,"+  9.15  N  
","T: + 9.15 N
"
13:03:56.561,34.974,9.15,0,0.0,"+  9.15  N  
","T: + 9.15 N
"
13:03:56.811,35.224,9.05,0,0.0,"+  9.05  N  
","T: + 9.10 N
"
13:03:57.061,35.474,9.15,0,0.0,"+  9.15  N  
","T: + 9.15 N
"
13:03:57.313,35.725,9.1,0,0.0,"+  9.10  N  
","T: + 9.15 N
"
13:03:57.562,35.974,9.1,0,0.0,"+  9.10  N  
","T: + 9.20 N
"
13:03:57.812,36.224,9.2,0,0.0,"+  9.20  N  
","T: + 9.15 N
"
13:03:58.062,36.475,9.15,0,0.0,"+  9.15  N  
","T: + 9.15 N
"
13:03:58.312,36.725,9.1,0,0.0,"+  9.10  N  
","T: + 9.10 N
"
13:03:58.562,36.975,9.15,0,0.0,"+  9.15  N  
","T: + 9.20 N
"
13:03:58.812,37.225,9.1,0,0.0,"+  9.10  N  
","T: + 9.15 N
"
13:03:59.062,37.475,9.15,0,0.0,"+  9.15  N  
","T: + 9.15 N
"
13:03:59.313,37.726,9.1,0,0.0,"+  9.10  N  
","T: + 9.10 N
"
13:03:59.563,37.976,9.1,0,0.0,"+  9.10  N  
","T: + 9.10 N
"
13:03:59.814,38.226,9.15,0,0.0,"+  9.15  N  
","T: + 9.10 N
"
13:04:00.063,38.476,9.05,0,0.0,"+  9.05  N  
","T: + 9.10 N
"
13:04:00.314,38.726,9.1,0,0.0,"+  9.10  N  
","T: + 9.05 N
"
13:04:00.563,38.976,9.15,0,0.0,"+  9.15  N  
","T: + 9.15 N
"
13:04:00.814,39.227,9.1,0,0.0,"+  9.10  N  
","T: + 9.10 N
"
13:04:01.064,39.477,9.1,0,0.0,"+  9.10  N  
","T: + 9.15 N
"
13:04:01.314,39.727,9.05,0,0.0,"+  9.05  N  
","T: + 9.05 N
"
13:04:01.565,39.978,9.0,0,0.0,"+  9.00  N  
","T: + 9.20 N
"
13:04:01.814,40.227,9.2,0,0.0,"+  9.20  N  
","T: + 9.10 N
"
13:04:02.066,40.479,9.1,0,0.0,"+  9.10  N  
","T: + 9.00 N
"
13:04:02.315,40.727,9.1,0,0.0,"+  9.10  N  
","T: + 9.05 N
"
13:04:02.565,40.977,9.15,0,0.0,"+  9.15  N  
","T: + 9.10 N
"
13:04:02.815,41.228,9.1,0,0.0,"+  9.10  N  
","T: + 9.10 N
"
13:04:03.065,41.478,9.0,0,0.0,"+  9.00  N  
","T: + 9.10 N
"
13:04:03.315,41.728,9.0,0,0.0,"+  9.00  N  
","T: + 9.10 N
"
13:04:03.566,41.978,9.1,0,0.0,"+  9.10  N  
","T: + 9.05 N
"
13:04:03.816,42.229,9.1,0,0.0,"+  9.10  N  
","T: + 9.10 N
"
13:04:04.066,42.479,9.15,0,0.0,"+  9.15  N  
","T: + 9.10 N
"
13:04:04.317,42.729,9.05,0,0.0,"+  9.05  N  
","T: + 9.05 N
"
13:04:04.566,42.979,9.05,0,0.0,"+  9.05  N  
","T: + 9.05 N
"
13:04:04.816,43.229,9.1,0,0.0,"+  9.10  N  
","T: + 9.15 N
"
13:04:05.066,43.479,9.15,0,0.0,"+  9.15  N  
","T: + 9.05 N
"
13:04:05.317,43.729,9.1,0,0.0,"+  9.10  N  
","T: + 9.10 N
"
13:04:05.567,43.979,9.1,0,0.0,"+  9.10  N  
","T: + 9.05 N
"
13:04:05.817,44.23,9.1,0,0.0,"+  9.10  N  
","T: + 9.10 N
"
13:04:06.066,44.479,9.0,0,0.0,"+  9.00  N  
","T: + 9.05 N
"
13:04:06.316,44.729,9.1,0,0.0,"+  9.10  N  
","T: + 9.05 N
"
13:04:06.567,44.979,9.1,0,0.0,"+  9.10  N  
","T: + 9.10 N
"
13:04:06.817,45.23,9.05,0,0.0,"+  9.05  N  
","T: + 9.10 N
"
13:04:07.067,45.48,9.05,0,0.0,"+  9.05  N  
","T: + 9.05 N
"
13:04:07.317,45.73,9.1,0,0.0,"+  9.10  N  
","T: + 9.00 N
"
13:04:07.567,45.98,9.05,0,0.0,"+  9.05  N  
","T: + 9.10 N
"
13:04:07.817,46.23,9.1,0,0.0,"+  9.10  N  
","T: + 9.00 N
"
13:04:08.067,46.48,9.1,0,0.0,"+  9.10  N  
","T: + 9.00 N
"
13:04:08.318,46.73,9.15,0,0.0,"+  9.15  N  
","T: + 9.05 N
"
13:04:08.568,46.98,9.15,0,0.0,"+  9.15  N  
","T: + 9.05 N
"
13:04:08.818,47.231,9.1,0,0.0,"+  9.10  N  
","T: + 9.10 N
"
13:04:09.068,47.481,9.1,0,0.0,"+  9.10  N  
","T: + 9.10 N
"
13:04:09.318,47.731,9.1,0,0.0,"+  9.10  N  
","T: + 9.10 N
"
13:04:09.568,47.981,9.05,0,0.0,"+  9.05  N  
","T: + 9.10 N
"
13:04:09.818,48.231,9.1,0,0.0,"+  9.10  N  
","T: + 9.15 N
"
13:04:10.068,48.481,9.1,0,0.0,"+  9.10  N  
","T: + 9.15 N
"
13:04:10.319,48.731,9.15,0,0.0,"+  9.15  N  
","T: + 9.10 N
"
13:04:10.569,48.982,9.1,0,0.0,"+  9.10  N  
","T: + 9.10 N
"
13:04:10.819,49.231,9.1,0,0.0,"+  9.10  N  
","T: + 9.00 N
"
13:04:11.070,49.482,9.1,0,0.0,"+  9.10  N  
","T: + 9.10 N
"
13:04:11.320,49.733,9.15,0,0.0,"+  9.15  N  
","T: + 9.10 N
"
13:04:11.570,49.983,9.05,0,0.0,"+  9.05  N  
","T: + 9.10 N
"
13:04:11.820,50.233,9.1,0,0.0,"+  9.10  N  
","T: + 9.10 N
"
13:04:12.071,50.484,9.1,0,0.0,"+  9.10  N  
","T: + 9.05 N
"
13:04:12.321,50.733,9.0,0,0.0,"+  9.00  N  
","T: + 9.00 N
"
13:04:12.571,50.983,9.1,0,0.0,"+  9.10  N  
","T: + 9.15 N
"
13:04:12.821,51.234,9.1,0,0.0,"+  9.10  N  
","T: + 9.10 N
"
13:04:13.071,51.484,9.05,0,0.0,"+  9.05  N  
","T: + 9.15 N
"
13:04:13.321,51.734,9.1,0,0.0,"+  9.10  N  
","T: + 9.15 N
"
13:04:13.572,51.984,9.1,0,0.0,"+  9.10  N  
","T: + 9.10 N
"
13:04:13.821,52.234,9.0,0,0.0,"+  9.00  N  
","T: + 9.05 N
"
13:04:14.072,52.485,9.1,0,0.0,"+  9.10  N  
","T: + 9.10 N
"
13:04:14.322,52.735,9.05,0,0.0,"+  9.05  N  
","T: + 9.05 N
"
13:04:14.572,52.985,9.05,0,0.0,"+  9.05  N  
","T: + 9.10 N
"
13:04:14.822,53.235,9.05,0,0.0,"+  9.05  N  
","T: + 9.00 N
"
13:04:15.072,53.485,9.05,0,0.0,"+  9.05  N  
","T: + 9.00 N
"
13:04:15.322,53.735,9.1,0,0.0,"+  9.10  N  
","T: + 9.05 N
"
13:04:15.573,53.986,9.0,0,0.0,"+  9.00  N  
","T: + 9.05 N
"
13:04:15.823,54.235,9.05,0,0.0,"+  9.05  N  
","T: + 9.15 N
"
13:04:16.073,54.486,9.0,0,0.0,"+  9.00  N  
","T: + 9.05 N
"
13:04:16.323,54.736,9.0,0,0.0,"+  9.00  N  
","T: + 8.95 N
"
13:04:16.573,54.986,9.05,0,0.0,"+  9.05  N  
","T: + 9.00 N
"
13:04:16.823,55.235,9.05,0,0.0,"+  9.05  N  
","T: + 9.00 N
"
13:04:17.073,55.486,9.05,0,0.0,"+  9.05  N  
","T: + 9.05 N
"
13:04:17.323,55.736,9.05,0,0.0,"+  9.05  N  
","T: + 9.00 N
"
13:04:17.573,55.986,9.0,0,0.0,"+  9.00  N  
","T: + 9.05 N
"
13:04:17.823,56.236,9.05,0,0.0,"+  9.05  N  
","T: + 9.05 N
"
13:04:18.073,56.486,9.05,0,0.0,"+  9.05  N  
","T: + 9.00 N
"
13:04:18.324,56.736,9.05,0,0.0,"+  9.05  N  
","T: + 9.00 N
"
13:04:18.574,56.986,9.0,0,0.0,"+  9.00  N  
","T: + 9.00 N
"
13:04:18.824,57.237,9.05,0,0.0,"+  9.05  N  
","T: + 9.05 N
"
13:04:19.074,57.487,9.0,0,0.0,"+  9.00  N  
","T: + 9.00 N
"
13:04:19.324,57.737,8.9,0,0.0,"+  8.90  N  
","T: + 9.00 N
"
13:04:19.574,57.987,9.05,0,0.0,"+  9.05  N  
","T: + 9.00 N
"
13:04:19.824,58.237,9.0,0,0.0,"+  9.00  N  
","T: + 8.95 N
"
13:04:20.074,58.487,9.0,0,0.0,"+  9.00  N  
","T: + 9.05 N
"
13:04:20.325,58.737,9.0,0,0.0,"+  9.00  N  
","T: + 8.95 N
"
13:04:20.575,58.987,9.0,0,0.0,"+  9.00  N  
","T: + 8.95 N
"
13:04:20.825,59.238,9.0,0,0.0,"+  9.00  N  
","T: + 8.90 N
"
13:04:21.075,59.488,8.95,0,0.0,"+  8.95  N  
","T: + 9.00 N
"
13:04:21.325,59.738,9.1,0,0.0,"+  9.10  N  
","T: + 9.00 N
"
13:04:21.576,59.989,9.05,0,0.0,"+  9.05  N  
","T: + 9.10 N
"
13:04:21.825,60.238,9.0,0,0.0,"+  9.00  N  
","T: + 8.95 N
"
13:04:22.075,60.488,9.0,0,0.0,"+  9.00  N  
","T: + 9.05 N
"
13:04:22.326,60.738,9.0,0,0.0,"+  9.00  N  
","T: + 9.05 N
"
13:04:22.576,60.988,9.05,0,0.0,"+  9.05  N  
","T: + 9.00 N
"
13:04:22.826,61.239,9.05,0,0.0,"+  9.05  N  
","T: + 9.00 N
"
13:04:23.076,61.489,9.0,0,0.0,"+  9.00  N  
","T: + 9.05 N
"
13:04:23.326,61.739,9.1,0,0.0,"+  9.10  N  
","T: + 9.00 N
"
13:04:23.576,61.989,9.05,0,0.0,"+  9.05  N  
","T: + 9.05 N
"
13:04:23.826,62.239,9.1,0,0.0,"+  9.10  N  
","T: + 9.00 N
"
13:04:24.076,62.489,9.1,0,0.0,"+  9.10  N  
","T: + 9.00 N
"
13:04:24.327,62.739,9.0,0,0.0,"+  9.00  N  
","T: + 9.05 N
"
13:04:24.577,62.99,8.95,0,0.0,"+  8.95  N  
","T: + 9.00 N
"
13:04:24.827,63.24,9.0,0,0.0,"+  9.00  N  
","T: + 9.05 N
"
13:04:25.077,63.49,8.95,0,0.0,"+  8.95  N  
","T: + 9.05 N
"
13:04:25.327,63.74,9.05,0,0.0,"+  9.05  N  
","T: + 8.95 N
"
13:04:25.577,63.99,9.0,0,0.0,"+  9.00  N  
","T: + 9.05 N
"
13:04:25.827,64.24,9.05,0,0.0,"+  9.05  N  
","T: + 9.00 N
"
13:04:26.077,64.49,9.05,0,0.0,"+  9.05  N  
","T: + 9.00 N
"
13:04:26.328,64.74,8.95,0,0.0,"+  8.95  N  
","T: + 9.00 N
"
13:04:26.578,64.99,9.05,0,0.0,"+  9.05  N  
","T: + 9.00 N
"
13:04:26.829,65.242,9.1,0,0.0,"+  9.10  N  
","T: + 8.95 N
"
13:04:27.078,65.491,9.05,0,0.0,"+  9.05  N  
","T: + 9.05 N
"
13:04:27.328,65.741,9.0,0,0.0,"+  9.00  N  
","T: + 9.00 N
"
13:04:27.578,65.991,9.0,0,0.0,"+  9.00  N  
","T: + 9.00 N
"
13:04:27.828,66.241,9.0,0,0.0,"+  9.00  N  
","T: + 9.05 N
"
13:04:28.079,66.491,9.0,0,0.0,"+  9.00  N  
","T: + 9.05 N
"
13:04:28.329,66.742,9.05,0,0.0,"+  9.05  N  
","T: + 8.95 N
"
13:04:28.579,66.992,9.0,0,0.0,"+  9.00  N  
","T: + 9.10 N
"
13:04:28.829,67.242,9.0,0,0.0,"+  9.00  N  
","T: + 9.00 N
"
13:04:29.079,67.492,9.0,0,0.0,"+  9.00  N  
","T: + 9.05 N
"
13:04:29.329,67.742,9.0,0,0.0,"+  9.00  N  
","T: + 9.00 N
"
13:04:29.579,67.992,9.05,0,0.0,"+  9.05  N  
","T: + 8.90 N
"
13:04:29.829,68.242,9.05,0,0.0,"+  9.05  N  
","T: + 8.95 N
"
13:04:30.080,68.492,9.0,0,0.0,"+  9.00  N  
","T: + 9.10 N
"
13:04:30.330,68.743,9.0,0,0.0,"+  9.00  N  
","T: + 9.05 N
"
13:04:30.580,68.993,9.05,0,0.0,"+  9.05  N  
","T: + 9.00 N
"
13:04:30.830,69.243,9.15,0,0.0,"+  9.15  N  
","T: + 9.00 N
"
13:04:31.080,69.493,8.95,0,0.0,"+  8.95  N  
","T: + 9.05 N
"
13:04:31.330,69.743,9.05,0,0.0,"+  9.05  N  
","T: + 9.05 N
"
13:04:31.580,69.993,9.1,0,0.0,"+  9.10  N  
","T: + 9.05 N
"
13:04:31.831,70.243,9.05,0,0.0,"+  9.05  N  
","T: + 9.00 N
"
13:04:32.082,70.494,9.1,0,0.0,"+  9.10  N  
","T: + 9.05 N
"
13:04:32.332,70.744,9.0,0,0.0,"+  9.00  N  
","T: + 9.10 N
"
13:04:32.582,70.994,9.0,0,0.0,"+  9.00  N  
","T: + 9.00 N
"
13:04:32.832,71.245,9.1,0,0.0,"+  9.10  N  
","T: + 8.90 N
"
13:04:33.082,71.495,9.05,0,0.0,"+  9.05  N  
","T: + 9.00 N
"
13:04:33.332,71.745,9.05,0,0.0,"+  9.05  N  
","T: + 9.00 N
"
13:04:33.582,71.995,8.95,0,0.0,"+  8.95  N  
","T: + 9.00 N
"
13:04:33.832,72.245,9.0,0,0.0,"+  9.00  N  
","T: + 9.00 N
"
13:04:34.083,72.495,9.05,0,0.0,"+  9.05  N  
","T: + 9.00 N
"
13:04:34.333,72.746,9.0,0,0.0,"+  9.00  N  
","T: + 8.90 N
"
13:04:34.583,72.996,9.0,0,0.0,"+  9.00  N  
","T: + 9.15 N
"
13:04:34.834,73.246,8.95,0,0.0,"+  8.95  N  
","T: + 9.10 N
"
13:04:35.083,73.496,8.95,0,0.0,"+  8.95  N  
","T: + 9.00 N
"
13:04:35.333,73.746,9.05,0,0.0,"+  9.05  N  
","T: + 9.00 N
"
13:04:35.584,73.996,9.0,0,0.0,"+  9.00  N  
","T: + 9.00 N
"
13:04:35.834,74.247,9.05,0,0.0,"+  9.05  N  
","T: + 9.05 N
"
13:04:36.085,74.498,9.0,0,0.0,"+  9.00  N  
","T: + 9.00 N
"
13:04:36.334,74.747,9.05,0,0.0,"+  9.05  N  
","T: + 9.05 N
"
13:04:36.584,74.997,8.95,0,0.0,"+  8.95  N  
","T: + 8.95 N
"
13:04:36.834,75.247,9.0,0,0.0,"+  9.00  N  
","T: + 9.00 N
"
13:04:37.085,75.497,9.0,0,0.0,"+  9.00  N  
","T: + 9.00 N
"
13:04:37.335,75.748,8.9,0,0.0,"+  8.90  N  
","T: + 9.05 N
"
13:04:37.585,75.998,9.05,0,0.0,"+  9.05  N  
","T: + 9.00 N
"
13:04:37.835,76.248,9.0,0,0.0,"+  9.00  N  
","T: + 9.00 N
"
13:04:38.085,76.498,9.0,0,0.0,"+  9.00  N  
","T: + 9.00 N
"
13:04:38.337,76.749,9.1,0,0.0,"+  9.10  N  
","T: + 9.00 N
"
13:04:38.586,76.999,9.05,0,0.0,"+  9.05  N  
","T: + 9.00 N
"
13:04:38.836,77.249,9.05,0,0.0,"+  9.05  N  
","T: + 8.95 N
"
13:04:39.086,77.499,9.1,0,0.0,"+  9.10  N  
","T: + 8.95 N
"
13:04:39.336,77.749,9.05,0,0.0,"+  9.05  N  
","T: + 8.95 N
"
13:04:39.587,77.999,9.0,0,0.0,"+  9.00  N  
","T: + 8.90 N
"
13:04:39.837,78.25,9.05,0,0.0,"+  9.05  N  
","T: + 9.00 N
"
13:04:40.087,78.5,9.0,0,0.0,"+  9.00  N  
","T: + 8.90 N
"
13:04:40.337,78.75,9.0,0,0.0,"+  9.00  N  
","T: + 9.00 N
"
13:04:40.587,79.0,9.0,0,0.0,"+  9.00  N  
","T: + 9.00 N
"
13:04:40.837,79.25,9.0,0,0.0,"+  9.00  N  
","T: + 9.00 N
"
13:04:41.088,79.501,9.05,0,0.0,"+  9.05  N  
","T: + 8.90 N
"
13:04:41.338,79.751,8.95,0,0.0,"+  8.95  N  
","T: + 8.95 N
"
13:04:41.588,80.001,9.0,0,0.0,"+  9.00  N  
","T: + 8.90 N
"
13:04:41.838,80.251,9.0,0,0.0,"+  9.00  N  
","T: + 8.95 N
"
13:04:42.088,80.501,8.95,0,0.0,"+  8.95  N  
","T: + 9.00 N
"
13:04:42.338,80.751,8.9,0,0.0,"+  8.90  N  
","T: + 8.95 N
"
13:04:42.589,81.001,8.9,0,0.0,"+  8.90  N  
","T: + 9.00 N
"
13:04:42.839,81.251,8.9,0,0.0,"+  8.90  N  
","T: + 8.90 N
"
13:04:43.089,81.502,8.9,0,0.0,"+  8.90  N  
","T: + 9.05 N
"
13:04:43.339,81.752,8.9,0,0.0,"+  8.90  N  
","T: + 9.05 N
"
13:04:43.589,82.002,9.0,0,0.0,"+  9.00  N  
","T: + 8.95 N
"
13:04:43.839,82.252,9.1,0,0.0,"+  9.10  N  
","T: + 8.95 N
"
13:04:44.091,82.503,9.0,0,0.0,"+  9.00  N  
","T: + 9.00 N
"
13:04:44.340,82.752,9.0,0,0.0,"+  9.00  N  
","T: + 9.05 N
"
13:04:44.590,83.003,9.0,0,0.0,"+  9.00  N  
","T: + 8.95 N
"
13:04:44.840,83.253,9.1,0,0.0,"+  9.10  N  
","T: + 9.05 N
"
13:04:45.091,83.504,8.95,0,0.0,"+  8.95  N  
","T: + 8.90 N
"
13:04:45.340,83.753,9.0,0,0.0,"+  9.00  N  
","T: + 9.05 N
"
13:04:45.590,84.003,8.95,0,0.0,"+  8.95  N  
","T: + 9.00 N
"
13:04:45.841,84.254,9.0,0,0.0,"+  9.00  N  
","T: + 9.00 N
"
13:04:46.091,84.504,9.0,0,0.0,"+  9.00  N  
","T: + 9.05 N
"
13:04:46.341,84.754,9.0,0,0.0,"+  9.00  N  
","T: + 8.95 N
"
13:04:46.592,85.005,9.0,0,0.0,"+  9.00  N  
","T: + 8.95 N
"
13:04:46.841,85.254,9.05,0,0.0,"+  9.05  N  
","T: + 9.00 N
"
13:04:47.091,85.504,9.05,0,0.0,"+  9.05  N  
","T: + 9.00 N
"
13:04:47.342,85.754,9.0,0,0.0,"+  9.00  N  
","T: + 9.00 N
"
13:04:47.593,86.005,9.0,0,0.0,"+  9.00  N  
","T: + 8.95 N
"
13:04:47.842,86.255,8.9,0,0.0,"+  8.90  N  
","T: + 9.00 N
"
13:04:48.091,86.504,8.95,0,0.0,"+  8.95  N  
","T: + 8.90 N
"
13:04:48.342,86.754,9.0,0,0.0,"+  9.00  N  
","T: + 8.95 N
"
13:04:48.592,87.004,8.9,0,0.0,"+  8.90  N  
","T: + 8.95 N
"
13:04:48.842,87.255,9.05,0,0.0,"+  9.05  N  
","T: + 8.90 N
"
13:04:49.092,87.505,8.9,0,0.0,"+  8.90  N  
","T: + 9.00 N
"
13:04:49.342,87.755,8.9,0,0.0,"+  8.90  N  
","T: + 9.00 N
"
13:04:49.592,88.005,8.95,0,0.0,"+  8.95  N  
","T: + 8.90 N
"
13:04:49.842,88.255,8.9,0,0.0,"+  8.90  N  
","T: + 8.90 N
"
13:04:50.092,88.505,8.95,0,0.0,"+  8.95  N  
","T: + 9.05 N
"
13:04:50.343,88.755,8.95,0,0.0,"+  8.95  N  
","T: + 8.95 N
"
13:04:50.593,89.006,8.95,0,0.0,"+  8.95  N  
","T: + 9.00 N
"
13:04:50.843,89.256,9.0,0,0.0,"+  9.00  N  
","T: + 8.95 N
"
13:04:51.093,89.506,9.0,0,0.0,"+  9.00  N  
","T: + 9.00 N
"
13:04:51.343,89.756,8.9,0,0.0,"+  8.90  N  
","T: + 8.95 N
"
13:04:51.593,90.006,8.9,0,0.0,"+  8.90  N  
","T: + 9.05 N
"
13:04:51.843,90.256,9.1,0,0.0,"+  9.10  N  
","T: + 8.90 N
"
13:04:52.094,90.506,8.95,0,0.0,"+  8.95  N  
","T: + 9.00 N
"
13:04:52.344,90.756,8.95,0,0.0,"+  8.95  N  
","T: + 8.95 N
"
13:04:52.594,91.006,9.0,0,0.0,"+  9.00  N  
","T: + 8.95 N
"
13:04:52.844,91.257,8.9,0,0.0,"+  8.90  N  
","T: + 9.00 N
"
13:04:53.095,91.508,9.0,0,0.0,"+  9.00  N  
","T: + 9.00 N
"
13:04:53.345,91.758,8.9,0,0.0,"+  8.90  N  
","T: + 8.90 N
"
13:04:53.595,92.008,9.05,0,0.0,"+  9.05  N  
","T: + 8.90 N
"
13:04:53.845,92.258,8.95,0,0.0,"+  8.95  N  
","T: + 9.00 N
"
13:04:54.095,92.508,8.95,0,0.0,"+  8.95  N  
","T: + 9.00 N
"
13:04:54.346,92.759,8.95,0,0.0,"+  8.95  N  
","T: + 8.95 N
"
13:04:54.596,93.009,8.9,0,0.0,"+  8.90  N  
","T: + 8.95 N
"
13:04:54.846,93.259,9.0,0,0.0,"+  9.00  N  
","T: + 8.95 N
"
13:04:55.096,93.509,8.9,0,0.0,"+  8.90  N  
","T: + 9.05 N
"
13:04:55.346,93.759,8.9,0,0.0,"+  8.90  N  
","T: + 9.05 N
"
13:04:55.596,94.009,8.95,0,0.0,"+  8.95  N  
","T: + 8.95 N
"
13:04:55.846,94.259,8.95,0,0.0,"+  8.95  N  
","T: + 8.90 N
"
13:04:56.097,94.51,9.0,0,0.0,"+  9.00  N  
","T: + 9.00 N
"
13:04:56.347,94.759,8.85,0,0.0,"+  8.85  N  
","T: + 8.90 N
"
13:04:56.597,95.01,9.0,0,0.0,"+  9.00  N  
","T: + 9.00 N
"
13:04:56.847,95.26,9.0,0,0.0,"+  9.00  N  
","T: + 8.90 N
"
13:04:57.097,95.51,8.95,0,0.0,"+  8.95  N  
","T: + 8.90 N
"
13:04:57.347,95.76,9.0,0,0.0,"+  9.00  N  
","T: + 8.95 N
"
13:04:57.598,96.011,8.95,0,0.0,"+  8.95  N  
","T: + 8.95 N
"
13:04:57.848,96.26,8.95,0,0.0,"+  8.95  N  
","T: + 8.90 N
"
13:04:58.099,96.511,8.9,0,0.0,"+  8.90  N  
","T: + 8.90 N
"
13:04:58.348,96.761,8.85,0,0.0,"+  8.85  N  
","T: + 8.95 N
"
13:04:58.598,97.01,9.0,0,0.0,"+  9.00  N  
","T: + 8.95 N
"
13:04:58.848,97.26,9.0,0,0.0,"+  9.00  N  
","T: + 9.00 N
"
13:04:59.098,97.511,8.95,0,0.0,"+  8.95  N  
","T: + 9.00 N
"
13:04:59.348,97.761,8.9,0,0.0,"+  8.90  N  
","T: + 9.00 N
"
13:04:59.598,98.011,9.0,0,0.0,"+  9.00  N  
","T: + 8.90 N
"
13:04:59.848,98.261,8.9,0,0.0,"+  8.90  N  
","T: + 8.95 N
"
13:05:00.099,98.511,9.0,0,0.0,"+  9.00  N  
","T: + 9.00 N
"
13:05:00.348,98.761,9.0,0,0.0,"+  9.00  N  
","T: + 8.90 N
"
13:05:00.599,99.011,9.0,0,0.0,"+  9.00  N  
","T: + 9.00 N
"
13:05:00.849,99.262,8.95,0,0.0,"+  8.95  N  
","T: + 9.00 N
"
13:05:01.099,99.512,9.05,0,0.0,"+  9.05  N  
","T: + 9.00 N
"
13:05:01.349,99.762,8.95,0,0.0,"+  8.95  N  
","T: + 8.85 N
"
13:05:01.599,100.012,8.95,0,0.0,"+  8.95  N  
","T: + 8.90 N
"
13:05:01.850,100.262,8.95,0,0.0,"+  8.95  N  
","T: + 8.95 N
"
13:05:02.100,100.513,8.95,0,0.0,"+  8.95  N  
","T: + 9.00 N
"
13:05:02.350,100.762,8.95,0,0.0,"+  8.95  N  
","T: + 9.00 N
"
13:05:02.600,101.012,8.95,0,0.0,"+  8.95  N  
","T: + 8.90 N
"
13:05:02.850,101.263,8.95,0,0.0,"+  8.95  N  
","T: + 8.90 N
"
13:05:03.100,101.513,9.0,0,0.0,"+  9.00  N  
","T: + 9.00 N
"
13:05:03.350,101.763,9.0,0,0.0,"+  9.00  N  
","T: + 8.95 N
"
13:05:03.601,102.014,8.9,0,0.0,"+  8.90  N  
","T: + 9.00 N
"
13:05:03.851,102.264,8.95,0,0.0,"+  8.95  N  
","T: + 8.95 N
"
13:05:04.101,102.514,8.95,0,0.0,"+  8.95  N  
","T: + 8.85 N
"
13:05:04.352,102.764,9.0,0,0.0,"+  9.00  N  
","T: + 9.00 N
"
13:05:04.603,103.016,8.9,0,0.0,"+  8.90  N  
","T: + 8.95 N
"
13:05:04.852,103.264,8.95,0,0.0,"+  8.95  N  
","T: + 8.95 N
"
13:05:05.101,103.514,8.9,0,0.0,"+  8.90  N  
","T: + 8.90 N
"
13:05:05.351,103.764,8.9,0,0.0,"+  8.90  N  
","T: + 8.95 N
"
13:05:05.602,104.014,9.0,0,0.0,"+  9.00  N  
","T: + 8.95 N
"
13:05:05.852,104.264,8.9,0,0.0,"+  8.90  N  
","T: + 8.90 N
"
13:05:06.102,104.514,8.95,0,0.0,"+  8.95  N  
","T: + 8.90 N
"
13:05:06.352,104.765,8.9,0,0.0,"+  8.90  N  
","T: + 8.90 N
"
13:05:06.602,105.015,9.0,0,0.0,"+  9.00  N  
","T: + 9.00 N
"
13:05:06.852,105.265,8.9,0,0.0,"+  8.90  N  
","T: + 8.90 N
"
13:05:07.102,105.515,8.95,0,0.0,"+  8.95  N  
","T: + 9.00 N
"
13:05:07.352,105.765,8.95,0,0.0,"+  8.95  N  
","T: + 8.90 N
"
13:05:07.602,106.015,9.0,0,0.0,"+  9.00  N  
","T: + 8.90 N
"
13:05:07.853,106.265,9.0,0,0.0,"+  9.00  N  
","T: + 8.90 N
"
13:05:08.103,106.515,8.95,0,0.0,"+  8.95  N  
","T: + 9.00 N
"
13:05:08.353,106.766,9.0,0,0.0,"+  9.00  N  
","T: + 8.90 N
"
13:05:08.603,107.016,8.9,0,0.0,"+  8.90  N  
","T: + 8.85 N
"
13:05:08.853,107.266,8.9,0,0.0,"+  8.90  N  
","T: + 8.95 N
"
13:05:09.103,107.516,8.95,0,0.0,"+  8.95  N  
","T: + 8.95 N
"
13:05:09.353,107.766,8.9,0,0.0,"+  8.90  N  
","T: + 9.05 N
"
13:05:09.603,108.016,8.95,0,0.0,"+  8.95  N  
","T: + 8.90 N
"
13:05:09.854,108.267,8.9,0,0.0,"+  8.90  N  
","T: + 8.95 N
"
13:05:10.104,108.517,8.9,0,0.0,"+  8.90  N  
","T: + 8.90 N
"
13:05:10.355,108.767,8.9,0,0.0,"+  8.90  N  
","T: + 8.95 N
"
13:05:10.605,109.018,8.9,0,0.0,"+  8.90  N  
","T: + 8.95 N
"
13:05:10.856,109.269,8.95,0,0.0,"+  8.95  N  
","T: + 8.90 N
"
13:05:11.105,109.518,8.9,0,0.0,"+  8.90  N  
","T: + 8.85 N
"
13:05:11.355,109.768,9.05,0,0.0,"+  9.05  N  
","T: + 8.90 N
"
13:05:11.605,110.018,8.9,0,0.0,"+  8.90  N  
","T: + 8.85 N
"
13:05:11.856,110.268,8.9,0,0.0,"+  8.90  N  
","T: + 8.85 N
"
13:05:12.106,110.519,8.85,0,0.0,"+  8.85  N  
","T: + 8.95 N
"
13:05:12.356,110.769,8.85,0,0.0,"+  8.85  N  
","T: + 8.90 N
"
13:05:12.606,111.019,8.95,0,0.0,"+  8.95  N  
","T: + 8.90 N
"
13:05:12.856,111.269,8.9,0,0.0,"+  8.90  N  
","T: + 8.90 N
"
13:05:13.106,111.519,9.05,0,0.0,"+  9.05  N  
","T: + 8.90 N
"
13:05:13.357,111.769,9.15,0,0.0,"+  9.15  N  
","T: + 9.20 N
"
13:05:13.607,112.019,9.2,0,0.0,"+  9.20  N  
","T: + 9.30 N
"
13:05:13.857,112.27,9.2,0,0.0,"+  9.20  N  
","T: + 9.10 N
"
13:05:14.107,112.52,9.1,0,0.0,"+  9.10  N  
","T: + 9.05 N
"
13:05:14.357,112.77,9.05,0,0.0,"+  9.05  N  
","T: + 9.05 N
"
13:05:14.607,113.02,2.4,0,0.0,"+  2.40  N  
","T: + 1.65 N
"
13:05:14.858,113.27,0.75,0,0.0,"+  0.75  N  
","T: + 0.65 N
"
13:05:15.108,113.52,0.55,0,0.0,"+  0.55  N  
","T: + 0.45 N
"
13:05:15.358,113.771,0.45,0,0.0,"+  0.45  N  
","T: + 0.45 N
"
13:05:15.608,114.021,0.5,0,0.0,"+  0.50  N  
","T: + 0.45 N
"
13:05:15.858,114.271,0.35,0,0.0,"+  0.35  N  
","T: + 0.45 N
"
13:05:16.108,114.521,0.4,0,0.0,"+  0.40  N  
","T: + 0.45 N
"
13:05:16.358,114.771,0.45,0,0.0,"+  0.45  N  
","T: + 0.45 N
"
13:05:16.609,115.022,0.4,0,0.0,"+  0.40  N  
","T: + 0.35 N
"
13:05:16.859,115.271,0.45,0,0.0,"+  0.45  N  
","T: + 0.45 N
"
13:05:17.109,115.522,0.5,0,0.0,"+  0.50  N  
","T: + 0.45 N
"
13:05:17.359,115.772,0.4,0,0.0,"+  0.40  N  
","T: + 0.45 N
"
13:05:17.609,116.022,0.45,0,0.0,"+  0.45  N  
","T: + 0.45 N
"
13:05:17.859,116.272,0.5,0,0.0,"+  0.50  N  
","T: + 0.45 N
"
13:05:18.111,116.523,0.45,0,0.0,"+  0.45  N  
","T: + 0.45 N
"
13:05:18.360,116.772,0.45,0,0.0,"+  0.45  N  
","T: + 0.40 N
"
13:05:18.610,117.023,0.45,0,0.0,"+  0.45  N  
","T: + 0.45 N
"
13:05:18.860,117.273,0.5,0,0.0,"+  0.50  N  
","T: + 0.50 N
"
13:05:19.110,117.523,0.55,0,0.0,"+  0.55  N  
","T: + 0.50 N
"
13:05:19.361,117.774,0.6,0,0.0,"+  0.60  N  
","T: + 0.50 N
"
13:05:19.610,118.023,0.55,0,0.0,"+  0.55  N  
","T: + 0.50 N
"
13:05:19.861,118.274,0.55,0,0.0,"+  0.55  N  
","T: + 0.45 N
"
13:05:20.111,118.524,0.55,0,0.0,"+  0.55  N  
","T: + 0.50 N
"
13:05:20.361,118.774,0.45,0,0.0,"+  0.45  N  
","T: + 0.50 N
"
13:05:20.611,119.024,0.6,0,0.0,"+  0.60  N  
","T: + 0.50 N
"
13:05:20.861,119.274,0.45,0,0.0,"+  0.45  N  
","T: + 0.50 N
"
13:05:21.112,119.524,0.4,0,0.0,"+  0.40  N  
","T: + 0.50 N
"
13:05:21.362,119.775,0.5,0,0.0,"+  0.50  N  
","T: + 0.50 N
"
13:05:21.612,120.025,0.45,0,0.0,"+  0.45  N  
","T: + 0.45 N
"
13:05:21.862,120.275,0.55,0,0.0,"+  0.55  N  
","T: + 0.55 N
"
13:05:22.112,120.525,0.45,0,0.0,"+  0.45  N  
","T: + 0.45 N
"
13:05:22.362,120.775,0.5,0,0.0,"+  0.50  N  
","T: + 0.45 N
"
13:05:22.613,121.026,0.45,0,0.0,"+  0.45  N  
","T: + 0.45 N
"
13:05:22.863,121.276,0.55,0,0.0,"+  0.55  N  
","T: + 0.50 N
"
13:05:23.113,121.526,0.45,0,0.0,"+  0.45  N  
","T: + 0.55 N
"
13:05:23.363,121.776,0.5,0,0.0,"+  0.50  N  
","T: + 0.55 N
"
13:05:23.614,122.027,0.45,0,0.0,"+  0.45  N  
","T: + 0.50 N
"
13:05:23.863,122.276,0.5,0,0.0,"+  0.50  N  
","T: + 0.45 N
"
13:05:24.114,122.527,0.5,0,0.0,"+  0.50  N  
","T: + 0.45 N
"
13:05:24.364,122.776,0.5,0,0.0,"+  0.50  N  
","T: + 0.50 N
"
13:05:24.614,123.027,0.5,0,0.0,"+  0.50  N  
","T: + 0.50 N
"
13:05:24.864,123.277,0.45,0,0.0,"+  0.45  N  
","T: + 0.50 N
"
13:05:25.114,123.527,0.5,0,0.0,"+  0.50  N  
","T: + 0.50 N
"
13:05:25.364,123.777,0.55,0,0.0,"+  0.55  N  
","T: + 0.40 N
"
13:05:25.615,124.027,0.55,0,0.0,"+  0.55  N  
","T: + 0.50 N
"
13:05:25.865,124.277,0.5,0,0.0,"+  0.50  N  
","T: + 0.50 N
"
13:05:26.115,124.528,0.5,0,0.0,"+  0.50  N  
","T: + 0.45 N
"
13:05:26.365,124.778,0.45,0,0.0,"+  0.45  N  
","T: + 0.50 N
"
13:05:26.615,125.028,0.45,0,0.0,"+  0.45  N  
","T: + 0.50 N
"
13:05:26.865,125.278,0.5,0,0.0,"+  0.50  N  
","T: + 0.50 N
"
13:05:27.116,125.528,0.5,0,0.0,"+  0.50  N  
","T: + 0.50 N
"
13:05:27.366,125.779,0.4,0,0.0,"+  0.40  N  
","T: + 0.40 N
"
13:05:27.616,126.029,0.5,0,0.0,"+  0.50  N  
","T: + 0.55 N
"
13:05:27.866,126.279,0.45,0,0.0,"+  0.45  N  
","T: + 0.55 N
"
13:05:28.116,126.529,0.55,0,0.0,"+  0.55  N  
","T: + 0.50 N
"
13:05:28.366,126.779,0.55,0,0.0,"+  0.55  N  
","T: + 0.50 N
"
13:05:28.617,127.03,0.55,0,0.0,"+  0.55  N  
","T: + 0.50 N
"
13:05:28.867,127.279,0.5,0,0.0,"+  0.50  N  
","T: + 0.50 N
"
13:05:29.118,127.531,0.45,0,0.0,"+  0.45  N  
","T: + 0.50 N
"
13:05:29.367,127.78,0.45,0,0.0,"+  0.45  N  
","T: + 0.45 N
"
13:05:29.617,128.03,0.5,0,0.0,"+  0.50  N  
","T: + 0.45 N
"
13:05:29.867,128.28,0.45,0,0.0,"+  0.45  N  
","T: + 0.40 N
"
13:05:30.119,128.531,0.5,0,0.0,"+  0.50  N  
","T: + 0.45 N
"
13:05:30.368,128.78,0.45,0,0.0,"+  0.45  N  
","T: + 0.45 N
"
13:05:30.618,129.031,0.45,0,0.0,"+  0.45  N  
","T: + 0.50 N
"
13:05:30.868,129.281,0.45,0,0.0,"+  0.45  N  
","T: + 0.40 N
"
13:05:31.118,129.531,,0,0.0,,"T: + 0.00 N
"
13:05:31.369,129.781,0.0,0,0.0,"+  0.00  N  
","T: + 0.00 N
"
13:05:31.619,130.032,0.0,0,0.0,"+  0.00  N  
","T: + 0.00 N
"
13:05:31.869,130.282,0.0,0,0.0,"-  0.00  N  
","T: + 0.00 N
"
13:05:32.119,130.532,0.0,0,0.0,"+  0.00  N  
","T: + 0.00 N
"
13:05:32.370,130.783,0.0,0,0.0,"+  0.00  N  
","T: + 0.00 N
"
13:05:32.619,131.032,0.0,0,0.0,"+  0.00  N  
","T: + 0.00 N
"
13:05:32.870,131.282,0.0,0,0.0,"+  0.00  N  
","T: + 0.00 N
"
13:05:33.120,131.532,0.0,0,0.0,"+  0.00  N  
","C: - 0.00 N
"
13:05:33.370,131.783,0.0,0,0.0,"-  0.00  N  
","T: + 0.00 N
"
13:05:33.620,132.033,0.0,0,0.0,"+  0.00  N  
","T: + 0.00 N
"
13:05:33.871,132.284,0.0,0,0.0,"-  0.00  N  
","T: + 0.00 N
"
13:05:34.120,132.533,0.0,0,0.0,"+  0.00  N  
","T: + 0.00 N
"
13:05:34.370,132.783,0.0,0,0.0,"+  0.00  N  
","T: + 3.15 N
"
13:05:34.621,133.033,4.2,0,0.0,"+  4.20  N  
","T: + 4.30 N
"
13:05:34.871,133.283,3.95,0,0.0,"+  3.95  N  
","T: + 4.05 N
"
13:05:35.121,133.534,3.9,0,0.0,"+  3.90  N  
","T: + 3.90 N
"
13:05:35.371,133.784,3.8,0,0.0,"+  3.80  N  
","T: + 3.90 N
"
13:05:35.621,134.034,3.65,0,0.0,"+  3.65  N  
","T: + 3.75 N
"
13:05:35.871,134.284,3.75,0,0.0,"+  3.75  N  
","T: + 3.75 N
"
13:05:36.122,134.535,3.5,0,0.0,"+  3.50  N  
","T: + 3.50 N
"
13:05:36.372,134.785,2.9,0,0.0,"+  2.90  N  
","T: + 1.90 N
"
13:05:36.623,135.035,0.75,0,0.0,"+  0.75  N  
","T: + 0.60 N
"
13:05:36.872,135.285,0.0,0,0.0,"+  0.00  N  
","C: - 0.00 N
"
13:05:37.122,135.535,0.0,0,0.0,"+  0.00  N  
","T: + 0.00 N
"
13:05:37.373,135.786,0.0,0,0.0,"+  0.00  N  
","T: + 0.00 N
"
13:05:37.623,136.036,0.0,0,0.0,"+  0.00  N  
","T: + 0.00 N
"
13:05:37.873,136.286,0.0,0,0.0,"-  0.00  N  
","C: - 0.00 N
"
13:05:38.123,136.536,0.0,0,0.0,"-  0.00  N  
","C: - 0.00 N
"
13:05:38.373,136.786,0.0,0,0.0,"+  0.00  N  
","C: - 0.00 N
"
13:05:38.623,137.036,0.0,0,0.0,"+  0.00  N  
","T: + 0.00 N
"
13:05:38.874,137.286,0.0,0,0.0,"-  0.00  N  
","C: - 0.00 N
"
13:05:39.124,137.536,0.0,0,0.0,"-  0.00  N  
","T: + 0.00 N
"
13:05:39.374,137.786,0.0,0,0.0,"-  0.00  N  
","C: - 0.00 N
"
13:05:39.624,138.037,0.0,0,0.0,"-  0.00  N  
","C: - 0.00 N
"
13:05:39.874,138.287,0.0,0,0.0,"+  0.00  N  
","T: + 0.00 N
"
13:05:40.124,138.537,0.0,0,0.0,"-  0.00  N  
","T: + 0.00 N
"
13:05:40.374,138.787,0.0,0,0.0,"+  0.00  N  
","T: + 0.00 N
"
13:05:40.624,139.037,0.0,0,0.0,"+  0.00  N  
","T: + 0.00 N
"
13:05:40.875,139.287,0.0,0,0.0,"+  0.00  N  
","T: + 0.00 N
"
13:05:41.125,139.537,0.0,0,0.0,"+  0.00  N  
","T: + 0.00 N
"
13:05:41.375,139.788,0.0,0,0.0,"+  0.00  N  
","T: + 0.00 N
"
13:05:41.625,140.038,0.0,0,0.0,"+  0.00  N  
","T: + 0.00 N
"
13:05:41.875,140.288,0.0,0,0.0,"+  0.00  N  
","T: + 0.00 N
"
13:05:42.126,140.538,0.0,0,0.0,"+  0.00  N  
","T: + 0.00 N
"
13:05:42.376,140.788,0.0,0,0.0,"+  0.00  N  
","T: + 0.00 N
"
13:05:42.626,141.039,0.4,0,0.0,"+  0.40  N  
","T: + 0.60 N
"
13:05:42.876,141.289,0.8,0,0.0,"+  0.80  N  
","T: + 0.80 N
"
13:05:43.126,141.539,0.85,0,0.0,"+  0.85  N  
","T: + 0.75 N
"
13:05:43.377,141.79,0.7,0,0.0,"+  0.70  N  
","T: + 0.70 N
"
13:05:43.626,142.039,0.65,0,0.0,"+  0.65  N  
","T: + 0.75 N
"
13:05:43.877,142.289,0.7,0,0.0,"+  0.70  N  
","T: + 0.70 N
"
13:05:44.127,142.54,0.75,0,0.0,"+  0.75  N  
","T: + 0.60 N
"
13:05:44.377,142.79,0.65,0,0.0,"+  0.65  N  
","T: + 0.60 N
"
13:05:44.627,143.04,0.55,0,0.0,"+  0.55  N  
","T: + 0.60 N
"
13:05:44.877,143.29,0.5,0,0.0,"+  0.50  N  
","T: + 0.50 N
"
13:05:45.127,143.54,0.35,0,0.0,"+  0.35  N  
","T: + 0.20 N
"
13:05:45.378,143.79,0.0,0,0.0,"+  0.00  N  
","T: + 0.00 N
"
13:05:45.628,144.041,0.0,0,0.0,"+  0.00  N  
","T: + 0.00 N
"
13:05:45.877,144.29,0.0,0,0.0,"+  0.00  N  
","C: - 0.00 N
"
13:05:46.127,144.54,0.0,0,0.0,"+  0.00  N  
","T: + 0.00 N
"
13:05:46.377,144.79,0.0,0,0.0,"+  0.00  N  
","T: + 0.00 N
"
13:05:46.627,145.04,0.0,0,0.0,"-  0.00  N  
","C: - 0.00 N
"
13:05:46.878,145.29,0.0,0,0.0,"+  0.00  N  
","T: + 0.00 N
"
13:05:47.128,145.541,0.0,0,0.0,"+  0.00  N  
","T: + 0.00 N
"
13:05:47.378,145.791,0.0,0,0.0,"+  0.00  N  
","T: + 0.00 N
"
13:05:47.628,146.041,0.0,0,0.0,"+  0.00  N  
","T: + 0.00 N
"
13:05:47.878,146.291,0.0,0,0.0,"-  0.00  N  
","T: + 0.00 N
"
13:05:48.128,146.541,0.0,0,0.0,"+  0.00  N  
","C: - 0.00 N
"
13:05:48.378,146.791,0.0,0,0.0,"+  0.00  N  
","T: + 0.00 N
"
13:05:48.629,147.041,0.0,0,0.0,"+  0.00  N  
","T: + 0.00 N
"
13:05:48.879,147.291,0.0,0,0.0,"+  0.00  N  
","C: - 0.00 N
"
13:05:49.129,147.542,0.0,0,0.0,"+  0.00  N  
","T: + 0.00 N
"
13:05:49.379,147.792,0.0,0,0.0,"+  0.00  N  
","T: + 0.00 N
"
13:05:49.629,148.042,0.0,0,0.0,"+  0.00  N  
","T: + 0.00 N
"
13:05:49.879,148.292,0.0,0,0.0,"+  0.00  N  
","T: + 0.00 N
"
13:05:50.129,148.542,0.0,0,0.0,"+  0.00  N  
","T: + 0.00 N
"
13:05:50.379,148.792,0.0,0,0.0,"+  0.00  N  
","T: + 0.00 N
"
13:05:50.630,149.042,0.0,0,0.0,"+  0.00  N  
","T: + 0.00 N
"
13:05:50.880,149.293,0.0,0,0.0,"+  0.00  N  
","T: + 0.00 N
"
13:05:51.131,149.543,0.0,0,0.0,"+  0.00  N  
","C: - 0.00 N
"
13:05:51.381,149.794,0.0,0,0.0,"+  0.00  N  
","T: + 0.00 N
"
13:05:51.631,150.044,0.0,0,0.0,"+  0.00  N  
","T: + 0.00 N
"
13:05:51.881,150.294,0.0,0,0.0,"+  0.00  N  
","T: + 0.00 N
"
13:05:52.131,150.544,0.0,0,0.0,"+  0.00  N  
","T: + 0.00 N
"
13:05:52.381,150.794,0.0,0,0.0,"+  0.00  N  
","T: + 0.00 N
"
13:05:52.632,151.044,0.0,0,0.0,"+  0.00  N  
","C: - 0.00 N
"
13:05:52.882,151.295,0.0,0,0.0,"+  0.00  N  
","T: + 0.00 N
"
13:05:53.132,151.545,0.0,0,0.0,"+  0.00  N  
","T: + 0.00 N
"
13:05:53.382,151.795,0.0,0,0.0,"+  0.00  N  
","T: + 0.00 N
"
13:05:53.632,152.045,0.0,0,0.0,"+  0.00  N  
","T: + 0.00 N
"
13:05:53.883,152.296,0.0,0,0.0,"+  0.00  N  
","T: + 0.00 N
"
13:05:54.133,152.545,0.0,0,0.0,"+  0.00  N  
","T: + 0.00 N
"
13:05:54.383,152.795,0.0,0,0.0,"+  0.00  N  
","T: + 0.00 N
"
13:05:54.633,153.046,0.0,0,0.0,"+  0.00  N  
","T: + 0.00 N
"
13:05:54.884,153.297,0.0,0,0.0,"+  0.00  N  
","T: + 0.00 N
"
13:05:55.133,153.546,0.0,0,0.0,"+  0.00  N  
","T: + 0.00 N
"
13:05:55.384,153.796,0.0,0,0.0,"+  0.00  N  
","T: + 0.00 N
"
13:05:55.634,154.046,0.0,0,0.0,"+  0.00  N  
","T: + 0.00 N
"
13:05:55.884,154.297,0.0,0,0.0,"+  0.00  N  
","T: + 0.00 N
"
13:05:56.134,154.547,0.0,0,0.0,"+  0.00  N  
","T: + 0.45 N
"
13:05:56.384,154.797,0.6,0,0.0,"+  0.60  N  
","T: + 0.70 N
"
13:05:56.634,155.047,0.5,0,0.0,"+  0.50  N  
","T: + 0.60 N
"
13:05:56.884,155.297,0.55,0,0.0,"+  0.55  N  
","T: + 0.60 N
"
13:05:57.135,155.547,0.55,0,0.0,"+  0.55  N  
","T: + 0.50 N
"
13:05:57.385,155.797,0.55,0,0.0,"+  0.55  N  
","T: + 0.55 N
"
13:05:57.635,156.048,0.55,0,0.0,"+  0.55  N  
","T: + 0.50 N
"
13:05:57.885,156.298,0.55,0,0.0,"+  0.55  N  
","T: + 0.45 N
"
13:05:58.135,156.548,0.45,0,0.0,"+  0.45  N  
","T: + 0.40 N
"
13:05:58.385,156.798,0.4,0,0.0,"+  0.40  N  
","T: + 0.40 N
"
13:05:58.636,157.049,0.45,0,0.0,"+  0.45  N  
","T: + 0.25 N
"
13:05:58.886,157.298,0.4,0,0.0,"+  0.40  N  
","T: + 0.50 N
"
13:05:59.137,157.549,0.4,0,0.0,"+  0.40  N  
","T: + 0.40 N
"
13:05:59.386,157.799,0.3,0,0.0,"+  0.30  N  
","T: + 0.35 N
"
13:05:59.636,158.049,0.25,0,0.0,"+  0.25  N  
","T: + 0.30 N
"
13:05:59.886,158.299,0.2,0,0.0,"+  0.20  N  
","T: + 0.00 N
"
13:06:00.137,158.549,0.0,0,0.0,"-  0.00  N  
","T: + 0.00 N
"
13:06:00.387,158.8,0.0,0,0.0,"+  0.00  N  
","T: + 0.00 N
"
13:06:00.638,159.05,0.0,0,0.0,"-  0.00  N  
","T: + 0.00 N
"
13:06:00.887,159.3,0.0,0,0.0,"+  0.00  N  
","T: + 0.00 N
"
13:06:01.137,159.55,0.0,0,0.0,"+  0.00  N  
","T: + 0.00 N
"
13:06:01.387,159.8,0.0,0,0.0,"+  0.00  N  
","T: + 0.00 N
"
13:06:01.637,160.05,0.0,0,0.0,"+  0.00  N  
","T: + 0.00 N
"
13:06:01.887,160.3,0.0,0,0.0,"+  0.00  N  
","T: + 0.00 N
"
13:06:02.137,160.55,0.0,0,0.0,"+  0.00  N  
","T: + 0.00 N
"
13:06:02.387,160.8,0.0,0,0.0,"+  0.00  N  
","T: + 0.00 N
"
13:06:02.637,161.05,0.0,0,0.0,"+  0.00  N  
","T: + 0.00 N
"
13:06:02.887,161.3,0.0,0,0.0,"+  0.00  N  
","T: + 0.00 N
"
13:06:03.137,161.55,0.0,0,0.0,"+  0.00  N  
","T: + 0.00 N
"
13:06:03.388,161.8,0.0,0,0.0,"+  0.00  N  
","T: + 0.00 N
"
13:06:03.638,162.051,0.0,0,0.0,"+  0.00  N  
","T: + 0.00 N
"
13:06:03.888,162.301,0.0,0,0.0,"-  0.00  N  
","T: + 0.00 N
"
13:06:04.138,162.551,0.0,0,0.0,"+  0.00  N  
","C: - 0.00 N
"
13:06:04.388,162.801,0.0,0,0.0,"+  0.00  N  
","T: + 0.00 N
"
13:06:04.638,163.051,0.0,0,0.0,"+  0.00  N  
","T: + 0.00 N
"
13:06:04.888,163.301,0.0,0,0.0,"+  0.00  N  
","T: + 0.00 N
"
13:06:05.139,163.551,0.0,0,0.0,"+  0.00  N  
","T: + 0.00 N
"
13:06:05.389,163.801,0.0,0,0.0,"+  0.00  N  
","T: + 0.00 N
"
13:06:05.639,164.051,0.0,0,0.0,"+  0.00  N  
","T: + 0.40 N
"
13:06:05.889,164.302,0.25,0,0.0,"+  0.25  N  
","T: + 0.30 N
"
13:06:06.139,164.552,0.3,0,0.0,"+  0.30  N  
","T: + 0.20 N
"
13:06:06.390,164.802,0.25,0,0.0,"+  0.25  N  
","T: + 0.20 N
"
13:06:06.640,165.053,0.2,0,0.0,"+  0.20  N  
","T: + 0.25 N
"
13:06:06.890,165.303,0.2,0,0.0,"+  0.20  N  
","T: + 0.20 N
"
13:06:07.140,165.553,0.0,0,0.0,"+  0.00  N  
","T: + 0.20 N
"
13:06:07.390,165.803,0.2,0,0.0,"+  0.20  N  
","T: + 0.20 N
"
13:06:07.641,166.054,0.2,0,0.0,"+  0.20  N  
","T: + 0.25 N
"
13:06:07.891,166.304,0.0,0,0.0,"+  0.00  N  
","T: + 0.00 N
"
13:06:08.142,166.555,0.0,0,0.0,"+  0.00  N  
","T: + 0.00 N
"
13:06:08.391,166.804,0.0,0,0.0,"+  0.00  N  
","T: + 0.00 N
"
13:06:08.641,167.054,0.0,0,0.0,"+  0.00  N  
","T: + 0.00 N
"
13:06:08.892,167.305,0.2,0,0.0,"+  0.20  N  
","T: + 0.30 N
"
13:06:09.142,167.555,0.0,0,0.0,"+  0.00  N  
","T: + 0.20 N
"
13:06:09.392,167.805,0.2,0,0.0,"+  0.20  N  
","T: + 0.20 N
"
13:06:09.642,168.055,0.0,0,0.0,"+  0.00  N  
","T: + 0.00 N
"
13:06:09.894,168.307,0.0,0,0.0,"+  0.00  N  
","T: + 0.00 N
"
13:06:10.142,168.555,0.0,0,0.0,"+  0.00  N  
","T: + 0.00 N
"
13:06:10.393,168.805,0.0,0,0.0,"+  0.00  N  
","T: + 0.00 N
"
13:06:10.643,169.055,0.0,0,0.0,"+  0.00  N  
","T: + 0.00 N
"
13:06:10.893,169.305,0.0,0,0.0,"+  0.00  N  
","T: + 0.00 N
"
13:06:11.143,169.556,0.0,0,0.0,"+  0.00  N  
","T: + 0.00 N
"
13:06:11.393,169.806,0.0,0,0.0,"+  0.00  N  
","T: + 0.00 N
"
13:06:11.643,170.056,0.0,0,0.0,"+  0.00  N  
","T: + 0.00 N
"
13:06:11.894,170.306,0.0,0,0.0,"+  0.00  N  
","T: + 0.00 N
"
13:06:12.143,170.556,0.2,0,0.0,"+  0.20  N  
","T: + 0.00 N
"
13:06:12.393,170.806,0.0,0,0.0,"+  0.00  N  
","T: + 0.00 N
"
13:06:12.643,171.056,0.0,0,0.0,"+  0.00  N  
","T: + 0.00 N
"
13:06:12.893,171.306,0.0,0,0.0,"+  0.00  N  
","T: + 0.00 N
"
13:06:13.143,171.556,0.0,0,0.0,"+  0.00  N  
","T: + 0.00 N
"
13:06:13.393,171.806,0.0,0,0.0,"+  0.00  N  
","T: + 0.00 N
"
13:06:13.644,172.056,0.0,0,0.0,"+  0.00  N  
","T: + 0.00 N
"
13:06:13.894,172.307,0.0,0,0.0,"+  0.00  N  
","T: + 0.00 N
"
13:06:14.144,172.557,0.2,0,0.0,"+  0.20  N  
","T: + 0.20 N
"
13:06:14.394,172.807,0.0,0,0.0,"+  0.00  N  
","T: + 0.00 N
"
13:06:14.644,173.057,0.2,0,0.0,"+  0.20  N  
","T: + 0.00 N
"
13:06:14.894,173.307,0.0,0,0.0,"+  0.00  N  
","T: + 0.00 N
"
13:06:15.144,173.557,0.0,0,0.0,"+  0.00  N  
","T: + 0.00 N
"
13:06:15.395,173.807,0.2,0,0.0,"+  0.20  N  
","T: + 0.20 N
"
13:06:15.645,174.058,0.2,0,0.0,"+  0.20  N  
","T: + 0.20 N
"
13:06:15.895,174.308,0.0,0,0.0,"+  0.00  N  
","T: + 0.00 N
"
13:06:16.145,174.558,0.0,0,0.0,"+  0.00  N  
","T: + 0.00 N
"
13:06:16.395,174.808,0.0,0,0.0,"+  0.00  N  
","T: + 0.00 N
"
13:06:16.645,175.058,0.0,0,0.0,"+  0.00  N  
","T: + 0.00 N
"
13:06:16.895,175.308,0.0,0,0.0,"+  0.00  N  
","T: + 0.00 N
"
13:06:17.146,175.559,0.0,0,0.0,"+  0.00  N  
","T: + 0.20 N
"
13:06:17.396,175.809,0.0,0,0.0,"+  0.00  N  
","T: + 0.00 N
"
13:06:17.647,176.059,0.0,0,0.0,"+  0.00  N  
","T: + 0.20 N
"
13:06:17.897,176.31,0.2,0,0.0,"+  0.20  N  
","T: + 0.20 N
"
13:06:18.147,176.56,0.0,0,0.0,"+  0.00  N  
","T: + 0.20 N
"
13:06:18.397,176.81,0.2,0,0.0,"+  0.20  N  
","T: + 0.00 N
"
13:06:18.647,177.06,0.0,0,0.0,"+  0.00  N  
","T: + 0.20 N
"
13:06:18.897,177.31,0.2,0,0.0,"+  0.20  N  
","T: + 0.00 N
"
13:06:19.147,177.56,0.2,0,0.0,"+  0.20  N  
","T: + 0.00 N
"
13:06:19.398,177.81,0.0,0,0.0,"+  0.00  N  
","T: + 0.20 N
"
13:06:19.648,178.061,0.2,0,0.0,"+  0.20  N  
","T: + 0.20 N
"
13:06:19.898,178.311,0.0,0,0.0,"+  0.00  N  
","T: + 0.20 N
"
13:06:20.148,178.561,0.2,0,0.0,"+  0.20  N  
","T: + 0.20 N
"
13:06:20.398,178.811,0.0,0,0.0,"+  0.00  N  
","T: + 0.20 N
"
13:06:20.648,179.061,0.25,0,0.0,"+  0.25  N  
","T: + 0.20 N
"
13:06:20.899,179.311,0.2,0,0.0,"+  0.20  N  
","T: + 0.20 N
"
13:06:21.149,179.562,0.2,0,0.0,"+  0.20  N  
","T: + 0.00 N
"
13:06:21.399,179.812,0.0,0,0.0,"+  0.00  N  
","T: + 0.00 N
"
13:06:21.649,180.062,0.0,0,0.0,"+  0.00  N  
","T: + 0.20 N
"
13:06:21.899,180.312,0.2,0,0.0,"+  0.20  N  
","T: + 0.20 N
"
13:06:22.149,180.562,0.0,0,0.0,"+  0.00  N  
","T: + 0.00 N
"
13:06:22.400,180.813,0.0,0,0.0,"+  0.00  N  
","T: + 0.20 N
"
13:06:22.649,181.062,0.0,0,0.0,"+  0.00  N  
","T: + 0.20 N
"
13:06:22.899,181.312,0.2,0,0.0,"+  0.20  N  
","T: + 0.25 N
"
13:06:23.149,181.562,0.0,0,0.0,"+  0.00  N  
","T: + 0.00 N
"
13:06:23.399,181.812,0.0,0,0.0,"+  0.00  N  
","T: + 0.25 N
"
13:06:23.650,182.062,0.0,0,0.0,"+  0.00  N  
","T: + 0.00 N
"
13:06:23.900,182.312,0.2,0,0.0,"+  0.20  N  
","T: + 0.20 N
"
13:06:24.150,182.562,0.25,0,0.0,"+  0.25  N  
","T: + 0.00 N
"
13:06:24.400,182.813,0.0,0,0.0,"+  0.00  N  
","T: + 0.00 N
"
13:06:24.650,183.063,0.2,0,0.0,"+  0.20  N  
","T: + 0.20 N
"
13:06:24.900,183.313,0.0,0,0.0,"+  0.00  N  
","T: + 0.00 N
"
13:06:25.150,183.563,0.2,0,0.0,"+  0.20  N  
","T: + 0.25 N
"
13:06:25.400,183.813,0.25,0,0.0,"+  0.25  N  
","T: + 0.00 N
"
13:06:25.650,184.063,0.2,0,0.0,"+  0.20  N  
","T: + 0.25 N
"
13:06:25.901,184.314,0.3,0,0.0,"+  0.30  N  
","T: + 0.20 N
"
13:06:26.151,184.564,0.25,0,0.0,"+  0.25  N  
","T: + 0.30 N
"
13:06:26.401,184.814,0.25,0,0.0,"+  0.25  N  
","T: + 0.20 N
"
13:06:26.651,185.064,0.3,0,0.0,"+  0.30  N  
","T: + 0.25 N
"
13:06:26.901,185.314,0.25,0,0.0,"+  0.25  N  
","T: + 0.25 N
"
13:06:27.152,185.564,0.25,0,0.0,"+  0.25  N  
","T: + 0.25 N
"
13:06:27.401,185.814,0.3,0,0.0,"+  0.30  N  
","T: + 0.25 N
"
13:06:27.652,186.065,0.25,0,0.0,"+  0.25  N  
","T: + 0.20 N
"
13:06:27.902,186.315,0.2,0,0.0,"+  0.20  N  
","T: + 0.25 N
"
13:06:28.153,186.565,0.25,0,0.0,"+  0.25  N  
","T: + 0.25 N
"
13:06:28.403,186.815,0.3,0,0.0,"+  0.30  N  
","T: + 0.25 N
"
13:06:28.653,187.066,0.2,0,0.0,"+  0.20  N  
","T: + 0.25 N
"
13:06:28.903,187.316,0.25,0,0.0,"+  0.25  N  
","T: + 0.25 N
"
13:06:29.153,187.566,0.25,0,0.0,"+  0.25  N  
","T: + 0.25 N
"
13:06:29.403,187.816,0.2,0,0.0,"+  0.20  N  
","T: + 0.25 N
"
13:06:29.654,188.067,0.3,0,0.0,"+  0.30  N  
","T: + 0.35 N
"
13:06:29.904,188.316,0.3,0,0.0,"+  0.30  N  
","T: + 0.30 N
"
13:06:30.154,188.567,0.35,0,0.0,"+  0.35  N  
","T: + 0.40 N
"
13:06:30.404,188.817,0.55,0,0.0,"+  0.55  N  
","T: + 0.45 N
"
13:06:30.654,189.067,0.5,0,0.0,"+  0.50  N  
","T: + 0.60 N
"
13:06:30.904,189.317,0.65,0,0.0,"+  0.65  N  
","T: + 0.70 N
"
13:06:31.155,189.568,0.75,0,0.0,"+  0.75  N  
","T: + 0.70 N
"
13:06:31.405,189.817,0.85,0,0.0,"+  0.85  N  
","T: + 0.90 N
"
13:06:31.655,190.068,1.0,0,0.0,"+  1.00  N  
","T: + 1.05 N
"
13:06:31.906,190.318,0.95,0,0.0,"+  0.95  N  
","T: + 1.10 N
"
13:06:32.155,190.568,1.05,0,0.0,"+  1.05  N  
","T: + 1.05 N
"
13:06:32.405,190.818,1.15,0,0.0,"+  1.15  N  
","T: + 1.10 N
"
13:06:32.655,191.068,1.0,0,0.0,"+  1.00  N  
","T: + 1.05 N
"
13:06:32.906,191.318,1.1,0,0.0,"+  1.10  N  
","T: + 1.15 N
"
13:06:33.156,191.569,1.05,0,0.0,"+  1.05  N  
","T: + 1.10 N
"
13:06:33.406,191.819,1.25,0,0.0,"+  1.25  N  
","T: + 1.20 N
"
13:06:33.657,192.07,1.15,0,0.0,"+  1.15  N  
","T: + 1.25 N
"
13:06:33.906,192.318,,0,0.0,,"C: - 0.00 N
"
13:06:34.157,192.57,0.0,0,0.0,"+  0.00  N  
","C: - 0.00 N
"
13:06:34.407,192.82,0.0,0,0.0,"+  0.00  N  
","T: + 0.00 N
"
13:06:34.657,193.07,0.0,0,0.0,"+  0.00  N  
","T: + 0.00 N
"
13:06:34.907,193.32,0.0,0,0.0,"+  0.00  N  
","T: + 0.00 N
"
13:06:35.158,193.57,0.0,0,0.0,"+  0.00  N  
","C: - 0.00 N
"
13:06:35.409,193.821,0.0,0,0.0,"+  0.00  N  
","C: - 0.00 N
"
13:06:35.658,194.071,0.0,0,0.0,"-  0.00  N  
","T: + 0.00 N
"
13:06:35.908,194.321,0.0,0,0.0,"+  0.00  N  
","C: - 0.00 N
"
13:06:36.158,194.571,0.0,0,0.0,"+  0.00  N  
","T: + 0.00 N
"
13:06:36.409,194.821,0.0,0,0.0,"+  0.00  N  
","T: + 0.00 N
"
13:06:36.659,195.072,0.0,0,0.0,"+  0.00  N  
","T: + 0.00 N
"
13:06:36.909,195.322,0.0,0,0.0,"+  0.00  N  
","T: + 0.00 N
"
13:06:37.159,195.572,0.0,0,0.0,"+  0.00  N  
","T: + 0.00 N
"
13:06:37.409,195.822,0.0,0,0.0,"+  0.00  N  
","T: + 0.00 N
"
13:06:37.660,196.072,0.0,0,0.0,"+  0.00  N  
","T: + 0.00 N
"
13:06:37.910,196.322,0.0,0,0.0,"+  0.00  N  
","T: + 0.00 N
"
13:06:38.160,196.573,0.0,0,0.0,"+  0.00  N  
","T: + 0.00 N
"
13:06:38.410,196.823,0.0,0,0.0,"+  0.00  N  
","T: + 0.00 N
"
13:06:38.660,197.073,0.0,0,0.0,"+  0.00  N  
","T: + 0.00 N
"
13:06:38.910,197.323,0.0,0,0.0,"+  0.00  N  
","T: + 0.00 N
"
13:06:39.161,197.573,0.0,0,0.0,"+  0.00  N  
","T: + 0.00 N
"
13:06:39.411,197.823,0.0,0,0.0,"+  0.00  N  
","T: + 0.00 N
"
13:06:39.661,198.074,0.0,0,0.0,"+  0.00  N  
","T: + 0.00 N
"
13:06:39.911,198.324,0.0,0,0.0,"+  0.00  N  
","T: + 0.00 N
"
13:06:40.161,198.574,0.0,0,0.0,"+  0.00  N  
","T: + 0.00 N
"
13:06:40.411,198.824,0.0,0,0.0,"+  0.00  N  
","T: + 0.00 N
"
13:06:40.662,199.075,0.0,0,0.0,"+  0.00  N  
","T: + 0.00 N
"
13:06:40.912,199.325,0.0,0,0.0,"+  0.00  N  
","T: + 0.20 N
"
13:06:41.162,199.575,0.0,0,0.0,"+  0.00  N  
","T: + 0.00 N
"
13:06:41.412,199.825,0.0,0,0.0,"+  0.00  N  
","T: + 0.00 N
"
13:06:41.662,200.075,0.0,0,0.0,"+  0.00  N  
","T: + 0.00 N
"
13:06:41.912,200.325,0.0,0,0.0,"+  0.00  N  
","T: + 0.25 N
"
13:06:42.163,200.575,0.0,0,0.0,"+  0.00  N  
","T: + 0.20 N
"
13:06:42.413,200.826,0.25,0,0.0,"+  0.25  N  
","T: + 0.00 N
"
13:06:42.663,201.076,0.25,0,0.0,"+  0.25  N  
","T: + 0.00 N
"
13:06:42.913,201.326,0.0,0,0.0,"+  0.00  N  
","T: + 0.20 N
"
13:06:43.163,201.576,0.2,0,0.0,"+  0.20  N  
","T: + 0.25 N
"
13:06:43.413,201.826,0.2,0,0.0,"+  0.20  N  
","T: + 0.00 N
"
13:06:43.663,202.076,0.25,0,0.0,"+  0.25  N  
","T: + 0.00 N
"
13:06:43.913,202.326,0.0,0,0.0,"+  0.00  N  
","T: + 0.00 N
"
13:06:44.163,202.576,0.2,0,0.0,"+  0.20  N  
","T: + 0.20 N
"
13:06:44.413,202.826,0.0,0,0.0,"+  0.00  N  
","T: + 0.00 N
"
13:06:44.664,203.076,0.2,0,0.0,"+  0.20  N  
","T: + 0.00 N
"
13:06:44.914,203.326,0.2,0,0.0,"+  0.20  N  
","T: + 0.00 N
"
13:06:45.164,203.577,0.2,0,0.0,"+  0.20  N  
","T: + 0.20 N
"
13:06:45.414,203.827,0.2,0,0.0,"+  0.20  N  
","T: + 0.00 N
"
13:06:45.664,204.077,0.2,0,0.0,"+  0.20  N  
","T: + 0.00 N
"
13:06:45.914,204.327,0.0,0,0.0,"+  0.00  N  
","T: + 0.00 N
"
13:06:46.164,204.577,0.2,0,0.0,"+  0.20  N  
","T: + 0.00 N
"
13:06:46.414,204.827,0.2,0,0.0,"+  0.20  N  
","T: + 0.00 N
"
13:06:46.665,205.077,0.2,0,0.0,"+  0.20  N  
","T: + 0.00 N
"
13:06:46.915,205.327,0.0,0,0.0,"+  0.00  N  
","T: + 0.20 N
"
13:06:47.165,205.577,0.25,0,0.0,"+  0.25  N  
","T: + 0.20 N
"
13:06:47.415,205.828,0.3,0,0.0,"+  0.30  N  
","T: + 0.20 N
"
13:06:47.665,206.078,0.25,0,0.0,"+  0.25  N  
","T: + 0.25 N
"
13:06:47.915,206.328,0.0,0,0.0,"+  0.00  N  
","T: + 0.20 N
"
13:06:48.166,206.578,0.0,0,0.0,"+  0.00  N  
","T: + 0.25 N
"
13:06:48.416,206.829,0.25,0,0.0,"+  0.25  N  
","T: + 0.20 N
"
13:06:48.666,207.079,0.0,0,0.0,"+  0.00  N  
","T: + 0.25 N
"
13:06:48.917,207.329,0.2,0,0.0,"+  0.20  N  
","T: + 0.00 N
"
13:06:49.167,207.579,0.2,0,0.0,"+  0.20  N  
","T: + 0.25 N
"
13:06:49.417,207.83,0.0,0,0.0,"+  0.00  N  
","T: + 0.00 N
"
13:06:49.668,208.081,0.2,0,0.0,"+  0.20  N  
","T: + 0.20 N
"
13:06:49.917,208.33,0.0,0,0.0,"+  0.00  N  
","T: + 0.25 N
"
13:06:50.168,208.581,0.2,0,0.0,"+  0.20  N  
","T: + 0.20 N
"
13:06:50.418,208.83,0.2,0,0.0,"+  0.20  N  
","T: + 0.20 N
"
13:06:50.668,209.081,0.2,0,0.0,"+  0.20  N  
","T: + 0.00 N
"
13:06:50.918,209.331,0.25,0,0.0,"+  0.25  N  
","T: + 0.20 N
"
13:06:51.168,209.581,0.3,0,0.0,"+  0.30  N  
","T: + 0.35 N
"
13:06:51.419,209.831,0.25,0,0.0,"+  0.25  N  
","T: + 0.00 N
"
13:06:51.668,210.081,0.2,0,0.0,"+  0.20  N  
","T: + 0.20 N
"
13:06:51.918,210.331,0.0,0,0.0,"+  0.00  N  
","T: + 0.00 N
"
13:06:52.169,210.582,0.2,0,0.0,"+  0.20  N  
","T: + 0.20 N
"
13:06:52.419,210.832,0.25,0,0.0,"+  0.25  N  
","T: + 0.20 N
"
13:06:52.669,211.082,0.0,0,0.0,"+  0.00  N  
","T: + 0.25 N
"
13:06:52.919,211.332,0.0,0,0.0,"+  0.00  N  
","T: + 0.20 N
"
13:06:53.169,211.582,0.0,0,0.0,"+  0.00  N  
","T: + 0.25 N
"
13:06:53.420,211.833,0.2,0,0.0,"+  0.20  N  
","T: + 0.00 N
"
13:06:53.670,212.083,0.2,0,0.0,"+  0.20  N  
","T: + 0.00 N
"
13:06:53.920,212.333,0.0,0,0.0,"+  0.00  N  
","T: + 0.00 N
"
13:06:54.170,212.583,0.2,0,0.0,"+  0.20  N  
","T: + 0.25 N
"
13:06:54.420,212.833,0.2,0,0.0,"+  0.20  N  
","T: + 0.25 N
"
13:06:54.670,213.083,0.25,0,0.0,"+  0.25  N  
","T: + 0.20 N
"
13:06:54.920,213.333,0.2,0,0.0,"+  0.20  N  
","T: + 0.20 N
"
13:06:55.170,213.583,0.0,0,0.0,"+  0.00  N  
","T: + 0.20 N
"
13:06:55.420,213.833,0.0,0,0.0,"+  0.00  N  
","T: + 0.25 N
"
13:06:55.670,214.083,0.2,0,0.0,"+  0.20  N  
","T: + 0.35 N
"
13:06:55.920,214.333,0.2,0,0.0,"+  0.20  N  
","T: + 0.20 N
"
13:06:56.171,214.583,0.2,0,0.0,"+  0.20  N  
","T: + 0.20 N
"
13:06:56.421,214.834,0.0,0,0.0,"+  0.00  N  
","T: + 0.25 N
"
13:06:56.671,215.084,0.25,0,0.0,"+  0.25  N  
","T: + 0.20 N
"
13:06:56.921,215.334,0.25,0,0.0,"+  0.25  N  
","T: + 0.20 N
"
13:06:57.171,215.584,0.2,0,0.0,"+  0.20  N  
","T: + 0.20 N
"
13:06:57.421,215.834,0.25,0,0.0,"+  0.25  N  
","T: + 0.25 N
"
13:06:57.673,216.085,0.25,0,0.0,"+  0.25  N  
","T: + 0.20 N
"
13:06:57.922,216.335,0.2,0,0.0,"+  0.20  N  
","T: + 0.25 N
"
13:06:58.172,216.584,0.25,0,0.0,"+  0.25  N  
","T: + 0.25 N
"
13:06:58.422,216.835,0.25,0,0.0,"+  0.25  N  
","T: + 0.25 N
"
13:06:58.672,217.085,0.2,0,0.0,"+  0.20  N  
","T: + 0.30 N
"
13:06:58.922,217.335,0.2,0,0.0,"+  0.20  N  
","T: + 0.25 N
"
13:06:59.173,217.586,0.2,0,0.0,"+  0.20  N  
","T: + 0.30 N
"
13:06:59.423,217.835,0.25,0,0.0,"+  0.25  N  
","T: + 0.30 N
"
13:06:59.674,218.086,0.3,0,0.0,"+  0.30  N  
","T: + 0.20 N
"
13:06:59.926,218.338,0.25,0,0.0,"+  0.25  N  
","T: + 0.25 N
"
13:07:00.174,218.587,0.25,0,0.0,"+  0.25  N  
","T: + 0.25 N
"
13:07:00.424,218.837,0.2,0,0.0,"+  0.20  N  
","T: + 0.30 N
"
13:07:00.674,219.087,0.3,0,0.0,"+  0.30  N  
","T: + 0.25 N
"
13:07:00.925,219.338,0.25,0,0.0,"+  0.25  N  
","T: + 0.20 N
"
13:07:01.175,219.588,0.2,0,0.0,"+  0.20  N  
","T: + 0.20 N
"
13:07:01.426,219.838,0.25,0,0.0,"+  0.25  N  
","T: + 0.25 N
"
13:07:01.675,220.088,0.3,0,0.0,"+  0.30  N  
","T: + 0.20 N
"
13:07:01.926,220.338,0.25,0,0.0,"+  0.25  N  
","T: + 0.25 N
"
13:07:02.175,220.588,0.35,0,0.0,"+  0.35  N  
","T: + 0.30 N
"
13:07:02.426,220.838,0.25,0,0.0,"+  0.25  N  
","T: + 0.35 N
"
13:07:02.676,221.089,0.3,0,0.0,"+  0.30  N  
","T: + 0.25 N
"
13:07:02.926,221.339,0.35,0,0.0,"+  0.35  N  
","T: + 0.20 N
"
13:07:03.175,221.588,0.25,0,0.0,"+  0.25  N  
","T: + 0.25 N
"
13:07:03.426,221.839,0.2,0,0.0,"+  0.20  N  
","T: + 0.30 N
"
13:07:03.676,222.088,0.25,0,0.0,"+  0.25  N  
","T: + 0.25 N
"
13:07:03.926,222.338,0.2,0,0.0,"+  0.20  N  
","T: + 0.25 N
"
13:07:04.176,222.588,0.2,0,0.0,"+  0.20  N  
","T: + 0.00 N
"
13:07:04.426,222.839,0.2,0,0.0,"+  0.20  N  
","T: + 0.30 N
"
13:07:04.676,223.089,0.25,0,0.0,"+  0.25  N  
","T: + 0.00 N
"
13:07:04.926,223.339,0.2,0,0.0,"+  0.20  N  
","T: + 0.30 N
"
13:07:05.176,223.589,0.25,0,0.0,"+  0.25  N  
","T: + 0.20 N
"
13:07:05.426,223.839,0.2,0,0.0,"+  0.20  N  
","T: + 0.30 N
"
13:07:05.677,224.089,0.25,0,0.0,"+  0.25  N  
","T: + 0.20 N
"
13:07:05.927,224.34,0.2,0,0.0,"+  0.20  N  
","T: + 0.20 N
"
13:07:06.177,224.59,0.2,0,0.0,"+  0.20  N  
","T: + 0.20 N
"
13:07:06.427,224.84,0.25,0,0.0,"+  0.25  N  
","T: + 0.25 N
"
13:07:06.677,225.09,0.2,0,0.0,"+  0.20  N  
","T: + 0.25 N
"
13:07:06.927,225.34,0.25,0,0.0,"+  0.25  N  
","T: + 0.20 N
"
13:07:07.177,225.59,0.25,0,0.0,"+  0.25  N  
","T: + 0.25 N
"
13:07:07.428,225.84,0.25,0,0.0,"+  0.25  N  
","T: + 0.25 N
"
13:07:07.678,226.09,0.25,0,0.0,"+  0.25  N  
","T: + 0.25 N
"
13:07:07.928,226.341,0.2,0,0.0,"+  0.20  N  
","T: + 0.35 N
"
13:07:08.179,226.591,0.25,0,0.0,"+  0.25  N  
","T: + 0.30 N
"
13:07:08.428,226.841,0.25,0,0.0,"+  0.25  N  
","T: + 0.25 N
"
13:07:08.678,227.091,0.25,0,0.0,"+  0.25  N  
","T: + 0.35 N
"
13:07:08.928,227.341,0.2,0,0.0,"+  0.20  N  
","T: + 0.25 N
"
13:07:09.179,227.591,0.25,0,0.0,"+  0.25  N  
","T: + 0.25 N
"
13:07:09.429,227.841,0.25,0,0.0,"+  0.25  N  
","T: + 0.20 N
"
13:07:09.679,228.091,0.0,0,0.0,"+  0.00  N  
","T: + 0.25 N
"
13:07:09.929,228.342,0.2,0,0.0,"+  0.20  N  
","T: + 0.25 N
"
13:07:10.179,228.592,0.0,0,0.0,"+  0.00  N  
","T: + 0.20 N
"
13:07:10.431,228.843,0.25,0,0.0,"+  0.25  N  
","T: + 0.30 N
"
13:07:10.680,229.092,0.25,0,0.0,"+  0.25  N  
","T: + 0.25 N
"
13:07:10.929,229.342,0.25,0,0.0,"+  0.25  N  
","T: + 0.20 N
"
13:07:11.180,229.593,0.2,0,0.0,"+  0.20  N  
","T: + 0.25 N
"
13:07:11.430,229.843,0.25,0,0.0,"+  0.25  N  
","T: + 0.25 N
"
13:07:11.680,230.093,0.2,0,0.0,"+  0.20  N  
","T: + 0.25 N
"
13:07:11.930,230.343,0.3,0,0.0,"+  0.30  N  
","T: + 0.35 N
"
13:07:12.180,230.593,0.2,0,0.0,"+  0.20  N  
","T: + 0.30 N
"
13:07:12.430,230.843,0.25,0,0.0,"+  0.25  N  
","T: + 0.20 N
"
13:07:12.681,231.094,0.3,0,0.0,"+  0.30  N  
","T: + 0.30 N
"
13:07:12.931,231.344,0.25,0,0.0,"+  0.25  N  
","T: + 0.30 N
"
13:07:13.181,231.593,0.25,0,0.0,"+  0.25  N  
","T: + 0.25 N
"
13:07:13.431,231.844,0.0,0,0.0,"+  0.00  N  
","T: + 0.20 N
"
13:07:13.683,232.095,0.0,0,0.0,"+  0.00  N  
","T: + 0.00 N
"
13:07:13.932,232.345,0.2,0,0.0,"+  0.20  N  
","T: + 0.25 N
"
13:07:14.182,232.595,0.2,0,0.0,"+  0.20  N  
","T: + 0.25 N
"
13:07:14.432,232.845,0.25,0,0.0,"+  0.25  N  
","T: + 0.30 N
"
13:07:14.682,233.095,0.25,0,0.0,"+  0.25  N  
","T: + 0.25 N
"
13:07:14.932,233.345,0.3,0,0.0,"+  0.30  N  
","T: + 0.25 N
"
13:07:15.183,233.596,0.2,0,0.0,"+  0.20  N  
","T: + 0.25 N
"
13:07:15.432,233.845,0.0,0,0.0,"+  0.00  N  
","T: + 0.25 N
"
13:07:15.686,234.098,0.25,0,0.0,"+  0.25  N  
","T: + 0.25 N
"
13:07:15.932,234.345,0.3,0,0.0,"+  0.30  N  
","T: + 0.25 N
"
13:07:16.183,234.595,0.25,0,0.0,"+  0.25  N  
","T: + 0.25 N
"
13:07:16.433,234.846,0.35,0,0.0,"+  0.35  N  
","T: + 0.20 N
"
13:07:16.683,235.096,0.25,0,0.0,"+  0.25  N  
","T: + 0.20 N
"
13:07:16.933,235.346,0.25,0,0.0,"+  0.25  N  
","T: + 0.25 N
"
13:07:17.183,235.596,0.2,0,0.0,"+  0.20  N  
","T: + 0.20 N
"
13:07:17.433,235.846,0.3,0,0.0,"+  0.30  N  
","T: + 0.35 N
"
13:07:17.683,236.096,0.25,0,0.0,"+  0.25  N  
","T: + 0.25 N
"
13:07:17.934,236.346,0.25,0,0.0,"+  0.25  N  
","T: + 0.20 N
"
13:07:18.184,236.597,0.0,0,0.0,"+  0.00  N  
","T: + 0.25 N
"
13:07:18.434,236.847,0.25,0,0.0,"+  0.25  N  
","T: + 0.30 N
"
13:07:18.684,237.097,0.25,0,0.0,"+  0.25  N  
","T: + 0.25 N
"
13:07:18.934,237.347,0.3,0,0.0,"+  0.30  N  
","T: + 0.25 N
"
13:07:19.184,237.597,0.3,0,0.0,"+  0.30  N  
","T: + 0.30 N
"
13:07:19.435,237.848,0.35,0,0.0,"+  0.35  N  
","T: + 0.25 N
"
13:07:19.685,238.098,0.3,0,0.0,"+  0.30  N  
","T: + 0.20 N
"
13:07:19.935,238.348,0.25,0,0.0,"+  0.25  N  
","T: + 0.30 N
"
13:07:20.185,238.598,0.25,0,0.0,"+  0.25  N  
","T: + 0.30 N
"
13:07:20.436,238.848,0.25,0,0.0,"+  0.25  N  
","T: + 0.25 N
"
13:07:20.686,239.099,0.25,0,0.0,"+  0.25  N  
","T: + 0.25 N
"
13:07:20.935,239.348,0.25,0,0.0,"+  0.25  N  
","T: + 0.25 N
"
13:07:21.186,239.599,0.2,0,0.0,"+  0.20  N  
","T: + 0.30 N
"
13:07:21.436,239.849,0.3,0,0.0,"+  0.30  N  
","T: + 0.25 N
"
13:07:21.686,240.099,0.3,0,0.0,"+  0.30  N  
","T: + 0.30 N
"
13:07:21.936,240.349,0.25,0,0.0,"+  0.25  N  
","T: + 0.25 N
"
13:07:22.186,240.599,0.2,0,0.0,"+  0.20  N  
","T: + 0.25 N
"
13:07:22.436,240.849,0.0,0,0.0,"+  0.00  N  
","T: + 0.25 N
"
13:07:22.687,241.099,0.25,0,0.0,"+  0.25  N  
","T: + 0.00 N
"
13:07:22.937,241.35,0.25,0,0.0,"+  0.25  N  
","T: + 0.25 N
"
13:07:23.187,241.6,0.25,0,0.0,"+  0.25  N  
","T: + 0.30 N
"
13:07:23.437,241.85,0.25,0,0.0,"+  0.25  N  
","T: + 0.25 N
"
13:07:23.687,242.1,0.25,0,0.0,"+  0.25  N  
","T: + 0.25 N
"
13:07:23.938,242.35,0.25,0,0.0,"+  0.25  N  
","T: + 0.20 N
"
13:07:24.187,242.6,0.25,0,0.0,"+  0.25  N  
","T: + 0.35 N
"
13:07:24.438,242.85,0.0,0,0.0,"+  0.00  N  
","T: + 0.25 N
"
13:07:24.688,243.101,0.3,0,0.0,"+  0.30  N  
","T: + 0.25 N
"
13:07:24.938,243.35,0.3,0,0.0,"+  0.30  N  
","T: + 0.25 N
"
13:07:25.188,243.601,0.25,0,0.0,"+  0.25  N  
","T: + 0.20 N
"
13:07:25.438,243.851,0.3,0,0.0,"+  0.30  N  
","T: + 0.25 N
"
13:07:25.688,244.101,0.25,0,0.0,"+  0.25  N  
","T: + 0.00 N
"
13:07:25.939,244.352,0.25,0,0.0,"+  0.25  N  
","T: + 0.25 N
"
13:07:26.189,244.602,0.25,0,0.0,"+  0.25  N  
","T: + 0.25 N
"
13:07:26.438,244.851,0.25,0,0.0,"+  0.25  N  
","T: + 0.20 N
"
13:07:26.689,245.101,0.3,0,0.0,"+  0.30  N  
","T: + 0.25 N
"
13:07:26.939,245.352,0.25,0,0.0,"+  0.25  N  
","T: + 0.35 N
"
13:07:27.189,245.602,0.35,0,0.0,"+  0.35  N  
","T: + 0.40 N
"
13:07:27.439,245.852,0.25,0,0.0,"+  0.25  N  
","T: + 0.30 N
"
13:07:27.689,246.102,0.3,0,0.0,"+  0.30  N  
","T: + 0.30 N
"
13:07:27.940,246.352,0.3,0,0.0,"+  0.30  N  
","T: + 0.40 N
"
13:07:28.189,246.602,0.25,0,0.0,"+  0.25  N  
","T: + 0.25 N
"
13:07:28.440,246.853,0.25,0,0.0,"+  0.25  N  
","T: + 0.30 N
"
13:07:28.690,247.102,0.2,0,0.0,"+  0.20  N  
","T: + 0.30 N
"
13:07:28.940,247.353,0.35,0,0.0,"+  0.35  N  
","T: + 0.25 N
"
13:07:29.190,247.603,0.25,0,0.0,"+  0.25  N  
","T: + 0.25 N
"
13:07:29.440,247.853,0.3,0,0.0,"+  0.30  N  
","T: + 0.30 N
"
13:07:29.690,248.103,0.25,0,0.0,"+  0.25  N  
","T: + 0.25 N
"
13:07:29.941,248.354,0.25,0,0.0,"+  0.25  N  
","T: + 0.25 N
"
13:07:30.191,248.603,0.2,0,0.0,"+  0.20  N  
","T: + 0.30 N
"
13:07:30.441,248.854,0.35,0,0.0,"+  0.35  N  
","T: + 0.25 N
"
13:07:30.691,249.104,0.25,0,0.0,"+  0.25  N  
","T: + 0.35 N
"
13:07:30.941,249.354,0.35,0,0.0,"+  0.35  N  
","T: + 0.30 N
"
13:07:31.192,249.605,0.25,0,0.0,"+  0.25  N  
","T: + 0.30 N
"
13:07:31.442,249.854,0.35,0,0.0,"+  0.35  N  
","T: + 0.25 N
"
13:07:31.691,250.104,0.25,0,0.0,"+  0.25  N  
","T: + 0.30 N
"
13:07:31.942,250.354,0.35,0,0.0,"+  0.35  N  
","T: + 0.30 N
"
13:07:32.192,250.604,0.25,0,0.0,"+  0.25  N  
","T: + 0.25 N
"
13:07:32.442,250.855,0.25,0,0.0,"+  0.25  N  
","T: + 0.25 N
"
13:07:32.692,251.105,0.3,0,0.0,"+  0.30  N  
","T: + 0.30 N
"
13:07:32.942,251.355,0.35,0,0.0,"+  0.35  N  
","T: + 0.30 N
"
13:07:33.192,251.605,0.25,0,0.0,"+  0.25  N  
","T: + 0.20 N
"
13:07:33.442,251.855,0.25,0,0.0,"+  0.25  N  
","T: + 0.25 N
"
13:07:33.692,252.105,0.2,0,0.0,"+  0.20  N  
","T: + 0.30 N
"
13:07:33.943,252.355,0.3,0,0.0,"+  0.30  N  
","T: + 0.25 N
"
13:07:34.193,252.606,0.2,0,0.0,"+  0.20  N  
","T: + 0.25 N
"
13:07:34.443,252.856,0.3,0,0.0,"+  0.30  N  
","T: + 0.20 N
"
13:07:34.693,253.106,0.3,0,0.0,"+  0.30  N  
","T: + 0.25 N
"
13:07:34.943,253.356,0.25,0,0.0,"+  0.25  N  
","T: + 0.30 N
"
13:07:35.193,253.606,0.25,0,0.0,"+  0.25  N  
","T: + 0.35 N
"
13:07:35.443,253.856,0.3,0,0.0,"+  0.30  N  
","T: + 0.20 N
"
13:07:35.694,254.106,0.3,0,0.0,"+  0.30  N  
","T: + 0.20 N
"
13:07:35.944,254.357,0.25,0,0.0,"+  0.25  N  
","T: + 0.20 N
"
13:07:36.194,254.607,0.2,0,0.0,"+  0.20  N  
","T: + 0.30 N
"
13:07:36.445,254.858,0.25,0,0.0,"+  0.25  N  
","T: + 0.30 N
"
13:07:36.695,255.108,0.3,0,0.0,"+  0.30  N  
","T: + 0.35 N
"
13:07:36.945,255.358,0.3,0,0.0,"+  0.30  N  
","T: + 0.25 N
"
13:07:37.195,255.608,0.3,0,0.0,"+  0.30  N  
","T: + 0.25 N
"
13:07:37.445,255.858,0.3,0,0.0,"+  0.30  N  
","T: + 0.25 N
"
13:07:37.695,256.107,0.3,0,0.0,"+  0.30  N  
","T: + 0.25 N
"
13:07:37.945,256.358,0.35,0,0.0,"+  0.35  N  
","T: + 0.25 N
"
13:07:38.195,256.608,0.25,0,0.0,"+  0.25  N  
","T: + 0.30 N
"
13:07:38.445,256.858,0.35,0,0.0,"+  0.35  N  
","T: + 0.30 N
"
13:07:38.696,257.108,0.25,0,0.0,"+  0.25  N  
","T: + 0.25 N
"
13:07:38.945,257.358,0.3,0,0.0,"+  0.30  N  
","T: + 0.35 N
"
13:07:39.196,257.608,0.3,0,0.0,"+  0.30  N  
","T: + 0.25 N
"
13:07:39.446,257.858,0.35,0,0.0,"+  0.35  N  
","T: + 0.40 N
"
13:07:39.696,258.109,0.35,0,0.0,"+  0.35  N  
","T: + 0.30 N
"
13:07:39.946,258.359,0.25,0,0.0,"+  0.25  N  
","T: + 0.35 N
"
13:07:40.196,258.609,0.3,0,0.0,"+  0.30  N  
","T: + 0.30 N
"
13:07:40.446,258.859,0.3,0,0.0,"+  0.30  N  
","T: + 0.30 N
"
13:07:40.696,259.109,0.3,0,0.0,"+  0.30  N  
","T: + 0.25 N
"
13:07:40.946,259.359,0.35,0,0.0,"+  0.35  N  
","T: + 0.35 N
"
13:07:41.197,259.609,0.25,0,0.0,"+  0.25  N  
","T: + 0.20 N
"
13:07:41.447,259.859,0.3,0,0.0,"+  0.30  N  
","T: + 0.35 N
"
13:07:41.697,260.11,0.3,0,0.0,"+  0.30  N  
","T: + 0.30 N
"
13:07:41.947,260.36,0.35,0,0.0,"+  0.35  N  
","T: + 0.20 N
"
13:07:42.197,260.61,0.35,0,0.0,"+  0.35  N  
","T: + 0.25 N
"
13:07:42.448,260.86,0.25,4,0.96,"+  0.25  N  
","T: + 0.30 N
"
13:07:42.698,261.11,0.3,0,0.0,"+  0.30  N  
","T: + 0.40 N
"
13:07:42.948,261.36,0.25,2,0.48,"+  0.25  N  
","T: + 0.30 N
"
13:07:43.198,261.611,0.25,2,0.48,"+  0.25  N  
","T: + 0.35 N
"
13:07:43.448,261.861,0.25,10,2.4,"+  0.25  N  
","T: + 0.35 N
"
13:07:43.698,262.111,0.3,0,0.0,"+  0.30  N  
","T: + 0.35 N
"
13:07:43.948,262.361,0.3,0,0.0,"+  0.30  N  
","T: + 0.30 N
"
13:07:44.198,262.611,0.35,0,0.0,"+  0.35  N  
","T: + 0.25 N
"
13:07:44.448,262.861,0.3,0,0.0,"+  0.30  N  
","T: + 0.35 N
"
13:07:44.698,263.111,0.3,0,0.0,"+  0.30  N  
","T: + 0.35 N
"
13:07:44.949,263.361,0.35,0,0.0,"+  0.35  N  
","T: + 0.30 N
"
13:07:45.199,263.612,0.25,0,0.0,"+  0.25  N  
","T: + 0.35 N
"
13:07:45.449,263.862,0.25,0,0.0,"+  0.25  N  
","T: + 0.40 N
"
13:07:45.699,264.112,0.3,0,0.0,"+  0.30  N  
","T: + 0.25 N
"
13:07:45.949,264.362,0.25,0,0.0,"+  0.25  N  
","T: + 0.35 N
"
13:07:46.199,264.612,0.3,0,0.0,"+  0.30  N  
","T: + 0.20 N
"
13:07:46.450,264.862,0.35,0,0.0,"+  0.35  N  
","T: + 0.35 N
"
13:07:46.699,265.112,0.25,0,0.0,"+  0.25  N  
","T: + 0.35 N
"
13:07:46.950,265.362,0.4,0,0.0,"+  0.40  N  
","T: + 0.35 N
"
13:07:47.200,265.613,0.3,0,0.0,"+  0.30  N  
","T: + 0.35 N
"
13:07:47.451,265.864,0.3,0,0.0,"+  0.30  N  
","T: + 0.30 N
"
13:07:47.701,266.113,0.3,126,30.24,"+  0.30  N  
","T: + 0.60 N
"
13:07:47.952,266.364,2.25,533,127.92,"+  2.25  N  
","T: + 3.95 N
"
13:07:48.201,266.614,4.3,583,139.92,"+  4.30  N  
","T: + 4.95 N
"
13:07:48.451,266.864,4.55,550,132.0,"+  4.55  N  
","T: + 5.05 N
"
13:07:48.701,267.114,4.95,559,134.16,"+  4.95  N  
","T: + 5.15 N
"
13:07:48.951,267.364,5.4,535,128.4,"+  5.40  N  
","T: + 5.50 N
"
13:07:49.202,267.615,5.5,590,141.6,"+  5.50  N  
","T: + 5.50 N
"
13:07:49.452,267.865,5.6,556,133.44,"+  5.60  N  
","T: + 5.70 N
"
13:07:49.702,268.115,6.05,858,205.92,"+  6.05  N  
","T: + 7.20 N
"
13:07:49.952,268.365,7.45,971,233.04,"+  7.45  N  
","T: + 7.55 N
"
13:07:50.203,268.615,7.3,1000,240.0,"+  7.30  N  
","T: + 7.65 N
"
13:07:50.453,268.865,7.25,1005,241.2,"+  7.25  N  
","T: + 7.90 N
"
13:07:50.703,269.116,7.2,988,237.12,"+  7.20  N  
","T: + 7.95 N
"
13:07:50.953,269.366,7.15,987,236.88,"+  7.15  N  
","T: + 7.70 N
"
13:07:51.203,269.616,7.3,995,238.8,"+  7.30  N  
","T: + 7.90 N
"
13:07:51.454,269.866,7.25,782,187.68,"+  7.25  N  
","T: + 7.90 N
"
13:07:51.703,270.116,6.05,156,37.44,"+  6.05  N  
","T: + 6.65 N
"
13:07:51.953,270.366,6.1,2,0.48,"+  6.10  N  
","T: + 6.70 N
"
13:07:52.204,270.617,6.4,1,0.24,"+  6.40  N  
","T: + 6.60 N
"
13:07:52.454,270.867,6.4,0,0.0,"+  6.40  N  
","T: + 6.60 N
"
13:07:52.704,271.117,6.5,0,0.0,"+  6.50  N  
","T: + 6.70 N
"
13:07:52.954,271.367,6.5,0,0.0,"+  6.50  N  
","T: + 6.50 N
"
13:07:53.204,271.617,6.5,0,0.0,"+  6.50  N  
","T: + 6.55 N
"
13:07:53.455,271.867,6.45,0,0.0,"+  6.45  N  
","T: + 6.45 N
"
13:07:53.705,272.118,6.4,0,0.0,"+  6.40  N  
","T: + 6.55 N
"
13:07:53.955,272.368,6.45,0,0.0,"+  6.45  N  
","T: + 6.50 N
"
13:07:54.205,272.618,6.4,0,0.0,"+  6.40  N  
","T: + 6.40 N
"
13:07:54.455,272.868,6.35,28,6.72,"+  6.35  N  
","T: + 6.50 N
"
13:07:54.705,273.118,6.45,479,114.96,"+  6.45  N  
","T: + 7.00 N
"
13:07:54.956,273.368,10.0,1326,318.24,"+ 10.00  N  
","T: + 11.55 N
"
13:07:55.207,273.619,15.85,1771,425.04,"+ 15.85  N  
","T: + 18.00 N
"
13:07:55.456,273.869,17.2,1773,425.52,"+ 17.20  N  
","T: + 17.65 N
"
13:07:55.706,274.119,17.3,1936,464.64,"+ 17.30  N  
","T: + 18.45 N
"
13:07:55.957,274.369,17.95,1949,467.76,"+ 17.95  N  
","T: + 18.10 N
"
13:07:56.207,274.62,18.05,1939,465.36,"+ 18.05  N  
","T: + 18.30 N
"
13:07:56.457,274.87,17.8,1969,472.56,"+ 17.80  N  
","T: + 17.80 N
"
13:07:56.707,275.12,18.0,1938,465.12,"+ 18.00  N  
","T: + 17.85 N
"
13:07:56.957,275.37,17.8,1943,466.32,"+ 17.80  N  
","T: + 17.55 N
"
13:07:57.206,275.619,17.8,1935,464.4,"+ 17.80  N  
","T: + 17.80 N
"
13:07:57.456,275.869,17.95,1944,466.56,"+ 17.95  N  
","T: + 17.30 N
"
13:07:57.707,276.119,18.1,2094,502.56,"+ 18.10  N  
","T: + 18.95 N
"
13:07:57.957,276.37,18.35,2099,503.76,"+ 18.35  N  
","T: + 18.30 N
"
13:07:58.207,276.62,18.8,2083,499.92,"+ 18.80  N  
","T: + 18.80 N
"
13:07:58.457,276.87,18.65,2109,506.16,"+ 18.65  N  
","T: + 18.65 N
"
13:07:58.707,277.12,18.65,2098,503.52,"+ 18.65  N  
","T: + 18.90 N
"
13:07:58.957,277.37,18.65,2104,504.96,"+ 18.65  N  
","T: + 18.90 N
"
13:07:59.207,277.62,18.65,2082,499.68,"+ 18.65  N  
","T: + 19.00 N
"
13:07:59.458,277.87,18.5,2078,498.72,"+ 18.50  N  
","T: + 18.90 N
"
13:07:59.708,278.121,18.5,2210,530.4,"+ 18.50  N  
","T: + 19.15 N
"
13:07:59.958,278.371,18.85,2207,529.68,"+ 18.85  N  
","T: + 19.15 N
"
13:08:00.208,278.621,19.25,2188,525.12,"+ 19.25  N  
","T: + 18.90 N
"
13:08:00.458,278.871,19.0,2234,536.16,"+ 19.00  N  
","T: + 18.75 N
"
13:08:00.708,279.121,19.05,2197,527.28,"+ 19.05  N  
","T: + 18.90 N
"
13:08:00.958,279.371,18.75,2185,524.4,"+ 18.75  N  
","T: + 18.70 N
"
13:08:01.208,279.621,18.6,2209,530.16,"+ 18.60  N  
","T: + 18.65 N
"
13:08:01.459,279.872,18.35,2205,529.2,"+ 18.35  N  
","T: + 18.15 N
"
13:08:01.709,280.121,18.8,2298,551.52,"+ 18.80  N  
","T: + 19.75 N
"
13:08:01.959,280.372,19.15,2300,552.0,"+ 19.15  N  
","T: + 19.50 N
"
13:08:02.210,280.623,19.45,2293,550.32,"+ 19.45  N  
","T: + 19.00 N
"
13:08:02.460,280.872,19.1,2300,552.0,"+ 19.10  N  
","T: + 18.55 N
"
13:08:02.711,281.123,19.0,2308,553.92,"+ 19.00  N  
","T: + 18.80 N
"
13:08:02.960,281.373,19.1,2270,544.8,"+ 19.10  N  
","T: + 18.90 N
"
13:08:03.211,281.623,18.55,2267,544.08,"+ 18.55  N  
","T: + 18.80 N
"
13:08:03.460,281.873,19.1,2287,548.88,"+ 19.10  N  
","T: + 18.65 N
"
13:08:03.711,282.123,19.0,2309,554.16,"+ 19.00  N  
","T: + 18.95 N
"
13:08:03.961,282.374,18.85,2307,553.68,"+ 18.85  N  
","T: + 18.50 N
"
13:08:04.211,282.624,18.95,2313,555.12,"+ 18.95  N  
","T: + 18.90 N
"
13:08:04.461,282.874,18.9,2300,552.0,"+ 18.90  N  
","T: + 18.55 N
"
13:08:04.712,283.125,18.85,2286,548.64,"+ 18.85  N  
","T: + 19.05 N
"
13:08:04.961,283.374,18.65,2299,551.76,"+ 18.65  N  
","T: + 18.15 N
"
13:08:05.212,283.624,18.65,2290,549.6,"+ 18.65  N  
","T: + 18.70 N
"
13:08:05.462,283.875,18.7,2282,547.68,"+ 18.70  N  
","T: + 18.50 N
"
13:08:05.712,284.125,18.5,2265,543.6,"+ 18.50  N  
","T: + 18.30 N
"
13:08:05.962,284.375,18.4,2296,551.04,"+ 18.40  N  
","T: + 18.50 N
"
13:08:06.212,284.625,18.65,2283,547.92,"+ 18.65  N  
","T: + 18.55 N
"
13:08:06.463,284.875,18.65,2248,539.52,"+ 18.65  N  
","T: + 18.25 N
"
13:08:06.713,285.125,18.15,2303,552.72,"+ 18.15  N  
","T: + 18.60 N
"
13:08:06.962,285.375,18.55,2251,540.24,"+ 18.55  N  
","T: + 18.10 N
"
13:08:07.213,285.626,18.55,2246,539.04,"+ 18.55  N  
","T: + 18.15 N
"
13:08:07.463,285.876,18.3,2267,544.08,"+ 18.30  N  
","T: + 18.30 N
"
13:08:07.712,286.125,18.05,2269,544.56,"+ 18.05  N  
","T: + 17.90 N
"
13:08:07.963,286.376,18.45,2269,544.56,"+ 18.45  N  
","T: + 18.00 N
"
13:08:08.213,286.625,18.25,2240,537.6,"+ 18.25  N  
","T: + 18.30 N
"
13:08:08.463,286.875,17.95,2258,541.92,"+ 17.95  N  
","T: + 17.95 N
"
13:08:08.713,287.126,18.3,2267,544.08,"+ 18.30  N  
","T: + 18.00 N
"
13:08:08.963,287.376,18.1,2249,539.76,"+ 18.10  N  
","T: + 18.15 N
"
13:08:09.213,287.626,17.85,2242,538.08,"+ 17.85  N  
","T: + 18.25 N
"
13:08:09.463,287.876,17.75,2234,536.16,"+ 17.75  N  
","T: + 18.30 N
"
13:08:09.713,288.126,17.85,2286,548.64,"+ 17.85  N  
","T: + 17.85 N
"
13:08:09.964,288.376,18.0,2253,540.72,"+ 18.00  N  
","T: + 17.75 N
"
13:08:10.214,288.626,18.0,2236,536.64,"+ 18.00  N  
","T: + 18.00 N
"
13:08:10.464,288.877,17.85,2251,540.24,"+ 17.85  N  
","T: + 17.65 N
"
13:08:10.714,289.127,17.4,2279,546.96,"+ 17.40  N  
","T: + 17.75 N
"
13:08:10.965,289.377,17.95,2256,541.44,"+ 17.95  N  
","T: + 17.55 N
"
13:08:11.215,289.627,17.85,2228,534.72,"+ 17.85  N  
","T: + 17.40 N
"
13:08:11.464,289.877,17.2,2061,494.64,"+ 17.20  N  
","T: + 17.85 N
"
13:08:11.714,290.127,10.0,469,112.56,"+ 10.00  N  
","T: + 3.05 N
"
13:08:11.965,290.377,8.8,117,28.08,"+  8.80  N  
","T: + 6.50 N
"
13:08:12.215,290.627,7.45,16,3.84,"+  7.45  N  
","T: + 7.05 N
"
13:08:12.465,290.878,7.3,1,0.24,"+  7.30  N  
","T: + 7.50 N
"
13:08:12.715,291.128,7.25,0,0.0,"+  7.25  N  
","T: + 7.40 N
"
13:08:12.966,291.378,7.3,0,0.0,"+  7.30  N  
","T: + 7.50 N
"
13:08:13.216,291.629,7.3,0,0.0,"+  7.30  N  
","T: + 7.55 N
"
13:08:13.466,291.879,7.45,0,0.0,"+  7.45  N  
","T: + 7.70 N
"
13:08:13.716,292.129,7.55,0,0.0,"+  7.55  N  
","T: + 7.60 N
"
13:08:13.967,292.379,7.6,0,0.0,"+  7.60  N  
","T: + 7.80 N
"
13:08:14.216,292.629,7.7,0,0.0,"+  7.70  N  
","T: + 7.55 N
"
13:08:14.467,292.88,7.8,0,0.0,"+  7.80  N  
","T: + 7.95 N
"
13:08:14.718,293.131,7.65,0,0.0,"+  7.65  N  
","T: + 7.75 N
"
13:08:14.967,293.38,7.95,0,0.0,"+  7.95  N  
","T: + 8.05 N
"
13:08:15.217,293.63,7.85,0,0.0,"+  7.85  N  
","T: + 7.80 N
"
13:08:15.467,293.88,8.0,0,0.0,"+  8.00  N  
","T: + 7.95 N
"
13:08:15.718,294.13,7.95,0,0.0,"+  7.95  N  
","T: + 8.00 N
"
13:08:15.968,294.38,8.05,0,0.0,"+  8.05  N  
","T: + 8.00 N
"
13:08:16.218,294.631,8.0,0,0.0,"+  8.00  N  
","T: + 7.95 N
"
13:08:16.468,294.881,7.95,0,0.0,"+  7.95  N  
","T: + 8.00 N
"
13:08:16.718,295.131,8.1,0,0.0,"+  8.10  N  
","T: + 8.10 N
"
13:08:16.969,295.381,7.95,0,0.0,"+  7.95  N  
","T: + 7.85 N
"
13:08:17.219,295.632,7.95,0,0.0,"+  7.95  N  
","T: + 8.00 N
"
13:08:17.469,295.882,8.05,0,0.0,"+  8.05  N  
","T: + 8.05 N
"
13:08:17.719,296.132,8.05,0,0.0,"+  8.05  N  
","T: + 7.95 N
"
13:08:17.969,296.382,8.1,0,0.0,"+  8.10  N  
","T: + 8.05 N
"
13:08:18.219,296.631,8.15,0,0.0,"+  8.15  N  
","T: + 8.00 N
"
13:08:18.469,296.882,8.05,0,0.0,"+  8.05  N  
","T: + 8.00 N
"
13:08:18.719,297.132,8.0,0,0.0,"+  8.00  N  
","T: + 8.05 N
"
13:08:18.969,297.382,8.05,0,0.0,"+  8.05  N  
","T: + 8.10 N
"
13:08:19.219,297.632,8.1,0,0.0,"+  8.10  N  
","T: + 8.05 N
"
13:08:19.469,297.882,8.05,0,0.0,"+  8.05  N  
","T: + 8.15 N
"
13:08:19.720,298.133,8.1,0,0.0,"+  8.10  N  
","T: + 8.10 N
"
13:08:19.970,298.382,8.1,0,0.0,"+  8.10  N  
","T: + 8.10 N
"
13:08:20.220,298.633,8.05,0,0.0,"+  8.05  N  
","T: + 8.10 N
"
13:08:20.470,298.883,8.05,0,0.0,"+  8.05  N  
","T: + 8.10 N
"
13:08:20.720,299.133,8.15,0,0.0,"+  8.15  N  
","T: + 8.10 N
"
13:08:20.970,299.383,8.1,0,0.0,"+  8.10  N  
","T: + 8.05 N
"
13:08:21.221,299.634,8.05,0,0.0,"+  8.05  N  
","T: + 8.10 N
"
13:08:21.470,299.883,8.2,0,0.0,"+  8.20  N  
","T: + 8.15 N
"
13:08:21.721,300.133,8.0,0,0.0,"+  8.00  N  
","T: + 8.00 N
"
13:08:21.971,300.384,8.1,0,0.0,"+  8.10  N  
","T: + 8.15 N
"
13:08:22.221,300.634,8.1,0,0.0,"+  8.10  N  
","T: + 8.10 N
"
13:08:22.471,300.884,8.2,0,0.0,"+  8.20  N  
","T: + 8.05 N
"
13:08:22.721,301.134,8.0,0,0.0,"+  8.00  N  
","T: + 8.05 N
"
13:08:22.972,301.384,8.05,0,0.0,"+  8.05  N  
","T: + 8.10 N
"
13:08:23.222,301.635,8.0,0,0.0,"+  8.00  N  
","T: + 8.00 N
"
13:08:23.472,301.885,8.1,0,0.0,"+  8.10  N  
","T: + 8.20 N
"
13:08:23.722,302.135,8.15,0,0.0,"+  8.15  N  
","T: + 8.10 N
"
13:08:23.972,302.385,8.15,0,0.0,"+  8.15  N  
","T: + 8.20 N
"
13:08:24.222,302.635,8.1,0,0.0,"+  8.10  N  
","T: + 8.10 N
"
13:08:24.472,302.885,8.15,0,0.0,"+  8.15  N  
","T: + 8.20 N
"
13:08:24.722,303.135,8.1,0,0.0,"+  8.10  N  
","T: + 8.10 N
"
13:08:24.972,303.385,8.25,0,0.0,"+  8.25  N  
","T: + 8.20 N
"
13:08:25.223,303.635,8.15,0,0.0,"+  8.15  N  
","T: + 8.15 N
"
13:08:25.473,303.886,8.25,0,0.0,"+  8.25  N  
","T: + 8.25 N
"
13:08:25.726,304.139,8.05,0,0.0,"+  8.05  N  
","T: + 8.00 N
"
13:08:25.976,304.389,8.15,0,0.0,"+  8.15  N  
","T: + 8.25 N
"
13:08:26.227,304.639,8.1,0,0.0,"+  8.10  N  
","T: + 8.15 N
"
13:08:26.477,304.89,8.1,0,0.0,"+  8.10  N  
","T: + 8.20 N
"
13:08:26.729,305.142,8.25,0,0.0,"+  8.25  N  
","T: + 8.15 N
"
13:08:26.977,305.39,8.15,0,0.0,"+  8.15  N  
","T: + 8.00 N
"
13:08:27.228,305.64,8.05,0,0.0,"+  8.05  N  
","T: + 8.20 N
"
13:08:27.477,305.89,8.2,0,0.0,"+  8.20  N  
","T: + 8.15 N
"
13:08:27.728,306.14,8.15,0,0.0,"+  8.15  N  
","T: + 8.20 N
"
13:08:27.978,306.39,8.2,0,0.0,"+  8.20  N  
","T: + 8.20 N
"
13:08:28.228,306.641,8.15,0,0.0,"+  8.15  N  
","T: + 8.20 N
"
13:08:28.478,306.891,8.2,0,0.0,"+  8.20  N  
","T: + 8.15 N
"
13:08:28.729,307.142,8.1,0,0.0,"+  8.10  N  
","T: + 8.15 N
"
13:08:28.979,307.392,8.2,0,0.0,"+  8.20  N  
","T: + 8.20 N
"
13:08:29.229,307.642,8.15,0,0.0,"+  8.15  N  
","T: + 8.10 N
"
13:08:29.479,307.892,8.2,0,0.0,"+  8.20  N  
","T: + 8.25 N
"
13:08:29.729,308.142,8.05,0,0.0,"+  8.05  N  
","T: + 8.15 N
"
13:08:29.980,308.392,8.15,0,0.0,"+  8.15  N  
","T: + 8.20 N
"
13:08:30.230,308.642,8.15,0,0.0,"+  8.15  N  
","T: + 8.15 N
"
13:08:30.480,308.892,8.15,0,0.0,"+  8.15  N  
","T: + 8.10 N
"
13:08:30.730,309.143,8.15,0,0.0,"+  8.15  N  
","T: + 8.15 N
"
13:08:30.980,309.393,8.1,0,0.0,"+  8.10  N  
","T: + 8.20 N
"
13:08:31.230,309.643,8.25,0,0.0,"+  8.25  N  
","T: + 8.15 N
"
13:08:31.480,309.892,8.25,0,0.0,"+  8.25  N  
","T: + 8.25 N
"
13:08:31.730,310.143,8.1,0,0.0,"+  8.10  N  
","T: + 8.10 N
"
13:08:31.980,310.393,8.05,0,0.0,"+  8.05  N  
","T: + 8.15 N
"
13:08:32.230,310.643,8.3,0,0.0,"+  8.30  N  
","T: + 8.20 N
"
13:08:32.480,310.893,8.15,0,0.0,"+  8.15  N  
","T: + 8.05 N
"
13:08:32.730,311.143,8.25,0,0.0,"+  8.25  N  
","T: + 8.20 N
"
13:08:32.981,311.394,8.25,0,0.0,"+  8.25  N  
","T: + 8.15 N
"
13:08:33.231,311.644,8.15,0,0.0,"+  8.15  N  
","T: + 8.15 N
"
13:08:33.481,311.894,8.15,0,0.0,"+  8.15  N  
","T: + 8.15 N
"
13:08:33.731,312.144,8.25,0,0.0,"+  8.25  N  
","T: + 8.15 N
"
13:08:33.981,312.394,8.15,0,0.0,"+  8.15  N  
","T: + 8.15 N
"
13:08:34.232,312.644,8.2,0,0.0,"+  8.20  N  
","T: + 8.30 N
"
13:08:34.482,312.894,8.05,0,0.0,"+  8.05  N  
","T: + 8.20 N
"
13:08:34.732,313.144,8.15,0,0.0,"+  8.15  N  
","T: + 8.10 N
"
13:08:34.982,313.395,8.05,0,0.0,"+  8.05  N  
","T: + 8.20 N
"
13:08:35.232,313.645,8.1,0,0.0,"+  8.10  N  
","T: + 8.25 N
"
13:08:35.482,313.895,8.25,0,0.0,"+  8.25  N  
","T: + 8.20 N
"
13:08:35.732,314.145,8.15,0,0.0,"+  8.15  N  
","T: + 8.15 N
"
13:08:35.982,314.395,8.2,0,0.0,"+  8.20  N  
","T: + 8.15 N
"
13:08:36.233,314.646,8.15,0,0.0,"+  8.15  N  
","T: + 8.10 N
"
13:08:36.484,314.897,8.25,0,0.0,"+  8.25  N  
","T: + 8.20 N
"
13:08:36.734,315.146,8.2,0,0.0,"+  8.20  N  
","T: + 8.20 N
"
13:08:36.984,315.396,8.2,0,0.0,"+  8.20  N  
","T: + 8.10 N
"
13:08:37.234,315.647,8.1,0,0.0,"+  8.10  N  
","T: + 8.25 N
"
13:08:37.484,315.897,8.2,0,0.0,"+  8.20  N  
","T: + 8.15 N
"
13:08:37.735,316.148,8.25,0,0.0,"+  8.25  N  
","T: + 8.25 N
"
13:08:37.984,316.397,8.15,0,0.0,"+  8.15  N  
","T: + 8.15 N
"
13:08:38.235,316.647,8.15,0,0.0,"+  8.15  N  
","T: + 8.20 N
"
13:08:38.485,316.898,8.2,0,0.0,"+  8.20  N  
","T: + 8.20 N
"
13:08:38.734,317.147,8.15,0,0.0,"+  8.15  N  
","T: + 8.25 N
"
13:08:38.984,317.397,8.1,0,0.0,"+  8.10  N  
","T: + 8.20 N
"
13:08:39.234,317.647,8.2,0,0.0,"+  8.20  N  
","T: + 8.15 N
"
13:08:39.485,317.897,8.2,0,0.0,"+  8.20  N  
","T: + 8.10 N
"
13:08:39.735,318.147,8.1,0,0.0,"+  8.10  N  
","T: + 8.20 N
"
13:08:39.985,318.398,8.25,0,0.0,"+  8.25  N  
","T: + 8.20 N
"
13:08:40.235,318.648,8.2,0,0.0,"+  8.20  N  
","T: + 8.25 N
"
13:08:40.485,318.898,8.15,0,0.0,"+  8.15  N  
","T: + 8.15 N
"
13:08:40.736,319.149,8.15,0,0.0,"+  8.15  N  
","T: + 8.20 N
"
13:08:40.986,319.399,8.25,0,0.0,"+  8.25  N  
","T: + 8.15 N
"
13:08:41.237,319.649,8.15,0,0.0,"+  8.15  N  
","T: + 8.15 N
"
13:08:41.486,319.899,8.2,0,0.0,"+  8.20  N  
","T: + 8.20 N
"
13:08:41.736,320.149,8.2,0,0.0,"+  8.20  N  
","T: + 8.30 N
"
13:08:41.987,320.399,8.15,0,0.0,"+  8.15  N  
","T: + 8.30 N
"
13:08:42.237,320.65,8.25,0,0.0,"+  8.25  N  
","T: + 8.15 N
"
13:08:42.487,320.9,8.15,0,0.0,"+  8.15  N  
","T: + 8.15 N
"
13:08:42.737,321.15,8.2,0,0.0,"+  8.20  N  
","T: + 8.15 N
"
13:08:42.987,321.4,8.1,0,0.0,"+  8.10  N  
","T: + 8.20 N
"
13:08:43.237,321.65,8.2,0,0.0,"+  8.20  N  
","T: + 8.20 N
"
13:08:43.487,321.9,8.2,0,0.0,"+  8.20  N  
","T: + 8.20 N
"
13:08:43.738,322.151,8.15,0,0.0,"+  8.15  N  
","T: + 8.15 N
"
13:08:43.988,322.401,8.2,0,0.0,"+  8.20  N  
","T: + 8.20 N
"
13:08:44.238,322.651,8.15,0,0.0,"+  8.15  N  
","T: + 8.15 N
"
13:08:44.488,322.901,8.15,0,0.0,"+  8.15  N  
","T: + 8.20 N
"
13:08:44.738,323.151,8.2,0,0.0,"+  8.20  N  
","T: + 8.20 N
"
13:08:44.989,323.401,8.15,0,0.0,"+  8.15  N  
","T: + 8.10 N
"
13:08:45.239,323.651,8.1,0,0.0,"+  8.10  N  
","T: + 8.20 N
"
13:08:45.489,323.901,8.15,0,0.0,"+  8.15  N  
","T: + 8.05 N
"
13:08:45.739,324.152,8.2,0,0.0,"+  8.20  N  
","T: + 8.15 N
"
13:08:45.989,324.402,8.15,0,0.0,"+  8.15  N  
","T: + 8.20 N
"
13:08:46.239,324.652,8.2,0,0.0,"+  8.20  N  
","T: + 8.05 N
"
13:08:46.490,324.902,8.1,0,0.0,"+  8.10  N  
","T: + 8.25 N
"
13:08:46.739,325.152,8.15,0,0.0,"+  8.15  N  
","T: + 8.15 N
"
13:08:46.990,325.402,8.1,0,0.0,"+  8.10  N  
","T: + 8.00 N
"
13:08:47.240,325.652,8.1,0,0.0,"+  8.10  N  
","T: + 8.15 N
"
13:08:47.490,325.903,8.2,0,0.0,"+  8.20  N  
","T: + 8.05 N
"
13:08:47.740,326.153,8.1,0,0.0,"+  8.10  N  
","T: + 8.20 N
"
13:08:47.990,326.403,8.15,0,0.0,"+  8.15  N  
","T: + 8.20 N
"
13:08:48.241,326.654,8.1,0,0.0,"+  8.10  N  
","T: + 8.20 N
"
13:08:48.491,326.904,8.05,0,0.0,"+  8.05  N  
","T: + 8.20 N
"
13:08:48.741,327.154,8.1,0,0.0,"+  8.10  N  
","T: + 8.15 N
"
13:08:48.991,327.404,8.05,0,0.0,"+  8.05  N  
","T: + 8.10 N
"
13:08:49.243,327.656,8.2,0,0.0,"+  8.20  N  
","T: + 8.25 N
"
13:08:49.492,327.905,8.1,0,0.0,"+  8.10  N  
","T: + 8.15 N
"
13:08:49.742,328.155,8.15,0,0.0,"+  8.15  N  
","T: + 8.25 N
"
13:08:49.992,328.405,8.1,0,0.0,"+  8.10  N  
","T: + 8.15 N
"
13:08:50.242,328.655,8.2,0,0.0,"+  8.20  N  
","T: + 8.10 N
"
13:08:50.492,328.905,8.1,0,0.0,"+  8.10  N  
","T: + 8.15 N
"
13:08:50.743,329.156,8.1,0,0.0,"+  8.10  N  
","T: + 8.15 N
"
13:08:50.992,329.405,8.15,0,0.0,"+  8.15  N  
","T: + 8.15 N
"
13:08:51.243,329.655,8.15,0,0.0,"+  8.15  N  
","T: + 8.10 N
"
13:08:51.493,329.905,8.15,0,0.0,"+  8.15  N  
","T: + 8.15 N
"
13:08:51.743,330.156,8.1,0,0.0,"+  8.10  N  
","T: + 8.10 N
"
13:08:51.993,330.406,8.2,0,0.0,"+  8.20  N  
","T: + 8.20 N
"
13:08:52.243,330.656,8.15,0,0.0,"+  8.15  N  
","T: + 8.20 N
"
13:08:52.493,330.906,8.15,0,0.0,"+  8.15  N  
","T: + 8.15 N
"
13:08:52.743,331.156,8.15,0,0.0,"+  8.15  N  
","T: + 8.10 N
"
13:08:52.994,331.406,8.15,0,0.0,"+  8.15  N  
","T: + 8.10 N
"
13:08:53.244,331.656,8.2,0,0.0,"+  8.20  N  
","T: + 8.10 N
"
13:08:53.494,331.907,8.15,0,0.0,"+  8.15  N  
","T: + 8.05 N
"
13:08:53.744,332.157,8.15,0,0.0,"+  8.15  N  
","T: + 8.20 N
"
13:08:53.994,332.407,8.1,0,0.0,"+  8.10  N  
","T: + 8.10 N
"
13:08:54.244,332.657,8.1,0,0.0,"+  8.10  N  
","T: + 8.10 N
"
13:08:54.495,332.908,8.1,0,0.0,"+  8.10  N  
","T: + 8.15 N
"
13:08:54.745,333.157,8.15,0,0.0,"+  8.15  N  
","T: + 8.15 N
"
13:08:54.995,333.407,8.15,0,0.0,"+  8.15  N  
","T: + 8.10 N
"
13:08:55.245,333.658,8.1,0,0.0,"+  8.10  N  
","T: + 8.15 N
"
13:08:55.495,333.908,8.15,0,0.0,"+  8.15  N  
","T: + 8.20 N
"
13:08:55.745,334.158,8.15,0,0.0,"+  8.15  N  
","T: + 8.15 N
"
13:08:55.995,334.408,8.1,0,0.0,"+  8.10  N  
","T: + 8.10 N
"
13:08:56.245,334.658,8.1,0,0.0,"+  8.10  N  
","T: + 8.10 N
"
13:08:56.495,334.908,8.1,0,0.0,"+  8.10  N  
","T: + 8.20 N
"
13:08:56.746,335.159,8.1,0,0.0,"+  8.10  N  
","T: + 8.15 N
"
13:08:56.996,335.409,8.05,0,0.0,"+  8.05  N  
","T: + 8.10 N
"
13:08:57.246,335.659,8.1,0,0.0,"+  8.10  N  
","T: + 8.05 N
"
13:08:57.496,335.909,8.1,0,0.0,"+  8.10  N  
","T: + 8.10 N
"
13:08:57.746,336.159,8.1,0,0.0,"+  8.10  N  
","T: + 8.15 N
"
13:08:57.996,336.409,8.1,0,0.0,"+  8.10  N  
","T: + 8.20 N
"
13:08:58.246,336.659,8.1,0,0.0,"+  8.10  N  
","T: + 8.15 N
"
13:08:58.497,336.909,8.1,0,0.0,"+  8.10  N  
","T: + 8.10 N
"
13:08:58.747,337.159,8.1,0,0.0,"+  8.10  N  
","T: + 8.10 N
"
13:08:58.997,337.41,8.05,0,0.0,"+  8.05  N  
","T: + 8.10 N
"
13:08:59.247,337.66,8.1,0,0.0,"+  8.10  N  
","T: + 8.20 N
"
13:08:59.497,337.91,8.1,0,0.0,"+  8.10  N  
","T: + 8.05 N
"
13:08:59.748,338.161,8.15,0,0.0,"+  8.15  N  
","T: + 8.10 N
"
13:08:59.998,338.411,8.15,0,0.0,"+  8.15  N  
","T: + 8.10 N
"
13:09:00.248,338.661,8.2,0,0.0,"+  8.20  N  
","T: + 8.20 N
"
13:09:00.498,338.911,8.1,0,0.0,"+  8.10  N  
","T: + 8.10 N
"
13:09:00.749,339.162,8.15,0,0.0,"+  8.15  N  
","T: + 8.15 N
"
13:09:00.998,339.411,8.2,0,0.0,"+  8.20  N  
","T: + 8.20 N
"
13:09:01.248,339.661,8.1,0,0.0,"+  8.10  N  
","T: + 8.15 N
"
13:09:01.498,339.911,8.1,0,0.0,"+  8.10  N  
","T: + 8.10 N
"
13:09:01.749,340.161,8.1,0,0.0,"+  8.10  N  
","T: + 8.20 N
"
13:09:01.999,340.411,8.1,0,0.0,"+  8.10  N  
","T: + 8.10 N
"
13:09:02.249,340.662,8.2,0,0.0,"+  8.20  N  
","T: + 8.25 N
"
13:09:02.499,340.912,8.1,0,0.0,"+  8.10  N  
","T: + 8.10 N
"
13:09:02.750,341.162,8.1,0,0.0,"+  8.10  N  
","T: + 8.15 N
"
13:09:02.999,341.412,8.1,0,0.0,"+  8.10  N  
","T: + 8.15 N
"
13:09:03.250,341.662,8.1,0,0.0,"+  8.10  N  
","T: + 8.10 N
"
13:09:03.500,341.912,8.1,0,0.0,"+  8.10  N  
","T: + 8.00 N
"
13:09:03.750,342.163,8.2,0,0.0,"+  8.20  N  
","T: + 8.15 N
"
13:09:04.000,342.412,8.1,0,0.0,"+  8.10  N  
","T: + 8.10 N
"
13:09:04.250,342.663,8.15,0,0.0,"+  8.15  N  
","T: + 8.10 N
"
13:09:04.500,342.913,8.2,0,0.0,"+  8.20  N  
","T: + 8.00 N
"
13:09:04.750,343.163,8.05,0,0.0,"+  8.05  N  
","T: + 8.10 N
"
13:09:05.000,343.413,8.0,0,0.0,"+  8.00  N  
","T: + 8.20 N
"
13:09:05.251,343.663,8.2,0,0.0,"+  8.20  N  
","T: + 8.10 N
"
13:09:05.501,343.913,8.05,0,0.0,"+  8.05  N  
","T: + 8.10 N
"
13:09:05.751,344.164,8.1,0,0.0,"+  8.10  N  
","T: + 8.05 N
"
13:09:06.002,344.415,8.15,0,0.0,"+  8.15  N  
","T: + 8.20 N
"
13:09:06.252,344.664,8.1,0,0.0,"+  8.10  N  
","T: + 8.05 N
"
13:09:06.502,344.915,8.1,0,0.0,"+  8.10  N  
","T: + 8.20 N
"
13:09:06.753,345.166,8.1,0,0.0,"+  8.10  N  
","T: + 8.20 N
"
13:09:07.002,345.415,8.2,0,0.0,"+  8.20  N  
","T: + 8.15 N
"
13:09:07.252,345.665,8.1,0,0.0,"+  8.10  N  
","T: + 8.10 N
"
13:09:07.503,345.916,8.1,0,0.0,"+  8.10  N  
","T: + 8.15 N
"
13:09:07.752,346.165,8.05,0,0.0,"+  8.05  N  
","T: + 8.05 N
"
13:09:08.002,346.415,8.05,0,0.0,"+  8.05  N  
","T: + 8.10 N
"
13:09:08.253,346.665,8.1,0,0.0,"+  8.10  N  
","T: + 8.05 N
"
13:09:08.502,346.915,8.15,0,0.0,"+  8.15  N  
","T: + 8.20 N
"
13:09:08.753,347.165,8.05,0,0.0,"+  8.05  N  
","T: + 8.10 N
"
13:09:09.003,347.416,8.15,0,0.0,"+  8.15  N  
","T: + 8.15 N
"
13:09:09.253,347.666,8.1,0,0.0,"+  8.10  N  
","T: + 8.10 N
"
13:09:09.503,347.916,8.1,0,0.0,"+  8.10  N  
","T: + 8.15 N
"
13:09:09.753,348.166,8.05,0,0.0,"+  8.05  N  
","T: + 8.10 N
"
13:09:10.003,348.416,8.1,0,0.0,"+  8.10  N  
","T: + 8.25 N
"
13:09:10.254,348.667,8.15,0,0.0,"+  8.15  N  
","T: + 8.05 N
"
13:09:10.503,348.916,8.1,0,0.0,"+  8.10  N  
","T: + 8.00 N
"
13:09:10.754,349.167,8.05,0,0.0,"+  8.05  N  
","T: + 8.10 N
"
13:09:11.004,349.417,8.2,0,0.0,"+  8.20  N  
","T: + 8.20 N
"
13:09:11.254,349.667,8.15,0,0.0,"+  8.15  N  
","T: + 8.10 N
"
13:09:11.504,349.917,8.2,0,0.0,"+  8.20  N  
","T: + 8.05 N
"
13:09:11.754,350.167,8.15,0,0.0,"+  8.15  N  
","T: + 8.10 N
"
13:09:12.005,350.417,8.05,0,0.0,"+  8.05  N  
","T: + 8.05 N
"
13:09:12.254,350.667,8.25,0,0.0,"+  8.25  N  
","T: + 8.10 N
"
13:09:12.505,350.918,8.05,0,0.0,"+  8.05  N  
","T: + 8.10 N
"
13:09:12.756,351.169,8.1,0,0.0,"+  8.10  N  
","T: + 8.10 N
"
13:09:13.006,351.419,8.1,0,0.0,"+  8.10  N  
","T: + 8.10 N
"
13:09:13.257,351.669,8.05,0,0.0,"+  8.05  N  
","T: + 8.10 N
"
13:09:13.506,351.919,8.15,0,0.0,"+  8.15  N  
","T: + 8.15 N
"
13:09:13.756,352.168,8.1,0,0.0,"+  8.10  N  
","T: + 8.15 N
"
13:09:14.006,352.419,8.15,0,0.0,"+  8.15  N  
","T: + 8.10 N
"
13:09:14.256,352.669,8.1,0,0.0,"+  8.10  N  
","T: + 8.15 N
"
13:09:14.506,352.919,8.1,0,0.0,"+  8.10  N  
","T: + 8.15 N
"
13:09:14.756,353.169,8.25,0,0.0,"+  8.25  N  
","T: + 8.20 N
"
13:09:15.006,353.419,8.1,0,0.0,"+  8.10  N  
","T: + 8.05 N
"
13:09:15.256,353.669,8.1,0,0.0,"+  8.10  N  
","T: + 8.15 N
"
13:09:15.507,353.92,8.15,0,0.0,"+  8.15  N  
","T: + 8.10 N
"
13:09:15.757,354.17,8.1,0,0.0,"+  8.10  N  
","T: + 8.15 N
"
13:09:16.007,354.42,8.1,0,0.0,"+  8.10  N  
","T: + 8.15 N
"
13:09:16.257,354.67,8.1,0,0.0,"+  8.10  N  
","T: + 8.10 N
"
13:09:16.507,354.92,8.1,0,0.0,"+  8.10  N  
","T: + 8.15 N
"
13:09:16.757,355.17,8.15,0,0.0,"+  8.15  N  
","T: + 8.10 N
"
13:09:17.008,355.42,8.05,0,0.0,"+  8.05  N  
","T: + 8.10 N
"
13:09:17.258,355.671,8.1,0,0.0,"+  8.10  N  
","T: + 8.10 N
"
13:09:17.508,355.92,8.15,0,0.0,"+  8.15  N  
","T: + 8.15 N
"
13:09:17.758,356.171,8.1,0,0.0,"+  8.10  N  
","T: + 8.10 N
"
13:09:18.008,356.421,8.05,0,0.0,"+  8.05  N  
","T: + 8.10 N
"
13:09:18.258,356.671,8.05,0,0.0,"+  8.05  N  
","T: + 8.10 N
"
13:09:18.509,356.922,8.0,0,0.0,"+  8.00  N  
","T: + 8.05 N
"
13:09:18.759,357.171,8.1,0,0.0,"+  8.10  N  
","T: + 8.00 N
"
13:09:19.009,357.422,8.05,0,0.0,"+  8.05  N  
","T: + 8.05 N
"
13:09:19.259,357.672,8.1,0,0.0,"+  8.10  N  
","T: + 8.10 N
"
13:09:19.509,357.922,8.1,0,0.0,"+  8.10  N  
","T: + 8.10 N
"
13:09:19.759,358.172,8.1,0,0.0,"+  8.10  N  
","T: + 8.10 N
"
13:09:20.009,358.422,8.05,0,0.0,"+  8.05  N  
","T: + 8.05 N
"
13:09:20.259,358.672,8.1,0,0.0,"+  8.10  N  
","T: + 8.10 N
"
13:09:20.510,358.922,8.1,0,0.0,"+  8.10  N  
","T: + 8.10 N
"
13:09:20.760,359.172,8.15,0,0.0,"+  8.15  N  
","T: + 8.10 N
"
13:09:21.010,359.423,8.0,0,0.0,"+  8.00  N  
","T: + 8.20 N
"
13:09:21.260,359.673,8.1,0,0.0,"+  8.10  N  
","T: + 8.05 N
"
13:09:21.510,359.923,8.15,0,0.0,"+  8.15  N  
","T: + 8.00 N
"
13:09:21.760,360.173,8.1,0,0.0,"+  8.10  N  
","T: + 8.15 N
"
13:09:22.010,360.423,8.2,0,0.0,"+  8.20  N  
","T: + 8.05 N
"
13:09:22.261,360.674,8.1,0,0.0,"+  8.10  N  
","T: + 8.10 N
"
13:09:22.511,360.923,8.05,0,0.0,"+  8.05  N  
","T: + 8.15 N
"
13:09:22.761,361.174,8.05,0,0.0,"+  8.05  N  
","T: + 8.05 N
"
13:09:23.011,361.424,8.0,0,0.0,"+  8.00  N  
","T: + 8.15 N
"
13:09:23.261,361.674,8.1,0,0.0,"+  8.10  N  
","T: + 8.10 N
"
13:09:23.511,361.924,8.05,0,0.0,"+  8.05  N  
","T: + 8.10 N
"
13:09:23.762,362.175,8.0,0,0.0,"+  8.00  N  
","T: + 8.00 N
"
13:09:24.012,362.425,7.95,0,0.0,"+  7.95  N  
","T: + 8.10 N
"
13:09:24.262,362.675,8.05,0,0.0,"+  8.05  N  
","T: + 8.10 N
"
13:09:24.513,362.925,8.05,0,0.0,"+  8.05  N  
","T: + 8.05 N
"
13:09:24.763,363.176,8.15,0,0.0,"+  8.15  N  
","T: + 8.10 N
"
13:09:25.013,363.426,8.1,0,0.0,"+  8.10  N  
","T: + 8.05 N
"
13:09:25.264,363.676,8.15,0,0.0,"+  8.15  N  
","T: + 8.10 N
"
13:09:25.513,363.926,8.1,0,0.0,"+  8.10  N  
","T: + 8.00 N
"
13:09:25.763,364.176,8.05,0,0.0,"+  8.05  N  
","T: + 8.10 N
"
13:09:26.014,364.426,8.1,0,0.0,"+  8.10  N  
","T: + 8.15 N
"
13:09:26.264,364.677,8.1,0,0.0,"+  8.10  N  
","T: + 8.10 N
"
13:09:26.514,364.927,8.1,0,0.0,"+  8.10  N  
","T: + 8.15 N
"
13:09:26.764,365.177,8.0,0,0.0,"+  8.00  N  
","T: + 8.10 N
"
13:09:27.015,365.428,8.0,0,0.0,"+  8.00  N  
","T: + 8.05 N
"
13:09:27.265,365.678,8.1,0,0.0,"+  8.10  N  
","T: + 8.00 N
"
13:09:27.515,365.928,8.1,0,0.0,"+  8.10  N  
","T: + 8.10 N
"
13:09:27.765,366.178,8.1,0,0.0,"+  8.10  N  
","T: + 8.05 N
"
13:09:28.015,366.428,8.1,0,0.0,"+  8.10  N  
","T: + 8.05 N
"
13:09:28.266,366.678,8.1,0,0.0,"+  8.10  N  
","T: + 8.10 N
"
13:09:28.516,366.929,8.1,0,0.0,"+  8.10  N  
","T: + 8.10 N
"
13:09:28.766,367.179,8.1,0,0.0,"+  8.10  N  
","T: + 8.10 N
"
13:09:29.016,367.429,8.1,0,0.0,"+  8.10  N  
","T: + 8.10 N
"
13:09:29.266,367.679,8.15,0,0.0,"+  8.15  N  
","T: + 8.15 N
"
13:09:29.516,367.929,8.2,0,0.0,"+  8.20  N  
","T: + 8.15 N
"
13:09:29.767,368.179,8.15,0,0.0,"+  8.15  N  
","T: + 8.10 N
"
13:09:30.017,368.429,8.1,0,0.0,"+  8.10  N  
","T: + 8.10 N
"
13:09:30.267,368.68,8.1,0,0.0,"+  8.10  N  
","T: + 8.15 N
"
13:09:30.517,368.93,8.05,0,0.0,"+  8.05  N  
","T: + 8.05 N
"
13:09:30.767,369.18,8.05,0,0.0,"+  8.05  N  
","T: + 8.10 N
"
13:09:31.017,369.43,8.1,0,0.0,"+  8.10  N  
","T: + 8.05 N
"
13:09:31.268,369.68,8.05,0,0.0,"+  8.05  N  
","T: + 8.00 N
"
13:09:31.518,369.93,7.95,0,0.0,"+  7.95  N  
","T: + 7.85 N
"
13:09:31.769,370.182,8.05,0,0.0,"+  8.05  N  
","T: + 7.85 N
"
13:09:32.018,370.431,7.65,0,0.0,"+  7.65  N  
","T: + 7.90 N
"
13:09:32.268,370.681,6.75,0,0.0,"+  6.75  N  
","T: + 6.95 N
"
13:09:32.519,370.931,5.85,0,0.0,"+  5.85  N  
","T: + 5.95 N
"
13:09:32.769,371.181,3.55,0,0.0,"+  3.55  N  
","T: + 3.25 N
"
13:09:33.019,371.432,2.75,0,0.0,"+  2.75  N  
","T: + 2.50 N
"
13:09:33.269,371.682,0.5,0,0.0,"+  0.50  N  
","C: - 0.85 N
"
13:09:33.519,371.932,1.15,0,0.0,"-  1.15  N  
","C: - 1.15 N
"
13:09:33.769,372.182,1.2,0,0.0,"-  1.20  N  
","C: - 1.15 N
"
13:09:34.020,372.433,1.2,0,0.0,"-  1.20  N  
","C: - 1.20 N
"
13:09:34.270,372.682,1.3,0,0.0,"-  1.30  N  
","C: - 1.20 N
"
13:09:34.520,372.933,1.25,0,0.0,"-  1.25  N  
","C: - 1.25 N
"
13:09:34.770,373.183,1.25,0,0.0,"-  1.25  N  
","C: - 1.25 N
"
13:09:35.020,373.433,1.2,0,0.0,"-  1.20  N  
","C: - 1.20 N
"
13:09:35.271,373.683,1.1,0,0.0,"-  1.10  N  
","C: - 1.20 N
"
13:09:35.520,373.933,1.15,0,0.0,"-  1.15  N  
","C: - 1.30 N
"
13:09:35.771,374.183,1.2,0,0.0,"-  1.20  N  
","C: - 1.15 N
"
13:09:36.021,374.434,1.3,0,0.0,"-  1.30  N  
","C: - 1.25 N
"
13:09:36.271,374.684,1.2,0,0.0,"-  1.20  N  
","C: - 1.15 N
"
13:09:36.521,374.934,1.2,0,0.0,"-  1.20  N  
","C: - 1.25 N
"
13:09:36.772,375.185,1.15,0,0.0,"-  1.15  N  
","C: - 1.20 N
"
13:09:37.022,375.434,1.25,0,0.0,"-  1.25  N  
","C: - 1.20 N
"
13:09:37.272,375.685,1.25,0,0.0,"-  1.25  N  
","C: - 1.20 N
"
13:09:37.522,375.935,1.25,0,0.0,"-  1.25  N  
","C: - 1.25 N
"
13:09:37.772,376.185,1.25,0,0.0,"-  1.25  N  
","C: - 1.20 N
"
13:09:38.022,376.435,1.25,0,0.0,"-  1.25  N  
","C: - 1.25 N
"
13:09:38.272,376.685,1.25,0,0.0,"-  1.25  N  
","C: - 1.20 N
"
13:09:38.523,376.936,1.3,0,0.0,"-  1.30  N  
","C: - 1.20 N
"
13:09:38.773,377.186,1.2,0,0.0,"-  1.20  N  
","C: - 1.20 N
"
13:09:39.023,377.435,1.15,0,0.0,"-  1.15  N  
","C: - 1.20 N
"
13:09:39.273,377.686,1.35,0,0.0,"-  1.35  N  
","C: - 1.15 N
"
13:09:39.523,377.936,1.25,0,0.0,"-  1.25  N  
","C: - 1.15 N
"
13:09:39.774,378.187,1.15,0,0.0,"-  1.15  N  
","C: - 1.25 N
"
13:09:40.023,378.436,1.25,0,0.0,"-  1.25  N  
",
13:09:40.274,378.686,0.0,0,0.0,"+  0.00  N  
","T: + 0.00 N
"
13:09:40.524,378.937,0.0,0,0.0,"-  0.00  N  
","T: + 0.00 N
"
13:09:40.774,379.187,0.0,0,0.0,"+  0.00  N  
","T: + 0.00 N
"
13:09:41.024,379.437,0.0,0,0.0,"+  0.00  N  
","T: + 0.00 N
"
13:09:41.274,379.687,0.0,0,0.0,"+  0.00  N  
","T: + 0.00 N
"
13:09:41.524,379.937,0.0,0,0.0,"+  0.00  N  
","C: - 0.00 N
"
13:09:41.775,380.187,0.0,0,0.0,"+  0.00  N  
","T: + 0.00 N
"
13:09:42.025,380.437,0.0,0,0.0,"+  0.00  N  
","T: + 0.00 N
"
13:09:42.274,380.687,0.0,0,0.0,"+  0.00  N  
","T: + 0.00 N
"
13:09:42.525,380.938,1.0,0,0.0,"+  1.00  N  
","T: + 1.25 N
"
13:09:42.774,381.187,1.35,0,0.0,"+  1.35  N  
","T: + 1.40 N
"
13:09:43.025,381.438,1.95,0,0.0,"+  1.95  N  
","T: + 2.40 N
"
13:09:43.275,381.688,2.5,0,0.0,"+  2.50  N  
","T: + 2.65 N
"
13:09:43.525,381.938,2.6,0,0.0,"+  2.60  N  
","T: + 2.55 N
"
13:09:43.775,382.188,2.4,0,0.0,"+  2.40  N  
","T: + 2.35 N
"
13:09:44.025,382.438,2.35,0,0.0,"+  2.35  N  
","T: + 2.20 N
"
13:09:44.275,382.688,2.2,0,0.0,"+  2.20  N  
","T: + 2.25 N
"
13:09:44.526,382.938,2.0,0,0.0,"+  2.00  N  
","T: + 1.30 N
"
13:09:44.776,383.188,0.0,0,0.0,"+  0.00  N  
","C: - 0.00 N
"
13:09:45.026,383.439,0.0,0,0.0,"+  0.00  N  
","T: + 0.00 N
"
13:09:45.276,383.688,0.0,0,0.0,"+  0.00  N  
","T: + 0.00 N
"
13:09:45.526,383.939,0.0,0,0.0,"+  0.00  N  
","C: - 0.00 N
"
13:09:45.776,384.189,0.0,0,0.0,"+  0.00  N  
","T: + 0.00 N
"
13:09:46.026,384.439,0.0,0,0.0,"+  0.00  N  
","T: + 0.00 N
"
13:09:46.276,384.689,0.0,0,0.0,"+  0.00  N  
","T: + 0.00 N
"
13:09:46.527,384.939,0.0,0,0.0,"+  0.00  N  
","T: + 0.00 N
"
13:09:46.777,385.189,0.0,0,0.0,"+  0.00  N  
","T: + 0.00 N
"
13:09:47.027,385.44,0.0,0,0.0,"+  0.00  N  
","C: - 0.00 N
"
13:09:47.278,385.691,0.0,0,0.0,"+  0.00  N  
","C: - 0.00 N
"
13:09:47.528,385.94,0.0,0,0.0,"+  0.00  N  
","T: + 0.00 N
"
13:09:47.779,386.192,0.0,0,0.0,"+  0.00  N  
","T: + 0.00 N
"
13:09:48.028,386.441,0.0,0,0.0,"+  0.00  N  
","T: + 0.00 N
"
13:09:48.278,386.691,0.0,0,0.0,"+  0.00  N  
","T: + 0.00 N
"
13:09:48.529,386.941,0.0,0,0.0,"+  0.00  N  
","C: - 0.00 N
"
13:09:48.779,387.191,0.0,0,0.0,"+  0.00  N  
","T: + 0.00 N
"
13:09:49.029,387.442,0.0,0,0.0,"+  0.00  N  
","T: + 0.00 N
"
13:09:49.279,387.692,0.0,0,0.0,"+  0.00  N  
","T: + 0.00 N
"
13:09:49.529,387.942,0.0,0,0.0,"+  0.00  N  
","T: + 0.00 N
"
13:09:49.779,388.192,0.0,0,0.0,"+  0.00  N  
","T: + 0.00 N
"
13:09:50.030,388.442,0.0,0,0.0,"+  0.00  N  
","T: + 0.00 N
"
13:09:50.280,388.693,0.0,0,0.0,"+  0.00  N  
","T: + 0.00 N
"
13:09:50.530,388.942,0.2,0,0.0,"+  0.20  N  
","T: + 0.00 N
"
13:09:50.780,389.193,0.0,0,0.0,"-  0.00  N  
","T: + 0.00 N
"
13:09:51.030,389.443,0.0,0,0.0,"+  0.00  N  
","T: + 0.00 N
"
13:09:51.280,389.693,0.0,0,0.0,"+  0.00  N  
","T: + 0.00 N
"
13:09:51.530,389.943,0.0,0,0.0,"+  0.00  N  
","T: + 0.00 N
"
13:09:51.781,390.193,0.0,0,0.0,"+  0.00  N  
","T: + 0.00 N
"
13:09:52.031,390.443,0.0,0,0.0,"+  0.00  N  
","T: + 0.00 N
"
13:09:52.281,390.694,0.0,0,0.0,"+  0.00  N  
","T: + 0.00 N
"
13:09:52.531,390.944,0.0,0,0.0,"+  0.00  N  
","T: + 0.00 N
"
13:09:52.781,391.194,0.0,0,0.0,"+  0.00  N  
","T: + 0.00 N
"
13:09:53.031,391.444,0.0,0,0.0,"+  0.00  N  
","T: + 0.00 N
"
13:09:53.282,391.695,0.3,0,0.0,"+  0.30  N  
","T: + 0.25 N
"
13:09:53.532,391.945,0.35,0,0.0,"+  0.35  N  
","T: + 0.45 N
"
13:09:53.782,392.195,0.5,0,0.0,"+  0.50  N  
","T: + 0.45 N
"
13:09:54.033,392.446,0.35,0,0.0,"+  0.35  N  
","T: + 0.30 N
"
13:09:54.282,392.695,0.25,0,0.0,"+  0.25  N  
","T: + 0.35 N
"
13:09:54.532,392.945,0.35,0,0.0,"+  0.35  N  
","T: + 0.40 N
"
13:09:54.783,393.195,0.3,0,0.0,"+  0.30  N  
","T: + 0.30 N
"
13:09:55.033,393.446,0.35,0,0.0,"+  0.35  N  
","T: + 0.40 N
"
13:09:55.283,393.696,0.3,0,0.0,"+  0.30  N  
","T: + 0.35 N
"
13:09:55.533,393.946,0.25,0,0.0,"+  0.25  N  
","T: + 0.25 N
"
13:09:55.783,394.196,0.3,0,0.0,"+  0.30  N  
","T: + 0.30 N
"
13:09:56.033,394.446,0.3,0,0.0,"+  0.30  N  
","T: + 0.35 N
"
13:09:56.284,394.697,0.3,0,0.0,"+  0.30  N  
","T: + 0.25 N
"
13:09:56.534,394.947,0.0,0,0.0,"+  0.00  N  
","T: + 0.00 N
"
13:09:56.784,395.197,0.0,0,0.0,"+  0.00  N  
","T: + 0.00 N
"
13:09:57.034,395.447,0.0,0,0.0,"+  0.00  N  
","T: + 0.00 N
"
13:09:57.284,395.697,0.0,0,0.0,"+  0.00  N  
","T: + 0.00 N
"
13:09:57.534,395.947,0.0,0,0.0,"+  0.00  N  
","T: + 0.00 N
"
13:09:57.784,396.197,0.0,0,0.0,"+  0.00  N  
","T: + 0.00 N
"
13:09:58.034,396.447,0.0,0,0.0,"+  0.00  N  
","T: + 0.00 N
"
13:09:58.284,396.697,0.0,0,0.0,"+  0.00  N  
","T: + 0.00 N
"
13:09:58.534,396.947,0.0,0,0.0,"+  0.00  N  
","T: + 0.00 N
"
13:09:58.784,397.197,0.0,0,0.0,"+  0.00  N  
","T: + 0.00 N
"
13:09:59.034,397.447,0.0,0,0.0,"+  0.00  N  
","T: + 0.00 N
"
13:09:59.285,397.697,0.0,0,0.0,"+  0.00  N  
","T: + 0.00 N
"
13:09:59.535,397.948,0.0,0,0.0,"+  0.00  N  
","T: + 0.00 N
"
13:09:59.785,398.198,0.0,0,0.0,"+  0.00  N  
","T: + 0.00 N
"
13:10:00.035,398.448,0.0,0,0.0,"+  0.00  N  
","T: + 0.00 N
"
13:10:00.285,398.698,0.0,0,0.0,"+  0.00  N  
","T: + 0.00 N
"
13:10:00.535,398.948,0.0,0,0.0,"+  0.00  N  
","T: + 0.00 N
"
13:10:00.785,399.198,0.0,0,0.0,"+  0.00  N  
","T: + 0.00 N
"
13:10:01.036,399.448,0.0,0,0.0,"+  0.00  N  
","T: + 0.00 N
"
13:10:01.286,399.698,0.0,0,0.0,"+  0.00  N  
","T: + 0.00 N
"
13:10:01.536,399.949,0.0,0,0.0,"+  0.00  N  
","T: + 0.00 N
"
13:10:01.786,400.199,0.0,0,0.0,"+  0.00  N  
","T: + 0.00 N
"
13:10:02.036,400.449,0.0,0,0.0,"+  0.00  N  
","T: + 0.00 N
"
13:10:02.286,400.699,0.0,0,0.0,"+  0.00  N  
","T: + 0.00 N
"
13:10:02.536,400.949,0.0,0,0.0,"+  0.00  N  
","T: + 0.00 N
"
13:10:02.787,401.2,0.0,0,0.0,"+  0.00  N  
","T: + 0.00 N
"
13:10:03.037,401.45,0.0,0,0.0,"+  0.00  N  
","T: + 0.00 N
"
13:10:03.287,401.7,0.0,0,0.0,"+  0.00  N  
","T: + 0.00 N
"
13:10:03.538,401.95,0.0,0,0.0,"+  0.00  N  
","T: + 0.00 N
"
13:10:03.788,402.201,0.2,0,0.0,"+  0.20  N  
","T: + 0.00 N
"
13:10:04.038,402.451,0.25,0,0.0,"+  0.25  N  
","T: + 0.00 N
"
13:10:04.288,402.701,0.25,0,0.0,"+  0.25  N  
","T: + 0.35 N
"
13:10:04.538,402.951,0.4,0,0.0,"+  0.40  N  
","T: + 0.45 N
"
13:10:04.788,403.201,0.5,0,0.0,"+  0.50  N  
","T: + 0.60 N
"
13:10:05.039,403.451,0.8,0,0.0,"+  0.80  N  
","T: + 0.85 N
"
13:10:05.289,403.701,0.9,0,0.0,"+  0.90  N  
","T: + 0.95 N
"
13:10:05.539,403.952,1.15,0,0.0,"+  1.15  N  
","T: + 1.15 N
"
13:10:05.789,404.202,1.15,0,0.0,"+  1.15  N  
","T: + 1.20 N
"
13:10:06.039,404.452,1.2,0,0.0,"+  1.20  N  
","T: + 1.25 N
"
13:10:06.289,404.702,1.3,0,0.0,"+  1.30  N  
","T: + 1.35 N
"
13:10:06.540,404.952,1.35,0,0.0,"+  1.35  N  
","T: + 1.25 N
"
13:10:06.790,405.202,1.3,0,0.0,"+  1.30  N  
","T: + 1.35 N
"
13:10:07.040,405.453,1.4,0,0.0,"+  1.40  N  
","T: + 1.40 N
"
13:10:07.290,405.703,1.45,0,0.0,"+  1.45  N  
","T: + 1.40 N
"
13:10:07.540,405.953,1.4,0,0.0,"+  1.40  N  
","T: + 1.45 N
"
13:10:07.793,406.205,1.45,0,0.0,"+  1.45  N  
","T: + 1.45 N
"
13:10:08.043,406.455,1.4,0,0.0,"+  1.40  N  
","T: + 1.45 N
"
13:10:08.292,406.705,1.45,0,0.0,"+  1.45  N  
","T: + 1.45 N
"
13:10:08.542,406.955,1.45,0,0.0,"+  1.45  N  
","T: + 1.35 N
"
13:10:08.793,407.205,1.3,0,0.0,"+  1.30  N  
","T: + 1.30 N
"
13:10:09.043,407.455,1.35,0,0.0,"+  1.35  N  
","T: + 1.30 N
"
13:10:09.293,407.705,1.05,0,0.0,"+  1.05  N  
","T: + 1.30 N
"
13:10:09.543,407.956,1.25,0,0.0,"+  1.25  N  
","T: + 1.25 N
"
13:10:09.793,408.206,1.5,1,0.24,"+  1.50  N  
","T: + 1.40 N
"
13:10:10.043,408.456,1.3,0,0.0,"+  1.30  N  
","T: + 1.45 N
"
13:10:10.293,408.706,1.45,0,0.0,"+  1.45  N  
","T: + 1.45 N
"
13:10:10.543,408.956,1.35,0,0.0,"+  1.35  N  
","T: + 1.30 N
"
13:10:10.793,409.206,1.3,0,0.0,"+  1.30  N  
","T: + 1.15 N
"
13:10:11.044,409.456,1.35,0,0.0,"+  1.35  N  
","T: + 0.75 N
"
13:10:11.294,409.706,0.85,0,0.0,"+  0.85  N  
","T: + 0.25 N
"
13:10:11.544,409.957,0.0,0,0.0,"+  0.00  N  
","T: + 0.00 N
"
13:10:11.794,410.207,0.0,0,0.0,"-  0.00  N  
","T: + 0.00 N
"
13:10:12.044,410.457,0.0,0,0.0,"-  0.00  N  
","T: + 0.00 N
"
13:10:12.294,410.707,0.0,0,0.0,"+  0.00  N  
","T: + 0.00 N
"
13:10:12.545,410.957,0.0,0,0.0,"+  0.00  N  
","T: + 0.00 N
"
13:10:12.795,411.207,0.0,0,0.0,"-  0.00  N  
","T: + 0.00 N
"
13:10:13.045,411.458,0.0,0,0.0,"+  0.00  N  
","T: + 0.00 N
"
13:10:13.296,411.708,0.0,0,0.0,"-  0.00  N  
","T: + 0.00 N
"
13:10:13.545,411.958,0.0,0,0.0,"+  0.00  N  
","T: + 0.00 N
"
13:10:13.795,412.208,0.0,0,0.0,"+  0.00  N  
","T: + 0.00 N
"
13:10:14.045,412.458,0.0,0,0.0,"+  0.00  N  
","T: + 0.00 N
"
13:10:14.295,412.708,0.0,0,0.0,"+  0.00  N  
","T: + 0.00 N
"
13:10:14.546,412.958,0.0,0,0.0,"+  0.00  N  
","T: + 0.00 N
"
13:10:14.796,413.209,0.0,0,0.0,"+  0.00  N  
","T: + 0.00 N
"
13:10:15.046,413.458,0.0,0,0.0,"+  0.00  N  
","C: - 0.00 N
"
13:10:15.296,413.709,0.0,0,0.0,"+  0.00  N  
","T: + 0.00 N
"
13:10:15.546,413.959,0.0,0,0.0,"+  0.00  N  
","T: + 0.00 N
"
13:10:15.796,414.209,0.0,0,0.0,"+  0.00  N  
","T: + 0.00 N
"
13:10:16.047,414.459,0.0,0,0.0,"+  0.00  N  
","T: + 0.00 N
"
13:10:16.296,414.709,0.0,0,0.0,"+  0.00  N  
","T: + 0.00 N
"
13:10:16.546,414.959,0.0,0,0.0,"+  0.00  N  
","T: + 0.00 N
"
13:10:16.797,415.21,0.0,0,0.0,"+  0.00  N  
","T: + 0.00 N
"
13:10:17.047,415.46,0.0,0,0.0,"+  0.00  N  
","T: + 0.00 N
"
13:10:17.297,415.71,0.0,0,0.0,"+  0.00  N  
","T: + 0.00 N
"
13:10:17.547,415.96,0.0,0,0.0,"+  0.00  N  
","C: - 0.00 N
"
13:10:17.797,416.21,0.0,0,0.0,"+  0.00  N  
","T: + 0.00 N
"
13:10:18.047,416.46,0.0,0,0.0,"+  0.00  N  
","T: + 0.00 N
"
13:10:18.297,416.71,0.0,0,0.0,"+  0.00  N  
","T: + 0.00 N
"
13:10:18.549,416.962,0.0,0,0.0,"+  0.00  N  
","T: + 0.00 N
"
13:10:18.798,417.21,0.0,0,0.0,"+  0.00  N  
","T: + 0.00 N
"
13:10:19.048,417.461,0.0,0,0.0,"+  0.00  N  
","T: + 0.00 N
"
13:10:19.298,417.711,0.0,0,0.0,"+  0.00  N  
","T: + 0.00 N
"
13:10:19.548,417.961,0.0,0,0.0,"+  0.00  N  
","T: + 0.00 N
"
13:10:19.798,418.211,0.0,0,0.0,"+  0.00  N  
","T: + 0.00 N
"
13:10:20.048,418.461,0.0,0,0.0,"+  0.00  N  
","T: + 0.00 N
"
13:10:20.298,418.711,0.0,0,0.0,"+  0.00  N  
","T: + 0.00 N
"
13:10:20.549,418.961,0.0,0,0.0,"+  0.00  N  
","T: + 0.00 N
"
13:10:20.799,419.211,0.0,0,0.0,"+  0.00  N  
","T: + 0.00 N
"
13:10:21.049,419.461,0.0,0,0.0,"+  0.00  N  
","T: + 0.00 N
"
13:10:21.299,419.712,0.0,0,0.0,"+  0.00  N  
","T: + 0.00 N
"
13:10:21.549,419.962,0.0,0,0.0,"+  0.00  N  
","T: + 0.00 N
"
13:10:21.800,420.212,0.0,0,0.0,"+  0.00  N  
","T: + 0.00 N
"
13:10:22.049,420.462,0.25,0,0.0,"+  0.25  N  
","T: + 0.55 N
"
13:10:22.299,420.712,0.65,0,0.0,"+  0.65  N  
","T: + 0.50 N
"
13:10:22.550,420.962,0.45,0,0.0,"+  0.45  N  
","T: + 0.50 N
"
13:10:22.800,421.212,0.5,0,0.0,"+  0.50  N  
","T: + 0.55 N
"
13:10:23.050,421.463,0.45,0,0.0,"+  0.45  N  
","T: + 0.50 N
"
13:10:23.300,421.713,0.55,0,0.0,"+  0.55  N  
","T: + 0.50 N
"
13:10:23.550,421.963,0.6,0,0.0,"+  0.60  N  
","T: + 0.50 N
"
13:10:23.801,422.214,0.6,0,0.0,"+  0.60  N  
","T: + 0.50 N
"
13:10:24.051,422.463,0.5,0,0.0,"+  0.50  N  
","T: + 0.50 N
"
13:10:24.300,422.713,0.55,0,0.0,"+  0.55  N  
","T: + 0.55 N
"
13:10:24.551,422.963,0.6,0,0.0,"+  0.60  N  
","T: + 0.65 N
"
13:10:24.801,423.214,0.7,0,0.0,"+  0.70  N  
","T: + 0.50 N
"
13:10:25.051,423.464,0.6,0,0.0,"+  0.60  N  
","T: + 0.50 N
"
13:10:25.301,423.714,0.5,0,0.0,"+  0.50  N  
","T: + 0.50 N
"
13:10:25.551,423.964,0.5,0,0.0,"+  0.50  N  
","T: + 0.50 N
"
13:10:25.801,424.214,0.45,0,0.0,"+  0.45  N  
","T: + 0.45 N
"
13:10:26.051,424.464,0.55,0,0.0,"+  0.55  N  
","T: + 0.50 N
"
13:10:26.302,424.714,0.45,0,0.0,"+  0.45  N  
","T: + 0.50 N
"
13:10:26.552,424.964,0.45,0,0.0,"+  0.45  N  
","T: + 0.50 N
"
13:10:26.802,425.214,0.6,0,0.0,"+  0.60  N  
","T: + 0.50 N
"
13:10:27.052,425.465,0.5,0,0.0,"+  0.50  N  
","T: + 0.50 N
"
13:10:27.302,425.715,0.5,0,0.0,"+  0.50  N  
","T: + 0.45 N
"
13:10:27.552,425.965,0.45,0,0.0,"+  0.45  N  
","T: + 0.40 N
"
13:10:27.802,426.215,0.4,0,0.0,"+  0.40  N  
","T: + 0.35 N
"
13:10:28.052,426.465,0.0,0,0.0,"+  0.00  N  
","T: + 0.00 N
"
13:10:28.302,426.715,0.0,0,0.0,"+  0.00  N  
","T: + 0.00 N
"
13:10:28.553,426.965,0.0,0,0.0,"+  0.00  N  
","T: + 0.00 N
"
13:10:28.803,427.215,0.0,0,0.0,"+  0.00  N  
","T: + 0.00 N
"
13:10:29.053,427.466,0.0,0,0.0,"+  0.00  N  
","T: + 0.00 N
"
13:10:29.304,427.716,0.0,0,0.0,"+  0.00  N  
","T: + 0.00 N
"
13:10:29.555,427.967,0.0,0,0.0,"+  0.00  N  
","T: + 0.00 N
"
13:10:29.804,428.217,0.0,0,0.0,"+  0.00  N  
","T: + 0.00 N
"
13:10:30.054,428.467,0.0,0,0.0,"+  0.00  N  
","T: + 0.00 N
"
13:10:30.304,428.717,0.0,0,0.0,"+  0.00  N  
","T: + 0.00 N
"
13:10:30.555,428.968,0.0,0,0.0,"+  0.00  N  
","T: + 0.00 N
"
13:10:30.805,429.218,0.0,0,0.0,"+  0.00  N  
","T: + 0.00 N
"
13:10:31.055,429.468,0.0,0,0.0,"+  0.00  N  
","T: + 0.00 N
"
13:10:31.305,429.718,0.0,0,0.0,"+  0.00  N  
","T: + 0.00 N
"
13:10:31.555,429.968,0.0,0,0.0,"+  0.00  N  
","T: + 0.00 N
"
13:10:31.805,430.218,0.0,0,0.0,"+  0.00  N  
","T: + 0.00 N
"
13:10:32.056,430.468,0.0,0,0.0,"+  0.00  N  
","T: + 0.00 N
"
13:10:32.306,430.719,0.0,0,0.0,"+  0.00  N  
","T: + 0.00 N
"
13:10:32.556,430.969,0.0,0,0.0,"+  0.00  N  
","C: - 0.00 N
"
13:10:32.806,431.219,0.0,0,0.0,"+  0.00  N  
","T: + 0.00 N
"
13:10:33.056,431.469,0.0,0,0.0,"+  0.00  N  
","T: + 0.00 N
"
13:10:33.306,431.719,0.0,0,0.0,"+  0.00  N  
","T: + 0.00 N
"
13:10:33.557,431.969,0.0,0,0.0,"+  0.00  N  
","T: + 0.00 N
"
13:10:33.807,432.219,0.0,0,0.0,"+  0.00  N  
","T: + 0.00 N
"
13:10:34.057,432.47,0.0,0,0.0,"+  0.00  N  
","T: + 0.00 N
"
13:10:34.307,432.72,0.0,0,0.0,"+  0.00  N  
","T: + 0.00 N
"
13:10:34.557,432.969,0.0,0,0.0,"+  0.00  N  
","T: + 0.00 N
"
13:10:34.807,433.22,0.0,0,0.0,"+  0.00  N  
","T: + 0.00 N
"
13:10:35.057,433.47,0.0,0,0.0,"+  0.00  N  
","T: + 0.00 N
"
13:10:35.307,433.72,0.0,0,0.0,"+  0.00  N  
","T: + 0.00 N
"
13:10:35.557,433.97,0.0,0,0.0,"+  0.00  N  
","T: + 0.00 N
"
13:10:35.807,434.22,0.0,0,0.0,"+  0.00  N  
","T: + 0.00 N
"
13:10:36.059,434.471,0.0,0,0.0,"+  0.00  N  
","T: + 0.00 N
"
13:10:36.308,434.72,0.0,0,0.0,"+  0.00  N  
","T: + 0.00 N
"
13:10:36.558,434.971,0.0,0,0.0,"+  0.00  N  
","T: + 0.00 N
"
13:10:36.808,435.22,0.0,0,0.0,"+  0.00  N  
","T: + 0.00 N
"
13:10:37.058,435.471,0.0,0,0.0,"+  0.00  N  
","T: + 0.00 N
"
13:10:37.308,435.721,0.0,0,0.0,"+  0.00  N  
","T: + 0.00 N
"
13:10:37.558,435.971,0.0,0,0.0,"+  0.00  N  
","T: + 0.00 N
"
13:10:37.808,436.221,0.0,0,0.0,"+  0.00  N  
","T: + 0.00 N
"
13:10:38.058,436.471,0.0,0,0.0,"+  0.00  N  
","T: + 0.00 N
"
13:10:38.309,436.721,0.0,0,0.0,"+  0.00  N  
","T: + 0.00 N
"
13:10:38.559,436.971,0.0,0,0.0,"+  0.00  N  
","T: + 0.00 N
"
13:10:38.809,437.222,0.0,0,0.0,"+  0.00  N  
","T: + 0.00 N
"
13:10:39.059,437.472,0.0,0,0.0,"-  0.00  N  
","T: + 0.00 N
"
13:10:39.309,437.722,0.0,0,0.0,"+  0.00  N  
","T: + 0.00 N
"
13:10:39.560,437.973,0.2,0,0.0,"+  0.20  N  
","T: + 0.00 N
"
13:10:39.810,438.223,0.0,0,0.0,"+  0.00  N  
","T: + 0.00 N
"
13:10:40.061,438.473,0.0,0,0.0,"+  0.00  N  
","T: + 0.00 N
"
13:10:40.312,438.724,0.0,0,0.0,"+  0.00  N  
","T: + 0.00 N
"
13:10:40.561,438.973,0.0,0,0.0,"+  0.00  N  
","T: + 0.00 N
"
13:10:40.811,439.223,0.0,0,0.0,"+  0.00  N  
","T: + 0.00 N
"
13:10:41.062,439.475,0.0,0,0.0,"+  0.00  N  
","T: + 0.00 N
"
13:10:41.311,439.724,0.0,0,0.0,"+  0.00  N  
","T: + 0.00 N
"
13:10:41.562,439.975,0.0,0,0.0,"+  0.00  N  
","T: + 0.00 N
"
13:10:41.811,440.224,0.0,0,0.0,"+  0.00  N  
","T: + 0.00 N
"
13:10:42.062,440.474,0.0,0,0.0,"+  0.00  N  
","T: + 0.00 N
"
13:10:42.313,440.726,0.0,0,0.0,"+  0.00  N  
","T: + 0.00 N
"
13:10:42.562,440.975,0.0,0,0.0,"+  0.00  N  
","T: + 0.00 N
"
13:10:42.812,441.225,0.0,0,0.0,"+  0.00  N  
","T: + 0.00 N
"
13:10:43.062,441.475,0.0,0,0.0,"+  0.00  N  
","T: + 0.00 N
"
13:10:43.313,441.726,0.0,0,0.0,"+  0.00  N  
","T: + 0.00 N
"
13:10:43.563,441.975,0.0,0,0.0,"+  0.00  N  
","T: + 0.00 N
"
13:10:43.813,442.226,0.0,0,0.0,"+  0.00  N  
","C: - 0.00 N
"
13:10:44.064,442.476,0.0,0,0.0,"+  0.00  N  
","T: + 0.00 N
"
13:10:44.313,442.726,0.0,0,0.0,"+  0.00  N  
","T: + 0.00 N
"
13:10:44.563,442.976,0.0,0,0.0,"+  0.00  N  
","T: + 0.00 N
"
13:10:44.814,443.227,0.0,0,0.0,"+  0.00  N  
","T: + 0.00 N
"
13:10:45.063,443.476,0.0,0,0.0,"+  0.00  N  
","T: + 0.00 N
"
13:10:45.313,443.726,0.0,0,0.0,"+  0.00  N  
","T: + 0.00 N
"
13:10:45.563,443.976,0.0,0,0.0,"+  0.00  N  
","T: + 0.00 N
"
13:10:45.813,444.226,0.0,0,0.0,"+  0.00  N  
","T: + 0.00 N
"
13:10:46.064,444.476,0.0,0,0.0,"+  0.00  N  
","T: + 0.00 N
"
13:10:46.314,444.726,0.0,0,0.0,"+  0.00  N  
","C: - 0.00 N
"
13:10:46.564,444.976,0.0,0,0.0,"+  0.00  N  
","T: + 0.00 N
"
13:10:46.814,445.227,0.0,0,0.0,"+  0.00  N  
","T: + 0.00 N
"
13:10:47.064,445.477,0.0,0,0.0,"+  0.00  N  
","T: + 0.00 N
"
13:10:47.314,445.727,0.0,0,0.0,"+  0.00  N  
","T: + 0.00 N
"
13:10:47.565,445.977,0.2,0,0.0,"+  0.20  N  
","T: + 0.00 N
"
13:10:47.814,446.227,0.0,0,0.0,"+  0.00  N  
","T: + 0.00 N
"
13:10:48.065,446.477,0.0,0,0.0,"+  0.00  N  
","T: + 0.00 N
"
13:10:48.315,446.727,0.0,0,0.0,"+  0.00  N  
","T: + 0.00 N
"
13:10:48.565,446.978,0.0,0,0.0,"+  0.00  N  
","T: + 0.00 N
"
13:10:48.815,447.228,0.0,0,0.0,"+  0.00  N  
","T: + 0.00 N
"
13:10:49.065,447.478,0.2,0,0.0,"+  0.20  N  
","T: + 0.40 N
"
13:10:49.315,447.728,0.35,0,0.0,"+  0.35  N  
","T: + 0.40 N
"
13:10:49.565,447.978,0.45,0,0.0,"+  0.45  N  
","T: + 0.50 N
"
13:10:49.815,448.228,0.65,0,0.0,"+  0.65  N  
","T: + 0.70 N
"
13:10:50.066,448.479,0.8,0,0.0,"+  0.80  N  
","T: + 0.85 N
"
13:10:50.316,448.729,0.9,0,0.0,"+  0.90  N  
","T: + 0.95 N
"
13:10:50.567,448.979,0.9,0,0.0,"+  0.90  N  
","T: + 0.85 N
"
13:10:50.817,449.23,0.9,0,0.0,"+  0.90  N  
","T: + 0.90 N
"
13:10:51.067,449.479,0.85,0,0.0,"+  0.85  N  
","T: + 0.80 N
"
13:10:51.317,449.73,0.9,0,0.0,"+  0.90  N  
","T: + 0.90 N
"
13:10:51.567,449.98,0.9,0,0.0,"+  0.90  N  
","T: + 0.85 N
"
13:10:51.817,450.23,0.85,0,0.0,"+  0.85  N  
","T: + 0.85 N
"
13:10:52.068,450.48,0.85,0,0.0,"+  0.85  N  
","T: + 0.85 N
"
13:10:52.318,450.731,0.85,0,0.0,"+  0.85  N  
","T: + 0.85 N
"
13:10:52.569,450.982,0.9,0,0.0,"+  0.90  N  
","T: + 0.80 N
"
13:10:52.818,451.231,0.7,0,0.0,"+  0.70  N  
","T: + 0.85 N
"
13:10:53.068,451.481,0.75,0,0.0,"+  0.75  N  
","T: + 0.80 N
"
13:10:53.318,451.731,0.75,0,0.0,"+  0.75  N  
","T: + 0.85 N
"
13:10:53.568,451.981,0.9,0,0.0,"+  0.90  N  
","T: + 0.85 N
"
13:10:53.819,452.231,0.85,0,0.0,"+  0.85  N  
","T: + 0.85 N
"
13:10:54.069,452.482,0.9,0,0.0,"+  0.90  N  
","T: + 0.80 N
"
13:10:54.319,452.732,0.85,0,0.0,"+  0.85  N  
","T: + 0.90 N
"
13:10:54.569,452.982,0.8,0,0.0,"+  0.80  N  
","T: + 0.90 N
"
13:10:54.819,453.232,1.0,0,0.0,"+  1.00  N  
","T: + 0.90 N
"
13:10:55.070,453.482,0.9,0,0.0,"+  0.90  N  
","T: + 0.90 N
"
13:10:55.320,453.733,1.0,0,0.0,"+  1.00  N  
","T: + 0.85 N
"
13:10:55.570,453.983,1.0,0,0.0,"+  1.00  N  
","T: + 0.90 N
"
13:10:55.820,454.233,1.0,0,0.0,"+  1.00  N  
","T: + 1.00 N
"
13:10:56.070,454.483,1.1,0,0.0,"+  1.10  N  
","T: + 1.15 N
"
13:10:56.320,454.733,1.2,0,0.0,"+  1.20  N  
","T: + 1.20 N
"
13:10:56.571,454.983,1.25,0,0.0,"+  1.25  N  
","T: + 1.40 N
"
13:10:56.821,455.234,1.3,0,0.0,"+  1.30  N  
","T: + 1.35 N
"
13:10:57.071,455.484,1.4,0,0.0,"+  1.40  N  
","T: + 1.35 N
"
13:10:57.321,455.734,1.35,0,0.0,"+  1.35  N  
","T: + 1.35 N
"
13:10:57.571,455.984,1.35,0,0.0,"+  1.35  N  
","T: + 1.35 N
"
13:10:57.821,456.234,1.35,0,0.0,"+  1.35  N  
","T: + 1.40 N
"
13:10:58.071,456.484,1.35,0,0.0,"+  1.35  N  
","T: + 1.50 N
"
13:10:58.322,456.734,1.45,0,0.0,"+  1.45  N  
","T: + 1.45 N
"
13:10:58.572,456.985,1.4,0,0.0,"+  1.40  N  
","T: + 1.45 N
"
13:10:58.822,457.235,1.55,0,0.0,"+  1.55  N  
","T: + 1.55 N
"
13:10:59.073,457.485,1.5,0,0.0,"+  1.50  N  
","T: + 1.45 N
"
13:10:59.322,457.735,1.55,0,0.0,"+  1.55  N  
","T: + 1.55 N
"
13:10:59.572,457.985,1.45,0,0.0,"+  1.45  N  
","T: + 1.55 N
"
13:10:59.823,458.236,1.5,0,0.0,"+  1.50  N  
","T: + 1.45 N
"
13:11:00.073,458.485,1.6,0,0.0,"+  1.60  N  
","T: + 1.55 N
"
13:11:00.323,458.736,1.55,0,0.0,"+  1.55  N  
","T: + 1.60 N
"
13:11:00.573,458.986,1.6,0,0.0,"+  1.60  N  
","T: + 1.55 N
"
13:11:00.823,459.235,1.55,0,0.0,"+  1.55  N  
","T: + 1.60 N
"
13:11:01.073,459.486,1.6,0,0.0,"+  1.60  N  
","T: + 1.55 N
"
13:11:01.323,459.736,1.6,0,0.0,"+  1.60  N  
","T: + 1.60 N
"
13:11:01.573,459.986,1.5,0,0.0,"+  1.50  N  
","T: + 1.55 N
"
13:11:01.823,460.236,1.5,0,0.0,"+  1.50  N  
","T: + 1.55 N
"
13:11:02.073,460.486,1.45,0,0.0,"+  1.45  N  
","T: + 1.45 N
"
13:11:02.323,460.736,1.45,0,0.0,"+  1.45  N  
","T: + 1.45 N
"
13:11:02.573,460.986,1.4,0,0.0,"+  1.40  N  
","T: + 1.35 N
"
13:11:02.824,461.236,1.45,0,0.0,"+  1.45  N  
","T: + 1.40 N
"
13:11:03.074,461.486,1.4,0,0.0,"+  1.40  N  
","T: + 1.35 N
"
13:11:03.324,461.737,1.4,0,0.0,"+  1.40  N  
","T: + 1.45 N
"
13:11:03.574,461.987,1.35,0,0.0,"+  1.35  N  
","T: + 1.45 N
"
13:11:03.824,462.237,1.45,0,0.0,"+  1.45  N  
","T: + 1.50 N
"
13:11:04.074,462.487,1.5,0,0.0,"+  1.50  N  
","T: + 1.75 N
"
13:11:04.324,462.737,1.5,0,0.0,"+  1.50  N  
","T: + 1.75 N
"
13:11:04.575,462.987,1.7,0,0.0,"+  1.70  N  
","T: + 1.70 N
"
13:11:04.825,463.237,1.7,0,0.0,"+  1.70  N  
","T: + 1.70 N
"
13:11:05.075,463.487,1.55,0,0.0,"+  1.55  N  
","T: + 1.50 N
"
13:11:05.325,463.738,1.5,0,0.0,"+  1.50  N  
","T: + 1.45 N
"
13:11:05.575,463.988,1.65,0,0.0,"+  1.65  N  
","T: + 1.55 N
"
13:11:05.826,464.239,1.45,0,0.0,"+  1.45  N  
","T: + 0.40 N
"
13:11:06.076,464.489,0.0,0,0.0,"+  0.00  N  
","T: + 0.00 N
"
13:11:06.326,464.739,0.0,0,0.0,"-  0.00  N  
","T: + 0.00 N
"
13:11:06.576,464.989,0.0,0,0.0,"+  0.00  N  
","T: + 0.00 N
"
13:11:06.827,465.239,0.0,0,0.0,"+  0.00  N  
","T: + 0.00 N
"
13:11:07.076,465.489,0.0,0,0.0,"+  0.00  N  
","T: + 0.00 N
"
13:11:07.327,465.74,0.0,0,0.0,"-  0.00  N  
","T: + 0.00 N
"
13:11:07.577,465.99,0.0,0,0.0,"+  0.00  N  
","T: + 0.00 N
"
13:11:07.827,466.24,0.0,0,0.0,"+  0.00  N  
","T: + 0.00 N
"
13:11:08.078,466.491,0.0,0,0.0,"-  0.00  N  
","C: - 0.00 N
"
13:11:08.328,466.741,0.25,0,0.0,"+  0.25  N  
","T: + 1.00 N
"
13:11:08.578,466.991,0.95,0,0.0,"+  0.95  N  
","T: + 1.00 N
"
13:11:08.828,467.241,0.9,0,0.0,"+  0.90  N  
","T: + 1.00 N
"
13:11:09.078,467.491,1.0,0,0.0,"+  1.00  N  
","T: + 1.00 N
"
13:11:09.328,467.741,0.9,0,0.0,"+  0.90  N  
","T: + 0.90 N
"
13:11:09.578,467.991,0.8,0,0.0,"+  0.80  N  
","T: + 0.90 N
"
13:11:09.829,468.242,0.85,0,0.0,"+  0.85  N  
","T: + 0.75 N
"
13:11:10.080,468.493,0.75,0,0.0,"+  0.75  N  
","T: + 0.70 N
"
13:11:10.329,468.742,0.7,0,0.0,"+  0.70  N  
","T: + 0.65 N
"
13:11:10.579,468.992,0.75,0,0.0,"+  0.75  N  
","T: + 0.60 N
"
13:11:10.829,469.242,0.4,0,0.0,"+  0.40  N  
","T: + 0.00 N
"
13:11:11.079,469.492,0.0,0,0.0,"+  0.00  N  
","C: - 0.00 N
"
13:11:11.329,469.742,0.0,0,0.0,"+  0.00  N  
","T: + 0.00 N
"
13:11:11.579,469.992,0.0,0,0.0,"-  0.00  N  
","T: + 0.00 N
"
13:11:11.829,470.242,0.0,0,0.0,"-  0.00  N  
","T: + 0.00 N
"
13:11:12.080,470.492,0.0,0,0.0,"+  0.00  N  
","T: + 0.00 N
"
13:11:12.330,470.742,0.0,0,0.0,"+  0.00  N  
","T: + 0.00 N
"
13:11:12.580,470.992,0.0,0,0.0,"+  0.00  N  
","T: + 0.00 N
"
13:11:12.830,471.242,0.0,0,0.0,"+  0.00  N  
","C: - 0.00 N
"
13:11:13.080,471.493,0.0,0,0.0,"+  0.00  N  
","C: - 0.00 N
"
13:11:13.330,471.743,0.0,0,0.0,"+  0.00  N  
","T: + 0.00 N
"
13:11:13.580,471.993,0.0,0,0.0,"+  0.00  N  
","T: + 0.00 N
"
13:11:13.831,472.243,0.0,0,0.0,"+  0.00  N  
","T: + 0.00 N
"
13:11:14.080,472.493,0.0,0,0.0,"+  0.00  N  
","T: + 0.00 N
"
13:11:14.331,472.743,0.0,0,0.0,"+  0.00  N  
","T: + 0.00 N
"
13:11:14.581,472.994,0.0,0,0.0,"+  0.00  N  
","T: + 0.00 N
"
13:11:14.831,473.244,0.0,0,0.0,"+  0.00  N  
","T: + 0.00 N
"
13:11:15.081,473.494,0.0,0,0.0,"-  0.00  N  
","C: - 0.00 N
"
13:11:15.331,473.744,0.0,0,0.0,"+  0.00  N  
","T: + 0.00 N
"
13:11:15.581,473.994,0.0,0,0.0,"+  0.00  N  
","C: - 0.00 N
"
13:11:15.831,474.244,0.0,0,0.0,"+  0.00  N  
","T: + 0.00 N
"
13:11:16.082,474.495,0.0,0,0.0,"+  0.00  N  
","T: + 0.00 N
"
13:11:16.332,474.745,0.0,0,0.0,"+  0.00  N  
","T: + 0.00 N
"
13:11:16.582,474.995,0.0,0,0.0,"+  0.00  N  
","T: + 0.00 N
"
13:11:16.833,475.245,0.0,0,0.0,"+  0.00  N  
","T: + 0.00 N
"
13:11:17.083,475.495,0.0,0,0.0,"+  0.00  N  
","T: + 0.00 N
"
13:11:17.333,475.746,0.0,0,0.0,"+  0.00  N  
","T: + 0.00 N
"
13:11:17.583,475.996,0.0,0,0.0,"+  0.00  N  
","T: + 0.00 N
"
13:11:17.834,476.247,0.0,0,0.0,"+  0.00  N  
","T: + 0.00 N
"
13:11:18.083,476.496,0.0,0,0.0,"+  0.00  N  
","T: + 0.20 N
"
13:11:18.334,476.746,0.6,0,0.0,"+  0.60  N  
","T: + 0.90 N
"
13:11:18.584,476.997,0.95,0,0.0,"+  0.95  N  
","T: + 1.15 N
"
13:11:18.834,477.247,1.35,0,0.0,"+  1.35  N  
","T: + 1.35 N
"
13:11:19.084,477.497,1.15,0,0.0,"+  1.15  N  
","T: + 1.25 N
"
13:11:19.335,477.747,1.2,0,0.0,"+  1.20  N  
","T: + 1.10 N
"
13:11:19.585,477.998,1.0,0,0.0,"+  1.00  N  
","T: + 1.00 N
"
13:11:19.835,478.248,1.0,0,0.0,"+  1.00  N  
","T: + 0.95 N
"
13:11:20.085,478.498,0.95,0,0.0,"+  0.95  N  
","T: + 0.90 N
"
13:11:20.336,478.749,0.95,0,0.0,"+  0.95  N  
","T: + 0.75 N
"
13:11:20.585,478.998,0.7,0,0.0,"+  0.70  N  
","T: + 0.75 N
"
13:11:20.835,479.248,0.0,0,0.0,"+  0.00  N  
","T: + 0.00 N
"
13:11:21.086,479.498,0.0,0,0.0,"+  0.00  N  
","T: + 0.00 N
"
13:11:21.336,479.748,0.0,0,0.0,"+  0.00  N  
","T: + 0.00 N
"
13:11:21.586,479.998,0.0,0,0.0,"+  0.00  N  
","T: + 0.00 N
"
13:11:21.836,480.249,0.0,0,0.0,"+  0.00  N  
","T: + 0.00 N
"
13:11:22.086,480.499,0.0,0,0.0,"+  0.00  N  
","T: + 0.00 N
"
13:11:22.336,480.749,0.0,0,0.0,"+  0.00  N  
","C: - 0.00 N
"
13:11:22.587,480.999,0.0,0,0.0,"+  0.00  N  
","T: + 0.00 N
"
13:11:22.837,481.249,0.0,0,0.0,"+  0.00  N  
","T: + 0.00 N
"
13:11:23.088,481.501,0.0,0,0.0,"+  0.00  N  
","T: + 0.00 N
"
13:11:23.337,481.75,0.0,0,0.0,"+  0.00  N  
","T: + 0.20 N
"
13:11:23.587,482.0,0.0,0,0.0,"+  0.00  N  
","T: + 0.00 N
"
13:11:23.838,482.25,0.2,0,0.0,"+  0.20  N  
","T: + 0.25 N
"
13:11:24.088,482.5,0.0,0,0.0,"+  0.00  N  
","T: + 0.00 N
"
13:11:24.338,482.751,0.0,0,0.0,"+  0.00  N  
","T: + 0.00 N
"
13:11:24.588,483.001,0.0,0,0.0,"+  0.00  N  
","T: + 0.20 N
"
13:11:24.838,483.251,0.3,0,0.0,"+  0.30  N  
","T: + 0.20 N
"
13:11:25.088,483.501,0.25,0,0.0,"+  0.25  N  
","T: + 0.30 N
"
13:11:25.339,483.751,0.4,0,0.0,"+  0.40  N  
","T: + 0.70 N
"
13:11:25.589,484.002,0.9,0,0.0,"+  0.90  N  
","T: + 1.00 N
"
13:11:25.839,484.252,1.1,0,0.0,"+  1.10  N  
","T: + 1.00 N
"
13:11:26.089,484.502,0.95,0,0.0,"+  0.95  N  
","T: + 1.00 N
"
13:11:26.339,484.752,0.95,0,0.0,"+  0.95  N  
","T: + 0.95 N
"
13:11:26.590,485.003,0.9,0,0.0,"+  0.90  N  
","T: + 1.00 N
"
13:11:26.839,485.252,0.85,0,0.0,"+  0.85  N  
","T: + 0.85 N
"
13:11:27.089,485.502,0.7,0,0.0,"+  0.70  N  
","T: + 0.60 N
"
13:11:27.339,485.752,0.3,0,0.0,"+  0.30  N  
","T: + 0.00 N
"
13:11:27.589,486.002,0.0,0,0.0,"-  0.00  N  
","T: + 0.00 N
"
13:11:27.839,486.252,0.0,0,0.0,"+  0.00  N  
","T: + 0.00 N
"
13:11:28.089,486.502,0.0,0,0.0,"+  0.00  N  
","T: + 0.00 N
"
13:11:28.340,486.752,0.0,0,0.0,"+  0.00  N  
","C: - 0.00 N
"
13:11:28.590,487.003,0.0,0,0.0,"+  0.00  N  
","T: + 0.00 N
"
13:11:28.840,487.253,0.0,0,0.0,"+  0.00  N  
","T: + 0.00 N
"
13:11:29.090,487.503,0.0,0,0.0,"+  0.00  N  
","T: + 0.00 N
"
13:11:29.340,487.753,0.0,0,0.0,"+  0.00  N  
","T: + 0.00 N
"
13:11:29.590,488.003,0.0,0,0.0,"+  0.00  N  
","T: + 0.00 N
"
13:11:29.840,488.253,0.0,0,0.0,"+  0.00  N  
","T: + 0.00 N
"
13:11:30.090,488.503,0.0,0,0.0,"+  0.00  N  
","T: + 0.00 N
"
13:11:30.341,488.753,0.0,0,0.0,"+  0.00  N  
","T: + 0.00 N
"
13:11:30.591,489.003,0.0,0,0.0,"+  0.00  N  
","T: + 0.00 N
"
13:11:30.841,489.254,0.0,0,0.0,"+  0.00  N  
","T: + 0.00 N
"
13:11:31.091,489.504,0.0,0,0.0,"+  0.00  N  
","T: + 0.20 N
"
13:11:31.341,489.754,0.35,0,0.0,"+  0.35  N  
","T: + 0.35 N
"
13:11:31.591,490.004,0.25,0,0.0,"+  0.25  N  
","T: + 0.25 N
"
13:11:31.841,490.254,0.2,0,0.0,"+  0.20  N  
","T: + 0.20 N
"
13:11:32.093,490.506,0.2,0,0.0,"+  0.20  N  
","T: + 0.20 N
"
13:11:32.342,490.755,0.0,0,0.0,"+  0.00  N  
","T: + 0.00 N
"
13:11:32.593,491.005,0.0,0,0.0,"+  0.00  N  
","T: + 0.00 N
"
13:11:32.843,491.256,0.0,0,0.0,"+  0.00  N  
","T: + 0.00 N
"
13:11:33.094,491.507,0.0,0,0.0,"+  0.00  N  
","C: - 0.00 N
"
13:11:33.343,491.756,0.0,0,0.0,"+  0.00  N  
","T: + 0.00 N
"
13:11:33.593,492.006,0.0,0,0.0,"+  0.00  N  
","T: + 0.00 N
"
13:11:33.843,492.256,0.0,0,0.0,"+  0.00  N  
","T: + 0.00 N
"
13:11:34.094,492.506,0.0,0,0.0,"+  0.00  N  
","C: - 0.00 N
"
13:11:34.344,492.756,0.0,0,0.0,"+  0.00  N  
","T: + 0.00 N
"
13:11:34.594,493.007,0.0,0,0.0,"+  0.00  N  
","C: - 0.00 N
"
13:11:34.844,493.257,0.0,0,0.0,"+  0.00  N  
","T: + 0.00 N
"
13:11:35.094,493.507,0.0,0,0.0,"+  0.00  N  
","T: + 0.00 N
"
13:11:35.344,493.757,0.0,0,0.0,"+  0.00  N  
","T: + 0.00 N
"
13:11:35.595,494.007,0.0,0,0.0,"-  0.00  N  
","T: + 0.00 N
"
13:11:35.845,494.257,0.0,0,0.0,"+  0.00  N  
","T: + 0.00 N
"
13:11:36.095,494.508,0.0,0,0.0,"+  0.00  N  
","T: + 0.00 N
"
13:11:36.345,494.758,0.0,0,0.0,"+  0.00  N  
","T: + 0.00 N
"
13:11:36.595,495.008,0.0,0,0.0,"+  0.00  N  
","T: + 0.00 N
"
13:11:36.846,495.258,0.0,0,0.0,"+  0.00  N  
","T: + 0.00 N
"
13:11:37.096,495.508,0.0,0,0.0,"+  0.00  N  
","T: + 0.00 N
"
13:11:37.348,495.761,0.0,0,0.0,"+  0.00  N  
","C: - 0.00 N
"
13:11:37.596,496.009,0.0,0,0.0,"+  0.00  N  
","T: + 0.00 N
"
13:11:37.846,496.259,0.0,0,0.0,"+  0.00  N  
","T: + 0.00 N
"
13:11:38.096,496.509,0.0,0,0.0,"+  0.00  N  
","T: + 0.00 N
"
13:11:38.347,496.76,0.0,0,0.0,"+  0.00  N  
","T: + 0.00 N
"
13:11:38.597,497.01,0.0,0,0.0,"+  0.00  N  
","T: + 0.00 N
"
13:11:38.847,497.259,0.0,0,0.0,"+  0.00  N  
","C: - 0.00 N
"
13:11:39.097,497.51,0.0,0,0.0,"+  0.00  N  
","T: + 0.00 N
"
13:11:39.347,497.76,0.0,0,0.0,"+  0.00  N  
","T: + 0.00 N
"
13:11:39.597,498.01,0.0,0,0.0,"-  0.00  N  
","T: + 0.00 N
"
13:11:39.848,498.261,0.0,0,0.0,"+  0.00  N  
","T: + 0.00 N
"
13:11:40.098,498.511,0.0,0,0.0,"+  0.00  N  
","T: + 0.00 N
"
13:11:40.348,498.761,0.0,0,0.0,"+  0.00  N  
","T: + 0.00 N
"
13:11:40.598,499.011,0.0,0,0.0,"+  0.00  N  
","T: + 0.00 N
"
13:11:40.848,499.261,0.0,0,0.0,"+  0.00  N  
","T: + 0.00 N
"
13:11:41.099,499.511,0.0,0,0.0,"+  0.00  N  
","T: + 0.00 N
"
13:11:41.348,499.761,0.0,0,0.0,"+  0.00  N  
","T: + 0.00 N
"
13:11:41.601,500.013,0.0,0,0.0,"+  0.00  N  
","T: + 0.00 N
"
13:11:41.849,500.262,0.0,0,0.0,"+  0.00  N  
","T: + 0.00 N
"
13:11:42.100,500.512,0.0,0,0.0,"+  0.00  N  
","T: + 0.00 N
"
13:11:42.349,500.762,0.0,0,0.0,"-  0.00  N  
","T: + 0.00 N
"
13:11:42.600,501.013,0.0,0,0.0,"+  0.00  N  
","T: + 0.00 N
"
13:11:42.850,501.263,0.0,0,0.0,"+  0.00  N  
","T: + 0.00 N
"
13:11:43.100,501.513,0.0,0,0.0,"+  0.00  N  
","T: + 0.00 N
"
13:11:43.350,501.763,0.0,0,0.0,"+  0.00  N  
","C: - 0.00 N
"
13:11:43.600,502.013,0.0,0,0.0,"+  0.00  N  
","T: + 0.00 N
"
13:11:43.850,502.263,0.0,0,0.0,"+  0.00  N  
","T: + 0.00 N
"
13:11:44.101,502.513,0.0,0,0.0,"+  0.00  N  
","T: + 0.00 N
"
13:11:44.351,502.763,0.0,0,0.0,"-  0.00  N  
","T: + 0.00 N
"
13:11:44.601,503.014,0.0,0,0.0,"+  0.00  N  
","T: + 0.00 N
"
13:11:44.851,503.264,0.0,0,0.0,"-  0.00  N  
","T: + 0.00 N
"
13:11:45.101,503.514,0.0,0,0.0,"+  0.00  N  
","T: + 0.00 N
"
13:11:45.351,503.764,0.0,0,0.0,"+  0.00  N  
","T: + 0.00 N
"
13:11:45.602,504.015,0.0,0,0.0,"+  0.00  N  
","T: + 0.00 N
"
13:11:45.852,504.264,0.0,0,0.0,"+  0.00  N  
","T: + 0.00 N
"
13:11:46.102,504.515,0.0,0,0.0,"+  0.00  N  
","T: + 0.00 N
"
13:11:46.354,504.766,0.0,0,0.0,"+  0.00  N  
","T: + 0.00 N
"
13:11:46.602,505.015,0.0,0,0.0,"+  0.00  N  
","T: + 0.00 N
"
13:11:46.853,505.265,0.0,0,0.0,"+  0.00  N  
","T: + 0.00 N
"
13:11:47.102,505.515,0.0,0,0.0,"+  0.00  N  
","T: + 0.00 N
"
13:11:47.353,505.766,0.0,0,0.0,"+  0.00  N  
","T: + 0.00 N
"
13:11:47.603,506.016,0.0,0,0.0,"+  0.00  N  
","T: + 0.00 N
"
13:11:47.853,506.266,0.0,0,0.0,"+  0.00  N  
","T: + 0.00 N
"
13:11:48.103,506.516,0.0,0,0.0,"+  0.00  N  
","T: + 0.00 N
"
13:11:48.353,506.766,0.0,0,0.0,"+  0.00  N  
","T: + 0.00 N
"
13:11:48.604,507.017,0.0,0,0.0,"+  0.00  N  
","T: + 0.00 N
"
13:11:48.854,507.266,0.0,0,0.0,"+  0.00  N  
","T: + 0.00 N
"
13:11:49.104,507.517,0.0,0,0.0,"+  0.00  N  
","T: + 0.00 N
"
13:11:49.355,507.767,0.0,0,0.0,"+  0.00  N  
","T: + 0.00 N
"
13:11:49.604,508.017,0.0,0,0.0,"+  0.00  N  
","T: + 0.00 N
"
13:11:49.854,508.267,0.0,0,0.0,"-  0.00  N  
","T: + 0.00 N
"
13:11:50.104,508.517,0.0,0,0.0,"+  0.00  N  
","T: + 0.00 N
"
13:11:50.355,508.768,0.0,0,0.0,"+  0.00  N  
","T: + 0.00 N
"
13:11:50.605,509.018,0.0,0,0.0,"+  0.00  N  
","T: + 0.00 N
"
13:11:50.855,509.268,0.0,0,0.0,"+  0.00  N  
","T: + 0.00 N
"
13:11:51.105,509.518,0.0,0,0.0,"+  0.00  N  
","T: + 0.00 N
"
13:11:51.355,509.768,0.0,0,0.0,"+  0.00  N  
","T: + 0.00 N
"
13:11:51.606,510.018,0.0,0,0.0,"+  0.00  N  
","T: + 0.00 N
"
13:11:51.856,510.268,0.0,0,0.0,"+  0.00  N  
","T: + 0.00 N
"
13:11:52.106,510.519,0.0,0,0.0,"+  0.00  N  
","T: + 0.00 N
"
13:11:52.356,510.769,0.0,0,0.0,"+  0.00  N  
","C: - 0.00 N
"
13:11:52.606,511.019,0.0,0,0.0,"+  0.00  N  
","T: + 0.00 N
"
13:11:52.856,511.269,0.0,0,0.0,"+  0.00  N  
","T: + 0.00 N
"
13:11:53.106,511.519,0.0,0,0.0,"+  0.00  N  
","T: + 0.00 N
"
13:11:53.356,511.769,0.0,0,0.0,"+  0.00  N  
","T: + 0.00 N
"
13:11:53.606,512.019,0.0,0,0.0,"+  0.00  N  
","T: + 0.00 N
"
13:11:53.856,512.269,0.0,0,0.0,"+  0.00  N  
","T: + 0.00 N
"
13:11:54.106,512.519,0.0,0,0.0,"+  0.00  N  
","T: + 0.00 N
"
13:11:54.356,512.769,0.0,0,0.0,"+  0.00  N  
","T: + 0.00 N
"
13:11:54.607,513.019,0.0,0,0.0,"+  0.00  N  
","T: + 0.00 N
"
13:11:54.857,513.269,0.0,0,0.0,"+  0.00  N  
","T: + 0.00 N
"
13:11:55.107,513.52,0.0,0,0.0,"+  0.00  N  
","T: + 0.00 N
"
13:11:55.357,513.77,0.0,0,0.0,"+  0.00  N  
","T: + 0.00 N
"
13:11:55.607,514.02,0.0,0,0.0,"+  0.00  N  
","T: + 0.00 N
"
13:11:55.857,514.27,0.0,0,0.0,"+  0.00  N  
","T: + 0.00 N
"
13:11:56.107,514.52,0.0,0,0.0,"+  0.00  N  
","T: + 0.00 N
"
13:11:56.358,514.77,0.0,0,0.0,"+  0.00  N  
","C: - 0.00 N
"
13:11:56.608,515.02,0.0,0,0.0,"+  0.00  N  
","T: + 0.00 N
"
13:11:56.858,515.27,0.0,0,0.0,"+  0.00  N  
","T: + 0.00 N
"
13:11:57.108,515.521,0.0,0,0.0,"+  0.00  N  
","T: + 0.00 N
"
13:11:57.358,515.771,0.0,0,0.0,"+  0.00  N  
","T: + 0.00 N
"
13:11:57.608,516.021,0.0,0,0.0,"+  0.00  N  
","T: + 0.00 N
"
13:11:57.858,516.271,0.0,0,0.0,"+  0.00  N  
","T: + 0.00 N
"
13:11:58.108,516.521,0.0,0,0.0,"+  0.00  N  
","T: + 0.00 N
"
13:11:58.359,516.772,0.0,0,0.0,"+  0.00  N  
","T: + 0.00 N
"
13:11:58.609,517.021,0.0,0,0.0,"+  0.00  N  
","T: + 0.00 N
"
13:11:58.859,517.271,0.0,0,0.0,"+  0.00  N  
","T: + 0.00 N
"
13:11:59.109,517.522,0.0,0,0.0,"+  0.00  N  
","T: + 0.00 N
"
13:11:59.359,517.772,0.0,0,0.0,"+  0.00  N  
","T: + 0.00 N
"
13:11:59.609,518.022,0.0,0,0.0,"+  0.00  N  
","T: + 0.00 N
"
13:11:59.859,518.272,0.0,0,0.0,"+  0.00  N  
","T: + 0.00 N
"
13:12:00.109,518.522,0.0,0,0.0,"+  0.00  N  
","T: + 0.20 N
"
13:12:00.359,518.772,0.0,0,0.0,"+  0.00  N  
","T: + 0.00 N
"
13:12:00.610,519.022,0.0,0,0.0,"+  0.00  N  
","T: + 0.00 N
"
13:12:00.860,519.272,0.0,0,0.0,"+  0.00  N  
","T: + 0.00 N
"
13:12:01.110,519.522,0.0,0,0.0,"+  0.00  N  
","T: + 0.00 N
"
13:12:01.360,519.773,0.0,0,0.0,"+  0.00  N  
","T: + 0.00 N
"
13:12:01.610,520.023,0.0,0,0.0,"+  0.00  N  
","T: + 0.00 N
"
13:12:01.860,520.273,0.0,0,0.0,"+  0.00  N  
","T: + 0.00 N
"
13:12:02.110,520.523,0.0,0,0.0,"+  0.00  N  
","T: + 0.00 N
"
13:12:02.360,520.773,0.0,0,0.0,"+  0.00  N  
","T: + 0.00 N
"
13:12:02.611,521.023,0.0,0,0.0,"+  0.00  N  
","T: + 0.00 N
"
13:12:02.861,521.273,0.0,0,0.0,"+  0.00  N  
","T: + 0.00 N
"
13:12:03.111,521.524,0.0,0,0.0,"+  0.00  N  
","T: + 0.00 N
"
13:12:03.361,521.774,0.0,0,0.0,"+  0.00  N  
","T: + 0.00 N
"
13:12:03.612,522.025,0.0,0,0.0,"+  0.00  N  
","T: + 0.00 N
"
13:12:03.862,522.275,0.0,0,0.0,"+  0.00  N  
","T: + 0.00 N
"
13:12:04.112,522.525,0.0,0,0.0,"+  0.00  N  
","T: + 0.00 N
"
13:12:04.362,522.775,0.0,0,0.0,"+  0.00  N  
","T: + 0.00 N
"
13:12:04.613,523.025,0.0,0,0.0,"+  0.00  N  
","T: + 0.00 N
"
13:12:04.863,523.276,0.0,0,0.0,"+  0.00  N  
","T: + 0.00 N
"
13:12:05.114,523.527,0.0,0,0.0,"+  0.00  N  
","T: + 0.00 N
"
13:12:05.363,523.776,0.0,0,0.0,"+  0.00  N  
","T: + 0.00 N
"
13:12:05.613,524.026,0.0,0,0.0,"+  0.00  N  
","T: + 0.00 N
"
13:12:05.863,524.276,0.0,0,0.0,"+  0.00  N  
","T: + 0.00 N
"
13:12:06.114,524.526,0.0,0,0.0,"+  0.00  N  
","T: + 0.00 N
"
13:12:06.364,524.776,0.0,0,0.0,"+  0.00  N  
","T: + 0.00 N
"
13:12:06.614,525.026,0.0,0,0.0,"+  0.00  N  
","T: + 0.00 N
"
13:12:06.864,525.277,0.0,0,0.0,"+  0.00  N  
","T: + 0.00 N
"
13:12:07.114,525.527,0.0,0,0.0,"+  0.00  N  
","T: + 0.00 N
"
13:12:07.364,525.777,0.0,0,0.0,"+  0.00  N  
","T: + 0.00 N
"
13:12:07.615,526.027,0.0,0,0.0,"+  0.00  N  
","T: + 0.00 N
"
13:12:07.865,526.277,0.0,0,0.0,"+  0.00  N  
","T: + 0.00 N
"
13:12:08.115,526.528,0.0,0,0.0,"+  0.00  N  
","T: + 0.00 N
"
13:12:08.365,526.778,0.0,0,0.0,"+  0.00  N  
","T: + 0.00 N
"
13:12:08.615,527.028,0.0,0,0.0,"+  0.00  N  
","T: + 0.00 N
"
13:12:08.866,527.278,0.0,0,0.0,"+  0.00  N  
","T: + 0.00 N
"
13:12:09.115,527.527,0.0,0,0.0,"+  0.00  N  
","T: + 0.00 N
"
13:12:09.365,527.778,0.0,0,0.0,"+  0.00  N  
","T: + 0.00 N
"
13:12:09.615,528.028,0.0,0,0.0,"+  0.00  N  
","T: + 0.00 N
"
13:12:09.865,528.278,0.0,0,0.0,"+  0.00  N  
","T: + 0.00 N
"
13:12:10.115,528.528,0.0,0,0.0,"+  0.00  N  
","T: + 0.00 N
"
13:12:10.366,528.778,0.0,0,0.0,"+  0.00  N  
","T: + 0.00 N
"
13:12:10.615,529.028,0.0,0,0.0,"+  0.00  N  
","T: + 0.00 N
"
13:12:10.866,529.279,0.0,0,0.0,"+  0.00  N  
","C: - 0.00 N
"
13:12:11.116,529.528,0.0,0,0.0,"+  0.00  N  
","T: + 0.00 N
"
13:12:11.366,529.778,0.0,0,0.0,"+  0.00  N  
","T: + 0.00 N
"
13:12:11.616,530.029,0.0,0,0.0,"+  0.00  N  
","T: + 0.00 N
"
13:12:11.866,530.279,0.0,0,0.0,"+  0.00  N  
","T: + 0.00 N
"
13:12:12.116,530.529,0.0,0,0.0,"+  0.00  N  
","T: + 0.00 N
"
13:12:12.366,530.779,0.0,0,0.0,"+  0.00  N  
","T: + 0.00 N
"
13:12:12.617,531.03,0.0,0,0.0,"+  0.00  N  
","T: + 0.00 N
"
13:12:12.867,531.279,0.0,0,0.0,"+  0.00  N  
","C: - 0.00 N
"
13:12:13.117,531.529,0.0,0,0.0,"+  0.00  N  
","T: + 0.00 N
"
13:12:13.367,531.779,0.0,0,0.0,"+  0.00  N  
","T: + 0.00 N
"
13:12:13.617,532.03,0.0,0,0.0,"+  0.00  N  
","T: + 0.00 N
"
13:12:13.867,532.28,0.0,0,0.0,"+  0.00  N  
","T: + 0.00 N
"
13:12:14.118,532.531,0.0,0,0.0,"+  0.00  N  
","T: + 0.25 N
"
13:12:14.368,532.781,0.4,0,0.0,"+  0.40  N  
","T: + 0.45 N
"
13:12:14.618,533.031,0.45,0,0.0,"+  0.45  N  
","T: + 0.60 N
"
13:12:14.869,533.281,0.55,0,0.0,"+  0.55  N  
","T: + 0.60 N
"
13:12:15.119,533.531,0.75,0,0.0,"+  0.75  N  
","T: + 0.95 N
"
13:12:15.369,533.782,0.95,0,0.0,"+  0.95  N  
","T: + 0.90 N
"
13:12:15.619,534.032,1.0,0,0.0,"+  1.00  N  
","T: + 1.10 N
"
13:12:15.869,534.282,1.1,0,0.0,"+  1.10  N  
","T: + 1.05 N
"
13:12:16.119,534.532,1.15,0,0.0,"+  1.15  N  
","T: + 1.15 N
"
13:12:16.370,534.782,1.2,0,0.0,"+  1.20  N  
","T: + 1.25 N
"
13:12:16.620,535.033,1.2,0,0.0,"+  1.20  N  
","T: + 1.25 N
"
13:12:16.870,535.282,1.25,29,6.96,"+  1.25  N  
","T: + 1.25 N
"
13:12:17.120,535.533,1.75,538,129.12,"+  1.75  N  
","T: + 3.50 N
"
13:12:17.370,535.783,6.7,976,234.24,"+  6.70  N  
","T: + 7.90 N
"
13:12:17.621,536.033,8.1,982,235.68,"+  8.10  N  
","T: + 8.60 N
"
13:12:17.871,536.283,7.75,1017,244.08,"+  7.75  N  
","T: + 8.70 N
"
13:12:18.121,536.533,8.35,979,234.96,"+  8.35  N  
","T: + 8.90 N
"
13:12:18.371,536.784,8.45,994,238.56,"+  8.45  N  
","T: + 8.65 N
"
13:12:18.621,537.034,8.85,985,236.4,"+  8.85  N  
","T: + 8.70 N
"
13:12:18.871,537.284,8.8,1012,242.88,"+  8.80  N  
","T: + 9.30 N
"
13:12:19.121,537.534,11.6,1357,325.68,"+ 11.60  N  
","T: + 13.05 N
"
13:12:19.374,537.786,14.5,1477,354.48,"+ 14.50  N  
","T: + 14.80 N
"
13:12:19.622,538.034,14.95,1434,344.16,"+ 14.95  N  
","T: + 15.10 N
"
13:12:19.872,538.285,14.9,1479,354.96,"+ 14.90  N  
","T: + 15.45 N
"
13:12:20.122,538.535,14.45,1440,345.6,"+ 14.45  N  
","T: + 14.80 N
"
13:12:20.372,538.785,14.65,1474,353.76,"+ 14.65  N  
","T: + 14.20 N
"
13:12:20.622,539.035,14.8,1449,347.76,"+ 14.80  N  
","T: + 14.90 N
"
13:12:20.872,539.285,14.65,1489,357.36,"+ 14.65  N  
","T: + 14.25 N
"
13:12:21.123,539.535,15.45,1436,344.64,"+ 15.45  N  
","T: + 14.60 N
"
13:12:21.373,539.786,14.75,1472,353.28,"+ 14.75  N  
","T: + 14.30 N
"
13:12:21.623,540.036,14.5,1453,348.72,"+ 14.50  N  
","T: + 14.90 N
"
13:12:21.874,540.286,14.55,1455,349.2,"+ 14.55  N  
","T: + 14.55 N
"
13:12:22.124,540.536,14.5,1457,349.68,"+ 14.50  N  
","T: + 14.85 N
"
13:12:22.375,540.788,14.65,1455,349.2,"+ 14.65  N  
","T: + 14.95 N
"
13:12:22.624,541.037,14.45,1468,352.32,"+ 14.45  N  
","T: + 15.10 N
"
13:12:22.874,541.287,15.05,1439,345.36,"+ 15.05  N  
","T: + 14.85 N
"
13:12:23.124,541.537,14.4,1476,354.24,"+ 14.40  N  
","T: + 14.45 N
"
13:12:23.374,541.787,14.55,1450,348.0,"+ 14.55  N  
","T: + 14.50 N
"
13:12:23.625,542.038,15.0,1472,353.28,"+ 15.00  N  
","T: + 14.35 N
"
13:12:23.874,542.287,15.3,1438,345.12,"+ 15.30  N  
","T: + 14.25 N
"
13:12:24.125,542.538,14.05,1465,351.6,"+ 14.05  N  
","T: + 14.95 N
"
13:12:24.375,542.788,14.75,1449,347.76,"+ 14.75  N  
","T: + 14.75 N
"
13:12:24.625,543.038,14.9,1449,347.76,"+ 14.90  N  
","T: + 14.80 N
"
13:12:24.875,543.287,14.55,1450,348.0,"+ 14.55  N  
","T: + 14.45 N
"
13:12:25.125,543.537,14.2,1441,345.84,"+ 14.20  N  
","T: + 13.70 N
"
13:12:25.375,543.788,14.9,1472,353.28,"+ 14.90  N  
","T: + 14.50 N
"
13:12:25.625,544.038,15.35,1433,343.92,"+ 15.35  N  
","T: + 14.85 N
"
13:12:25.875,544.288,14.0,1463,351.12,"+ 14.00  N  
","T: + 14.55 N
"
13:12:26.125,544.538,15.15,1449,347.76,"+ 15.15  N  
","T: + 14.20 N
"
13:12:26.375,544.788,14.65,1447,347.28,"+ 14.65  N  
","T: + 14.60 N
"
13:12:26.626,545.038,13.85,1445,346.8,"+ 13.85  N  
","T: + 14.55 N
"
13:12:26.876,545.288,14.0,1541,369.84,"+ 14.00  N  
","T: + 15.05 N
"
13:12:27.126,545.539,17.05,1590,381.6,"+ 17.05  N  
","T: + 15.80 N
"
13:12:27.376,545.788,16.85,1619,388.56,"+ 16.85  N  
","T: + 16.80 N
"
13:12:27.626,546.039,17.2,1611,386.64,"+ 17.20  N  
","T: + 16.60 N
"
13:12:27.876,546.289,15.45,1604,384.96,"+ 15.45  N  
","T: + 16.00 N
"
13:12:28.126,546.539,17.25,1625,390.0,"+ 17.25  N  
","T: + 16.35 N
"
13:12:28.376,546.789,17.2,1588,381.12,"+ 17.20  N  
","T: + 16.55 N
"
13:12:28.627,547.04,16.4,1616,387.84,"+ 16.40  N  
","T: + 16.60 N
"
13:12:28.877,547.289,17.15,1614,387.36,"+ 17.15  N  
","T: + 17.40 N
"
13:12:29.127,547.539,16.1,1589,381.36,"+ 16.10  N  
","T: + 16.80 N
"
13:12:29.377,547.79,17.45,1619,388.56,"+ 17.45  N  
","T: + 17.20 N
"
13:12:29.627,548.04,16.85,1589,381.36,"+ 16.85  N  
","T: + 16.65 N
"
13:12:29.878,548.291,17.0,1631,391.44,"+ 17.00  N  
","T: + 16.90 N
"
13:12:30.128,548.541,16.55,1612,386.88,"+ 16.55  N  
","T: + 17.50 N
"
13:12:30.379,548.792,17.3,1601,384.24,"+ 17.30  N  
","T: + 17.05 N
"
13:12:30.628,549.041,17.05,1602,384.48,"+ 17.05  N  
","T: + 17.05 N
"
13:12:30.879,549.291,17.0,1597,383.28,"+ 17.00  N  
","T: + 17.30 N
"
13:12:31.129,549.541,16.25,1602,384.48,"+ 16.25  N  
","T: + 17.45 N
"
13:12:31.379,549.791,16.75,1623,389.52,"+ 16.75  N  
","T: + 17.05 N
"
13:12:31.629,550.042,16.9,1571,377.04,"+ 16.90  N  
","T: + 16.15 N
"
13:12:31.879,550.292,17.0,1632,391.68,"+ 17.00  N  
","T: + 16.75 N
"
13:12:32.129,550.542,17.9,1571,377.04,"+ 17.90  N  
","T: + 16.85 N
"
13:12:32.379,550.791,17.05,1626,390.24,"+ 17.05  N  
","T: + 16.20 N
"
13:12:32.629,551.041,17.15,1612,386.88,"+ 17.15  N  
","T: + 16.65 N
"
13:12:32.879,551.292,16.4,1587,380.88,"+ 16.40  N  
","T: + 17.25 N
"
13:12:33.129,551.542,16.35,1607,385.68,"+ 16.35  N  
","T: + 16.95 N
"
13:12:33.379,551.792,17.05,1595,382.8,"+ 17.05  N  
","T: + 16.45 N
"
13:12:33.629,552.042,16.55,1600,384.0,"+ 16.55  N  
","T: + 16.80 N
"
13:12:33.879,552.292,17.2,1615,387.6,"+ 17.20  N  
","T: + 16.60 N
"
13:12:34.129,552.542,16.5,1590,381.6,"+ 16.50  N  
","T: + 16.95 N
"
13:12:34.380,552.792,16.2,1611,386.64,"+ 16.20  N  
","T: + 16.90 N
"
13:12:34.630,553.042,17.0,1587,380.88,"+ 17.00  N  
","T: + 16.55 N
"
13:12:34.880,553.293,16.35,1658,397.92,"+ 16.35  N  
","T: + 17.00 N
"
13:12:35.130,553.543,18.0,1715,411.6,"+ 18.00  N  
","T: + 18.35 N
"
13:12:35.380,553.793,18.1,1718,412.32,"+ 18.10  N  
","T: + 18.15 N
"
13:12:35.630,554.043,17.85,1699,407.76,"+ 17.85  N  
","T: + 17.05 N
"
13:12:35.880,554.293,18.45,1713,411.12,"+ 18.45  N  
","T: + 18.15 N
"
13:12:36.131,554.543,18.4,1709,410.16,"+ 18.40  N  
","T: + 17.45 N
"
13:12:36.380,554.793,18.35,1684,404.16,"+ 18.35  N  
","T: + 17.40 N
"
13:12:36.631,555.043,17.75,1713,411.12,"+ 17.75  N  
","T: + 17.65 N
"
13:12:36.881,555.294,18.05,1732,415.68,"+ 18.05  N  
","T: + 17.45 N
"
13:12:37.131,555.544,17.7,1686,404.64,"+ 17.70  N  
","T: + 17.30 N
"
13:12:37.382,555.795,17.6,1718,412.32,"+ 17.60  N  
","T: + 16.40 N
"
13:12:37.632,556.045,17.7,1712,410.88,"+ 17.70  N  
","T: + 17.55 N
"
13:12:37.882,556.295,17.65,1709,410.16,"+ 17.65  N  
","T: + 17.70 N
"
13:12:38.132,556.545,17.6,1691,405.84,"+ 17.60  N  
","T: + 16.40 N
"
13:12:38.383,556.796,17.6,1730,415.2,"+ 17.60  N  
","T: + 16.95 N
"
13:12:38.634,557.046,17.9,1707,409.68,"+ 17.90  N  
","T: + 17.60 N
"
13:12:38.883,557.296,17.4,1698,407.52,"+ 17.40  N  
","T: + 17.25 N
"
13:12:39.133,557.546,16.8,1688,405.12,"+ 16.80  N  
","T: + 17.30 N
"
13:12:39.383,557.796,17.9,1728,414.72,"+ 17.90  N  
","T: + 17.50 N
"
13:12:39.634,558.047,17.0,1689,405.36,"+ 17.00  N  
","T: + 17.30 N
"
13:12:39.884,558.296,17.95,1709,410.16,"+ 17.95  N  
","T: + 17.05 N
"
13:12:40.134,558.547,17.75,1701,408.24,"+ 17.75  N  
","T: + 17.45 N
"
13:12:40.384,558.797,17.65,1717,412.08,"+ 17.65  N  
","T: + 17.70 N
"
13:12:40.634,559.047,17.2,1664,399.36,"+ 17.20  N  
","T: + 17.95 N
"
13:12:40.885,559.298,17.0,1736,416.64,"+ 17.00  N  
","T: + 17.10 N
"
13:12:41.134,559.547,18.25,1707,409.68,"+ 18.25  N  
","T: + 17.10 N
"
13:12:41.385,559.797,16.4,1701,408.24,"+ 16.40  N  
","T: + 16.80 N
"
13:12:41.635,560.047,17.85,1679,402.96,"+ 17.85  N  
","T: + 16.80 N
"
13:12:41.885,560.298,16.95,1729,414.96,"+ 16.95  N  
","T: + 16.05 N
"
13:12:42.136,560.548,17.95,1704,408.96,"+ 17.95  N  
","T: + 17.00 N
"
13:12:42.386,560.798,17.35,1697,407.28,"+ 17.35  N  
","T: + 16.55 N
"
13:12:42.635,561.048,17.0,1714,411.36,"+ 17.00  N  
","T: + 17.45 N
"
13:12:42.885,561.298,17.4,1742,418.08,"+ 17.40  N  
","T: + 17.65 N
"
13:12:43.137,561.549,17.85,1786,428.64,"+ 17.85  N  
","T: + 17.95 N
"
13:12:43.386,561.798,18.2,1776,426.24,"+ 18.20  N  
","T: + 18.00 N
"
13:12:43.636,562.049,17.95,1796,431.04,"+ 17.95  N  
","T: + 18.25 N
"
13:12:43.886,562.299,18.15,1802,432.48,"+ 18.15  N  
","T: + 17.85 N
"
13:12:44.136,562.549,18.15,1812,434.88,"+ 18.15  N  
","T: + 17.65 N
"
13:12:44.387,562.8,18.15,1793,430.32,"+ 18.15  N  
","T: + 17.45 N
"
13:12:44.637,563.05,17.8,1791,429.84,"+ 17.80  N  
","T: + 17.25 N
"
13:12:44.887,563.3,17.55,1787,428.88,"+ 17.55  N  
","T: + 17.70 N
"
13:12:45.137,563.549,17.8,1812,434.88,"+ 17.80  N  
","T: + 17.30 N
"
13:12:45.387,563.8,17.25,1797,431.28,"+ 17.25  N  
","T: + 17.70 N
"
13:12:45.638,564.051,18.0,1807,433.68,"+ 18.00  N  
","T: + 17.85 N
"
13:12:45.887,564.3,17.7,1754,420.96,"+ 17.70  N  
","T: + 17.90 N
"
13:12:46.137,564.55,17.65,1812,434.88,"+ 17.65  N  
","T: + 17.75 N
"
13:12:46.387,564.8,18.25,1781,427.44,"+ 18.25  N  
","T: + 17.80 N
"
13:12:46.637,565.05,17.65,1798,431.52,"+ 17.65  N  
","T: + 17.80 N
"
13:12:46.887,565.3,17.65,1770,424.8,"+ 17.65  N  
","T: + 17.75 N
"
13:12:47.137,565.55,17.6,1788,429.12,"+ 17.60  N  
","T: + 17.65 N
"
13:12:47.387,565.8,17.6,1789,429.36,"+ 17.60  N  
","T: + 17.45 N
"
13:12:47.638,566.05,17.25,1799,431.76,"+ 17.25  N  
","T: + 17.85 N
"
13:12:47.888,566.3,17.4,1788,429.12,"+ 17.40  N  
","T: + 17.50 N
"
13:12:48.138,566.55,17.05,1754,420.96,"+ 17.05  N  
","T: + 17.45 N
"
13:12:48.388,566.801,17.6,1791,429.84,"+ 17.60  N  
","T: + 17.75 N
"
13:12:48.638,567.051,17.65,1784,428.16,"+ 17.65  N  
","T: + 17.55 N
"
13:12:48.888,567.301,17.35,1867,448.08,"+ 17.35  N  
","T: + 17.50 N
"
13:12:49.139,567.551,17.55,1754,420.96,"+ 17.55  N  
","T: + 17.60 N
"
13:12:49.389,567.801,16.95,1840,441.6,"+ 16.95  N  
","T: + 17.40 N
"
13:12:49.639,568.051,17.4,1825,438.0,"+ 17.40  N  
","T: + 17.10 N
"
13:12:49.889,568.301,17.0,1841,441.84,"+ 17.00  N  
","T: + 17.30 N
"
13:12:50.139,568.552,17.85,1786,428.64,"+ 17.85  N  
","T: + 18.05 N
"
13:12:50.389,568.802,17.25,1762,422.88,"+ 17.25  N  
","T: + 17.20 N
"
13:12:50.639,569.052,17.55,1789,429.36,"+ 17.55  N  
","T: + 17.25 N
"
13:12:50.890,569.303,17.6,1835,440.4,"+ 17.60  N  
","T: + 17.40 N
"
13:12:51.140,569.553,17.85,1874,449.76,"+ 17.85  N  
","T: + 17.65 N
"
13:12:51.391,569.803,18.0,1864,447.36,"+ 18.00  N  
","T: + 18.05 N
"
13:12:51.641,570.054,17.95,1887,452.88,"+ 17.95  N  
","T: + 17.65 N
"
13:12:51.891,570.303,18.05,1837,440.88,"+ 18.05  N  
","T: + 18.20 N
"
13:12:52.141,570.553,17.7,1874,449.76,"+ 17.70  N  
","T: + 17.75 N
"
13:12:52.391,570.804,17.8,1867,448.08,"+ 17.80  N  
","T: + 18.05 N
"
13:12:52.641,571.054,17.9,1866,447.84,"+ 17.90  N  
","T: + 17.85 N
"
13:12:52.891,571.304,17.85,1887,452.88,"+ 17.85  N  
","T: + 17.70 N
"
13:12:53.141,571.554,18.1,1864,447.36,"+ 18.10  N  
","T: + 17.95 N
"
13:12:53.392,571.804,18.0,1882,451.68,"+ 18.00  N  
","T: + 18.25 N
"
13:12:53.642,572.055,17.75,1861,446.64,"+ 17.75  N  
","T: + 18.10 N
"
13:12:53.892,572.305,17.75,1861,446.64,"+ 17.75  N  
","T: + 18.05 N
"
13:12:54.143,572.555,17.6,1862,446.88,"+ 17.60  N  
","T: + 18.00 N
"
13:12:54.392,572.805,17.65,1859,446.16,"+ 17.65  N  
","T: + 17.85 N
"
13:12:54.642,573.055,18.15,1873,449.52,"+ 18.15  N  
","T: + 17.80 N
"
13:12:54.894,573.306,17.8,1880,451.2,"+ 17.80  N  
","T: + 17.65 N
"
13:12:55.143,573.556,18.05,1864,447.36,"+ 18.05  N  
","T: + 18.20 N
"
13:12:55.393,573.806,17.9,1835,440.4,"+ 17.90  N  
","T: + 17.65 N
"
13:12:55.645,574.058,18.2,1881,451.44,"+ 18.20  N  
","T: + 17.85 N
"
13:12:55.895,574.307,17.65,1845,442.8,"+ 17.65  N  
","T: + 17.65 N
"
13:12:56.144,574.557,17.95,1879,450.96,"+ 17.95  N  
","T: + 17.95 N
"
13:12:56.395,574.807,17.4,1852,444.48,"+ 17.40  N  
","T: + 17.35 N
"
13:12:56.646,575.058,18.05,1869,448.56,"+ 18.05  N  
","T: + 17.85 N
"
13:12:56.895,575.308,17.6,1859,446.16,"+ 17.60  N  
","T: + 18.00 N
"
13:12:57.146,575.559,17.3,1859,446.16,"+ 17.30  N  
","T: + 17.90 N
"
13:12:57.395,575.808,17.55,1859,446.16,"+ 17.55  N  
","T: + 17.85 N
"
13:12:57.646,576.059,17.3,1842,442.08,"+ 17.30  N  
","T: + 17.50 N
"
13:12:57.895,576.308,17.5,1886,452.64,"+ 17.50  N  
","T: + 17.40 N
"
13:12:58.146,576.559,17.45,1858,445.92,"+ 17.45  N  
","T: + 17.30 N
"
13:12:58.396,576.809,17.9,1880,451.2,"+ 17.90  N  
","T: + 17.55 N
"
13:12:58.646,577.059,17.25,1863,447.12,"+ 17.25  N  
","T: + 17.50 N
"
13:12:58.896,577.309,17.4,1911,458.64,"+ 17.40  N  
","T: + 17.65 N
"
13:12:59.147,577.559,18.1,1949,467.76,"+ 18.10  N  
","T: + 18.05 N
"
13:12:59.397,577.81,18.0,1941,465.84,"+ 18.00  N  
","T: + 17.65 N
"
13:12:59.647,578.059,18.0,1968,472.32,"+ 18.00  N  
","T: + 18.10 N
"
13:12:59.898,578.311,17.8,1958,469.92,"+ 17.80  N  
","T: + 17.75 N
"
13:13:00.147,578.56,17.75,1949,467.76,"+ 17.75  N  
","T: + 17.55 N
"
13:13:00.398,578.81,17.85,1935,464.4,"+ 17.85  N  
","T: + 17.75 N
"
13:13:00.647,579.06,17.8,1930,463.2,"+ 17.80  N  
","T: + 17.55 N
"
13:13:00.898,579.31,17.75,1959,470.16,"+ 17.75  N  
","T: + 17.75 N
"
13:13:01.148,579.56,17.85,1935,464.4,"+ 17.85  N  
","T: + 17.75 N
"
13:13:01.398,579.81,17.4,1963,471.12,"+ 17.40  N  
","T: + 17.70 N
"
13:13:01.647,580.06,17.55,1927,462.48,"+ 17.55  N  
","T: + 17.70 N
"
13:13:01.897,580.31,17.25,1949,467.76,"+ 17.25  N  
","T: + 17.90 N
"
13:13:02.147,580.56,17.85,1942,466.08,"+ 17.85  N  
","T: + 17.60 N
"
13:13:02.398,580.81,17.55,1928,462.72,"+ 17.55  N  
","T: + 17.85 N
"
13:13:02.648,581.06,17.85,1955,469.2,"+ 17.85  N  
","T: + 17.60 N
"
13:13:02.898,581.311,17.55,1936,464.64,"+ 17.55  N  
","T: + 17.70 N
"
13:13:03.148,581.561,17.5,1944,466.56,"+ 17.50  N  
","T: + 17.65 N
"
13:13:03.398,581.811,17.5,1938,465.12,"+ 17.50  N  
","T: + 17.65 N
"
13:13:03.648,582.061,17.15,1932,463.68,"+ 17.15  N  
","T: + 17.75 N
"
13:13:03.898,582.311,17.5,1926,462.24,"+ 17.50  N  
","T: + 17.70 N
"
13:13:04.149,582.561,17.05,1947,467.28,"+ 17.05  N  
","T: + 17.40 N
"
13:13:04.399,582.811,17.25,1940,465.6,"+ 17.25  N  
","T: + 17.50 N
"
13:13:04.649,583.061,17.25,1907,457.68,"+ 17.25  N  
","T: + 17.80 N
"
13:13:04.899,583.311,17.1,1934,464.16,"+ 17.10  N  
","T: + 17.35 N
"
13:13:05.149,583.562,17.3,1941,465.84,"+ 17.30  N  
","T: + 17.65 N
"
13:13:05.399,583.812,17.4,1914,459.36,"+ 17.40  N  
","T: + 17.50 N
"
13:13:05.649,584.062,17.5,1953,468.72,"+ 17.50  N  
","T: + 17.60 N
"
13:13:05.899,584.312,17.55,1932,463.68,"+ 17.55  N  
","T: + 17.20 N
"
13:13:06.150,584.562,17.55,1947,467.28,"+ 17.55  N  
","T: + 17.45 N
"
13:13:06.401,584.814,17.35,1941,465.84,"+ 17.35  N  
","T: + 17.65 N
"
13:13:06.653,585.066,17.45,1938,465.12,"+ 17.45  N  
","T: + 17.45 N
"
13:13:06.901,585.314,17.6,1951,468.24,"+ 17.60  N  
","T: + 17.60 N
"
13:13:07.151,585.564,17.95,1996,479.04,"+ 17.95  N  
","T: + 17.70 N
"
13:13:07.402,585.814,17.95,2005,481.2,"+ 17.95  N  
","T: + 17.70 N
"
13:13:07.651,586.064,17.85,1999,479.76,"+ 17.85  N  
","T: + 17.40 N
"
13:13:07.902,586.314,18.2,2004,480.96,"+ 18.20  N  
","T: + 17.60 N
"
13:13:08.152,586.565,17.85,2008,481.92,"+ 17.85  N  
","T: + 17.65 N
"
13:13:08.402,586.815,17.85,2003,480.72,"+ 17.85  N  
","T: + 17.65 N
"
13:13:08.652,587.065,17.75,1990,477.6,"+ 17.75  N  
","T: + 17.90 N
"
13:13:08.902,587.315,17.9,2005,481.2,"+ 17.90  N  
","T: + 17.45 N
"
13:13:09.153,587.565,17.95,1996,479.04,"+ 17.95  N  
","T: + 17.50 N
"
13:13:09.403,587.816,17.45,2002,480.48,"+ 17.45  N  
","T: + 17.45 N
"
13:13:09.654,588.066,17.6,1985,476.4,"+ 17.60  N  
","T: + 18.00 N
"
13:13:09.903,588.316,17.7,1994,478.56,"+ 17.70  N  
","T: + 17.65 N
"
13:13:10.153,588.566,17.5,1995,478.8,"+ 17.50  N  
","T: + 18.00 N
"
13:13:10.403,588.816,17.5,1997,479.28,"+ 17.50  N  
","T: + 17.70 N
"
13:13:10.653,589.066,17.6,1999,479.76,"+ 17.60  N  
","T: + 17.55 N
"
13:13:10.904,589.316,18.1,1977,474.48,"+ 18.10  N  
","T: + 17.65 N
"
13:13:11.154,589.567,17.75,2001,480.24,"+ 17.75  N  
","T: + 17.60 N
"
13:13:11.404,589.817,17.5,1998,479.52,"+ 17.50  N  
","T: + 17.55 N
"
13:13:11.655,590.068,17.65,1987,476.88,"+ 17.65  N  
","T: + 18.20 N
"
13:13:11.905,590.317,17.5,2005,481.2,"+ 17.50  N  
","T: + 17.75 N
"
13:13:12.154,590.567,17.95,1977,474.48,"+ 17.95  N  
","T: + 17.80 N
"
13:13:12.405,590.817,18.0,1999,479.76,"+ 18.00  N  
","T: + 17.80 N
"
13:13:12.655,591.067,17.5,1989,477.36,"+ 17.50  N  
","T: + 17.70 N
"
13:13:12.906,591.319,17.65,1984,476.16,"+ 17.65  N  
","T: + 17.75 N
"
13:13:13.155,591.568,17.65,1992,478.08,"+ 17.65  N  
","T: + 18.05 N
"
13:13:13.405,591.818,17.7,1980,475.2,"+ 17.70  N  
","T: + 17.40 N
"
13:13:13.655,592.068,17.85,1988,477.12,"+ 17.85  N  
","T: + 17.25 N
"
13:13:13.906,592.318,17.95,1983,475.92,"+ 17.95  N  
","T: + 17.35 N
"
13:13:14.156,592.569,18.1,1978,474.72,"+ 18.10  N  
","T: + 17.15 N
"
13:13:14.406,592.819,17.55,1968,472.32,"+ 17.55  N  
","T: + 17.20 N
"
13:13:14.656,593.069,17.65,1976,474.24,"+ 17.65  N  
","T: + 16.80 N
"
13:13:14.906,593.319,17.65,2034,488.16,"+ 17.65  N  
","T: + 17.40 N
"
13:13:15.156,593.569,18.05,2054,492.96,"+ 18.05  N  
","T: + 17.40 N
"
13:13:15.406,593.819,17.95,2057,493.68,"+ 17.95  N  
","T: + 17.50 N
"
13:13:15.657,594.069,17.65,2061,494.64,"+ 17.65  N  
","T: + 17.30 N
"
13:13:15.907,594.32,17.4,2048,491.52,"+ 17.40  N  
","T: + 18.05 N
"
13:13:16.157,594.57,17.6,2055,493.2,"+ 17.60  N  
","T: + 17.85 N
"
13:13:16.407,594.82,17.85,2038,489.12,"+ 17.85  N  
","T: + 17.95 N
"
13:13:16.657,595.07,17.85,2046,491.04,"+ 17.85  N  
","T: + 17.75 N
"
13:13:16.907,595.32,17.6,2042,490.08,"+ 17.60  N  
","T: + 17.65 N
"
13:13:17.157,595.57,17.35,2050,492.0,"+ 17.35  N  
","T: + 17.70 N
"
13:13:17.407,595.82,17.4,2048,491.52,"+ 17.40  N  
","T: + 17.80 N
"
13:13:17.657,596.07,17.75,2055,493.2,"+ 17.75  N  
","T: + 17.85 N
"
13:13:17.907,596.32,17.7,2036,488.64,"+ 17.70  N  
","T: + 17.85 N
"
13:13:18.157,596.57,17.4,2061,494.64,"+ 17.40  N  
","T: + 18.30 N
"
13:13:18.408,596.82,17.8,2045,490.8,"+ 17.80  N  
","T: + 17.75 N
"
13:13:18.658,597.07,18.0,2044,490.56,"+ 18.00  N  
","T: + 17.75 N
"
13:13:18.908,597.32,17.7,2053,492.72,"+ 17.70  N  
","T: + 17.40 N
"
13:13:19.158,597.571,17.7,2046,491.04,"+ 17.70  N  
","T: + 17.60 N
"
13:13:19.408,597.821,17.45,2061,494.64,"+ 17.45  N  
","T: + 17.70 N
"
13:13:19.658,598.071,17.7,2038,489.12,"+ 17.70  N  
","T: + 17.45 N
"
13:13:19.908,598.321,17.8,2038,489.12,"+ 17.80  N  
","T: + 17.75 N
"
13:13:20.158,598.571,17.85,2051,492.24,"+ 17.85  N  
","T: + 17.45 N
"
13:13:20.409,598.822,17.7,2038,489.12,"+ 17.70  N  
","T: + 17.65 N
"
13:13:20.659,599.071,17.85,2028,486.72,"+ 17.85  N  
","T: + 17.60 N
"
13:13:20.909,599.321,17.55,2042,490.08,"+ 17.55  N  
","T: + 17.70 N
"
13:13:21.159,599.572,17.45,2031,487.44,"+ 17.45  N  
","T: + 17.70 N
"
13:13:21.409,599.822,17.9,2045,490.8,"+ 17.90  N  
","T: + 17.55 N
"
13:13:21.659,600.072,17.6,2021,485.04,"+ 17.60  N  
","T: + 17.55 N
"
13:13:21.910,600.322,18.0,2038,489.12,"+ 18.00  N  
","T: + 17.65 N
"
13:13:22.160,600.573,17.4,2030,487.2,"+ 17.40  N  
","T: + 17.85 N
"
13:13:22.410,600.823,17.8,2030,487.2,"+ 17.80  N  
","T: + 17.95 N
"
13:13:22.661,601.073,17.5,2051,492.24,"+ 17.50  N  
","T: + 17.70 N
"
13:13:22.910,601.323,17.65,2055,493.2,"+ 17.65  N  
","T: + 17.65 N
"
13:13:23.161,601.574,17.95,2096,503.04,"+ 17.95  N  
","T: + 18.15 N
"
13:13:23.411,601.824,17.55,2094,502.56,"+ 17.55  N  
","T: + 17.70 N
"
13:13:23.661,602.074,17.65,2086,500.64,"+ 17.65  N  
","T: + 17.95 N
"
13:13:23.912,602.325,17.8,2111,506.64,"+ 17.80  N  
","T: + 17.60 N
"
13:13:24.161,602.574,17.95,2095,502.8,"+ 17.95  N  
","T: + 17.50 N
"
13:13:24.411,602.824,18.05,2084,500.16,"+ 18.05  N  
","T: + 17.70 N
"
13:13:24.662,603.075,17.7,2100,504.0,"+ 17.70  N  
","T: + 18.20 N
"
13:13:24.912,603.325,17.95,2084,500.16,"+ 17.95  N  
","T: + 18.00 N
"
13:13:25.162,603.575,17.85,2079,498.96,"+ 17.85  N  
","T: + 17.90 N
"
13:13:25.412,603.825,18.1,2101,504.24,"+ 18.10  N  
","T: + 17.60 N
"
13:13:25.664,604.076,18.0,2088,501.12,"+ 18.00  N  
","T: + 17.85 N
"
13:13:25.913,604.325,17.75,2080,499.2,"+ 17.75  N  
","T: + 17.75 N
"
13:13:26.163,604.576,17.75,2092,502.08,"+ 17.75  N  
","T: + 17.55 N
"
13:13:26.413,604.826,17.8,2071,497.04,"+ 17.80  N  
","T: + 17.50 N
"
13:13:26.663,605.076,17.55,2097,503.28,"+ 17.55  N  
","T: + 17.35 N
"
13:13:26.913,605.326,17.5,2092,502.08,"+ 17.50  N  
","T: + 17.70 N
"
13:13:27.163,605.576,17.5,2090,501.6,"+ 17.50  N  
","T: + 17.55 N
"
13:13:27.414,605.827,17.85,2105,505.2,"+ 17.85  N  
","T: + 17.65 N
"
13:13:27.664,606.076,17.9,2078,498.72,"+ 17.90  N  
","T: + 17.35 N
"
13:13:27.913,606.326,18.0,2076,498.24,"+ 18.00  N  
","T: + 17.80 N
"
13:13:28.163,606.576,17.6,2098,503.52,"+ 17.60  N  
","T: + 17.65 N
"
13:13:28.413,606.826,17.85,2079,498.96,"+ 17.85  N  
","T: + 17.50 N
"
13:13:28.664,607.076,17.2,2108,505.92,"+ 17.20  N  
","T: + 17.65 N
"
13:13:28.914,607.326,17.5,2122,509.28,"+ 17.50  N  
","T: + 17.45 N
"
13:13:29.164,607.577,17.5,2148,515.52,"+ 17.50  N  
","T: + 17.60 N
"
13:13:29.414,607.827,17.3,2086,500.64,"+ 17.30  N  
","T: + 17.60 N
"
13:13:29.664,608.077,17.15,2095,502.8,"+ 17.15  N  
","T: + 17.00 N
"
13:13:29.914,608.327,17.6,2094,502.56,"+ 17.60  N  
","T: + 17.40 N
"
13:13:30.164,608.577,17.6,2085,500.4,"+ 17.60  N  
","T: + 17.05 N
"
13:13:30.414,608.827,17.4,2169,520.56,"+ 17.40  N  
","T: + 17.15 N
"
13:13:30.665,609.077,17.25,2086,500.64,"+ 17.25  N  
","T: + 17.65 N
"
13:13:30.915,609.328,17.7,2119,508.56,"+ 17.70  N  
","T: + 18.00 N
"
13:13:31.165,609.578,17.9,2108,505.92,"+ 17.90  N  
","T: + 17.75 N
"
13:13:31.415,609.828,17.85,2110,506.4,"+ 17.85  N  
","T: + 18.10 N
"
13:13:31.665,610.078,17.65,2123,509.52,"+ 17.65  N  
","T: + 17.80 N
"
13:13:31.915,610.328,17.65,2224,533.76,"+ 17.65  N  
","T: + 17.70 N
"
13:13:32.166,610.578,17.75,2207,529.68,"+ 17.75  N  
","T: + 17.80 N
"
13:13:32.416,610.828,17.9,2193,526.32,"+ 17.90  N  
","T: + 17.85 N
"
13:13:32.666,611.079,17.65,2201,528.24,"+ 17.65  N  
","T: + 18.05 N
"
13:13:32.917,611.329,17.9,2144,514.56,"+ 17.90  N  
","T: + 17.90 N
"
13:13:33.167,611.58,17.8,2179,522.96,"+ 17.80  N  
","T: + 17.95 N
"
13:13:33.417,611.83,17.75,2208,529.92,"+ 17.75  N  
","T: + 17.95 N
"
13:13:33.668,612.081,17.75,2126,510.24,"+ 17.75  N  
","T: + 17.85 N
"
13:13:33.917,612.33,17.75,2212,530.88,"+ 17.75  N  
","T: + 17.85 N
"
13:13:34.168,612.581,18.15,2203,528.72,"+ 18.15  N  
","T: + 17.55 N
"
13:13:34.418,612.831,18.15,2136,512.64,"+ 18.15  N  
","T: + 17.75 N
"
13:13:34.668,613.081,17.85,2199,527.76,"+ 17.85  N  
","T: + 17.95 N
"
13:13:34.918,613.331,18.05,2122,509.28,"+ 18.05  N  
","T: + 17.75 N
"
13:13:35.168,613.581,18.15,2125,510.0,"+ 18.15  N  
","T: + 17.90 N
"
13:13:35.418,613.831,17.95,2125,510.0,"+ 17.95  N  
","T: + 17.70 N
"
13:13:35.669,614.081,17.75,2159,518.16,"+ 17.75  N  
","T: + 18.00 N
"
13:13:35.919,614.331,17.9,2135,512.4,"+ 17.90  N  
","T: + 17.75 N
"
13:13:36.169,614.582,18.25,2128,510.72,"+ 18.25  N  
","T: + 17.30 N
"
13:13:36.419,614.832,17.85,2126,510.24,"+ 17.85  N  
","T: + 18.05 N
"
13:13:36.669,615.082,17.9,2126,510.24,"+ 17.90  N  
","T: + 17.95 N
"
13:13:36.919,615.332,18.0,2119,508.56,"+ 18.00  N  
","T: + 17.55 N
"
13:13:37.169,615.582,17.7,2121,509.04,"+ 17.70  N  
","T: + 17.95 N
"
13:13:37.419,615.832,17.7,2117,508.08,"+ 17.70  N  
","T: + 17.75 N
"
13:13:37.669,616.082,17.65,2133,511.92,"+ 17.65  N  
","T: + 17.90 N
"
13:13:37.919,616.332,18.1,2129,510.96,"+ 18.10  N  
","T: + 17.65 N
"
13:13:38.169,616.582,17.95,2192,526.08,"+ 17.95  N  
","T: + 17.65 N
"
13:13:38.419,616.832,17.8,2182,523.68,"+ 17.80  N  
","T: + 17.95 N
"
13:13:38.670,617.083,17.7,2114,507.36,"+ 17.70  N  
","T: + 18.15 N
"
13:13:38.920,617.332,17.7,2203,528.72,"+ 17.70  N  
","T: + 18.00 N
"
13:13:39.170,617.583,18.1,2272,545.28,"+ 18.10  N  
","T: + 18.30 N
"
13:13:39.420,617.833,18.2,2182,523.68,"+ 18.20  N  
","T: + 17.85 N
"
13:13:39.670,618.083,18.15,2234,536.16,"+ 18.15  N  
","T: + 18.00 N
"
13:13:39.921,618.333,18.25,2250,540.0,"+ 18.25  N  
","T: + 17.95 N
"
13:13:40.170,618.583,18.5,2294,550.56,"+ 18.50  N  
","T: + 18.10 N
"
13:13:40.420,618.833,18.15,2242,538.08,"+ 18.15  N  
","T: + 18.25 N
"
13:13:40.671,619.083,18.1,2177,522.48,"+ 18.10  N  
","T: + 18.35 N
"
13:13:40.921,619.333,18.15,2162,518.88,"+ 18.15  N  
","T: + 18.10 N
"
13:13:41.171,619.583,18.1,2172,521.28,"+ 18.10  N  
","T: + 18.15 N
"
13:13:41.421,619.834,18.15,2295,550.8,"+ 18.15  N  
","T: + 18.25 N
"
13:13:41.671,620.084,18.4,2278,546.72,"+ 18.40  N  
","T: + 18.20 N
"
13:13:41.921,620.334,18.45,2135,512.4,"+ 18.45  N  
","T: + 18.05 N
"
13:13:42.172,620.585,17.9,2116,507.84,"+ 17.90  N  
","T: + 18.25 N
"
13:13:42.422,620.835,18.15,2079,498.96,"+ 18.15  N  
","T: + 18.10 N
"
13:13:42.672,621.085,18.2,2182,523.68,"+ 18.20  N  
","T: + 18.20 N
"
13:13:42.923,621.335,18.0,2209,530.16,"+ 18.00  N  
","T: + 17.90 N
"
13:13:43.173,621.586,18.25,2202,528.48,"+ 18.25  N  
","T: + 18.20 N
"
13:13:43.423,621.836,18.1,2216,531.84,"+ 18.10  N  
","T: + 18.25 N
"
13:13:43.673,622.086,18.15,2117,508.08,"+ 18.15  N  
","T: + 18.00 N
"
13:13:43.923,622.336,18.1,2126,510.24,"+ 18.10  N  
","T: + 17.60 N
"
13:13:44.174,622.587,18.25,2058,493.92,"+ 18.25  N  
","T: + 18.00 N
"
13:13:44.423,622.836,17.95,2273,545.52,"+ 17.95  N  
","T: + 18.05 N
"
13:13:44.674,623.086,18.35,2154,516.96,"+ 18.35  N  
","T: + 17.60 N
"
13:13:44.924,623.336,18.15,2207,529.68,"+ 18.15  N  
","T: + 17.90 N
"
13:13:45.174,623.587,18.25,2077,498.48,"+ 18.25  N  
","T: + 18.30 N
"
13:13:45.424,623.837,18.15,2129,510.96,"+ 18.15  N  
","T: + 18.15 N
"
13:13:45.674,624.087,18.2,2138,513.12,"+ 18.20  N  
","T: + 18.15 N
"
13:13:45.924,624.337,17.95,2187,524.88,"+ 17.95  N  
","T: + 18.10 N
"
13:13:46.175,624.587,18.4,2155,517.2,"+ 18.40  N  
","T: + 17.65 N
"
13:13:46.425,624.837,17.85,2098,503.52,"+ 17.85  N  
","T: + 18.35 N
"
13:13:46.675,625.088,17.85,2066,495.84,"+ 17.85  N  
","T: + 18.40 N
"
13:13:46.925,625.338,18.45,2117,508.08,"+ 18.45  N  
","T: + 18.45 N
"
13:13:47.175,625.588,17.9,2126,510.24,"+ 17.90  N  
","T: + 17.85 N
"
13:13:47.426,625.838,18.15,2209,530.16,"+ 18.15  N  
","T: + 18.00 N
"
13:13:47.676,626.089,17.75,2186,524.64,"+ 17.75  N  
","T: + 18.20 N
"
13:13:47.926,626.338,17.9,2183,523.92,"+ 17.90  N  
","T: + 17.90 N
"
13:13:48.176,626.589,18.1,2141,513.84,"+ 18.10  N  
","T: + 18.25 N
"
13:13:48.426,626.839,18.15,2165,519.6,"+ 18.15  N  
","T: + 18.10 N
"
13:13:48.676,627.089,18.0,2170,520.8,"+ 18.00  N  
","T: + 17.90 N
"
13:13:48.926,627.339,18.2,2220,532.8,"+ 18.20  N  
","T: + 18.00 N
"
13:13:49.177,627.589,18.05,2168,520.32,"+ 18.05  N  
","T: + 17.95 N
"
13:13:49.427,627.84,18.1,2159,518.16,"+ 18.10  N  
","T: + 18.25 N
"
13:13:49.677,628.09,18.2,2187,524.88,"+ 18.20  N  
","T: + 18.15 N
"
13:13:49.927,628.34,17.85,2160,518.4,"+ 17.85  N  
","T: + 18.30 N
"
13:13:50.177,628.59,17.85,2155,517.2,"+ 17.85  N  
","T: + 18.20 N
"
13:13:50.428,628.84,17.7,2201,528.24,"+ 17.70  N  
","T: + 17.90 N
"
13:13:50.678,629.091,18.35,2137,512.88,"+ 18.35  N  
","T: + 17.70 N
"
13:13:50.928,629.341,18.2,2186,524.64,"+ 18.20  N  
","T: + 17.85 N
"
13:13:51.178,629.591,17.85,2160,518.4,"+ 17.85  N  
","T: + 18.15 N
"
13:13:51.429,629.841,17.7,2175,522.0,"+ 17.70  N  
","T: + 17.95 N
"
13:13:51.678,630.091,18.1,2124,509.76,"+ 18.10  N  
","T: + 17.45 N
"
13:13:51.928,630.341,17.55,2159,518.16,"+ 17.55  N  
","T: + 17.70 N
"
13:13:52.179,630.591,17.7,2205,529.2,"+ 17.70  N  
","T: + 18.10 N
"
13:13:52.429,630.842,17.95,2101,504.24,"+ 17.95  N  
","T: + 17.75 N
"
13:13:52.679,631.092,18.35,2106,505.44,"+ 18.35  N  
","T: + 17.80 N
"
13:13:52.930,631.343,17.45,2170,520.8,"+ 17.45  N  
","T: + 18.20 N
"
13:13:53.179,631.592,17.6,2178,522.72,"+ 17.60  N  
","T: + 17.90 N
"
13:13:53.430,631.842,18.1,2151,516.24,"+ 18.10  N  
","T: + 17.85 N
"
13:13:53.680,632.093,17.65,2168,520.32,"+ 17.65  N  
","T: + 17.90 N
"
13:13:53.930,632.342,17.95,2133,511.92,"+ 17.95  N  
","T: + 17.85 N
"
13:13:54.179,632.592,17.85,2175,522.0,"+ 17.85  N  
","T: + 18.05 N
"
13:13:54.430,632.842,18.15,2173,521.52,"+ 18.15  N  
","T: + 17.75 N
"
13:13:54.680,633.092,18.15,2069,496.56,"+ 18.15  N  
","T: + 18.10 N
"
13:13:54.930,633.342,17.7,2196,527.04,"+ 17.70  N  
","T: + 18.05 N
"
13:13:55.180,633.593,17.95,2181,523.44,"+ 17.95  N  
","T: + 17.65 N
"
13:13:55.430,633.843,18.1,2158,517.92,"+ 18.10  N  
","T: + 17.80 N
"
13:13:55.680,634.093,18.05,2139,513.36,"+ 18.05  N  
","T: + 17.75 N
"
13:13:55.930,634.343,17.9,2161,518.64,"+ 17.90  N  
","T: + 18.05 N
"
13:13:56.180,634.593,17.8,2163,519.12,"+ 17.80  N  
","T: + 18.20 N
"
13:13:56.431,634.843,18.05,2164,519.36,"+ 18.05  N  
","T: + 17.65 N
"
13:13:56.680,635.093,17.8,2199,527.76,"+ 17.80  N  
","T: + 17.75 N
"
13:13:56.931,635.343,18.05,2118,508.32,"+ 18.05  N  
","T: + 18.00 N
"
13:13:57.181,635.593,17.8,2178,522.72,"+ 17.80  N  
","T: + 17.65 N
"
13:13:57.431,635.844,17.95,2162,518.88,"+ 17.95  N  
","T: + 18.00 N
"
13:13:57.681,636.094,17.75,2138,513.12,"+ 17.75  N  
","T: + 17.95 N
"
13:13:57.931,636.344,17.3,2183,523.92,"+ 17.30  N  
","T: + 17.65 N
"
13:13:58.181,636.594,17.65,2141,513.84,"+ 17.65  N  
","T: + 17.75 N
"
13:13:58.431,636.844,17.85,2178,522.72,"+ 17.85  N  
","T: + 17.75 N
"
13:13:58.682,637.094,18.1,2119,508.56,"+ 18.10  N  
","T: + 17.70 N
"
13:13:58.932,637.345,18.15,2144,514.56,"+ 18.15  N  
","T: + 17.70 N
"
13:13:59.183,637.595,17.7,2144,514.56,"+ 17.70  N  
","T: + 17.45 N
"
13:13:59.433,637.846,17.95,2194,526.56,"+ 17.95  N  
","T: + 17.70 N
"
13:13:59.683,638.096,17.5,2126,510.24,"+ 17.50  N  
","T: + 17.65 N
"
13:13:59.933,638.346,17.35,2218,532.32,"+ 17.35  N  
","T: + 17.85 N
"
13:14:00.184,638.597,17.6,2135,512.4,"+ 17.60  N  
","T: + 17.65 N
"
13:14:00.434,638.846,18.05,2169,520.56,"+ 18.05  N  
","T: + 17.75 N
"
13:14:00.684,639.096,17.5,2146,515.04,"+ 17.50  N  
","T: + 17.75 N
"
13:14:00.934,639.347,17.35,2182,523.68,"+ 17.35  N  
","T: + 17.80 N
"
13:14:01.184,639.597,17.7,2145,514.8,"+ 17.70  N  
","T: + 17.50 N
"
13:14:01.434,639.847,17.5,2172,521.28,"+ 17.50  N  
","T: + 17.45 N
"
13:14:01.684,640.097,17.75,2138,513.12,"+ 17.75  N  
","T: + 17.75 N
"
13:14:01.935,640.347,17.65,2161,518.64,"+ 17.65  N  
","T: + 17.50 N
"
13:14:02.184,640.597,17.55,2165,519.6,"+ 17.55  N  
","T: + 17.85 N
"
13:14:02.435,640.848,17.7,2126,510.24,"+ 17.70  N  
","T: + 17.65 N
"
13:14:02.685,641.097,17.0,2172,521.28,"+ 17.00  N  
","T: + 17.90 N
"
13:14:02.936,641.349,17.7,2229,534.96,"+ 17.70  N  
","T: + 17.25 N
"
13:14:03.185,641.598,17.95,2180,523.2,"+ 17.95  N  
","T: + 17.55 N
"
13:14:03.435,641.848,18.2,2107,505.68,"+ 18.20  N  
","T: + 17.75 N
"
13:14:03.685,642.098,17.65,2175,522.0,"+ 17.65  N  
","T: + 17.75 N
"
13:14:03.936,642.348,17.7,2128,510.72,"+ 17.70  N  
","T: + 17.85 N
"
13:14:04.186,642.599,17.5,2168,520.32,"+ 17.50  N  
","T: + 17.55 N
"
13:14:04.436,642.849,17.6,2134,512.16,"+ 17.60  N  
","T: + 17.55 N
"
13:14:04.686,643.099,17.45,2183,523.92,"+ 17.45  N  
","T: + 17.65 N
"
13:14:04.936,643.349,17.85,2102,504.48,"+ 17.85  N  
","T: + 17.70 N
"
13:14:05.187,643.599,17.7,2156,517.44,"+ 17.70  N  
","T: + 17.40 N
"
13:14:05.437,643.85,18.2,2126,510.24,"+ 18.20  N  
","T: + 17.65 N
"
13:14:05.687,644.1,17.25,2148,515.52,"+ 17.25  N  
","T: + 17.70 N
"
13:14:05.939,644.352,17.3,2156,517.44,"+ 17.30  N  
","T: + 17.50 N
"
13:14:06.187,644.6,17.55,2114,507.36,"+ 17.55  N  
","T: + 17.30 N
"
13:14:06.438,644.85,17.4,2160,518.4,"+ 17.40  N  
","T: + 17.50 N
"
13:14:06.687,645.1,17.6,2136,512.64,"+ 17.60  N  
","T: + 17.60 N
"
13:14:06.938,645.351,17.6,2156,517.44,"+ 17.60  N  
","T: + 17.55 N
"
13:14:07.188,645.6,17.85,2130,511.2,"+ 17.85  N  
","T: + 17.70 N
"
13:14:07.438,645.851,17.55,2150,516.0,"+ 17.55  N  
","T: + 17.50 N
"
13:14:07.689,646.102,17.7,2138,513.12,"+ 17.70  N  
","T: + 17.75 N
"
13:14:07.938,646.351,17.3,2106,505.44,"+ 17.30  N  
","T: + 17.40 N
"
13:14:08.189,646.602,17.75,2174,521.76,"+ 17.75  N  
","T: + 17.05 N
"
13:14:08.439,646.851,17.5,2116,507.84,"+ 17.50  N  
","T: + 17.35 N
"
13:14:08.689,647.102,17.6,2125,510.0,"+ 17.60  N  
","T: + 17.65 N
"
13:14:08.939,647.352,17.6,2124,509.76,"+ 17.60  N  
","T: + 17.75 N
"
13:14:09.189,647.602,17.7,2132,511.68,"+ 17.70  N  
","T: + 17.50 N
"
13:14:09.440,647.853,17.2,2136,512.64,"+ 17.20  N  
","T: + 17.65 N
"
13:14:09.689,648.102,17.4,2115,507.6,"+ 17.40  N  
","T: + 17.70 N
"
13:14:09.939,648.352,17.25,2166,519.84,"+ 17.25  N  
","T: + 17.40 N
"
13:14:10.189,648.602,17.55,2104,504.96,"+ 17.55  N  
","T: + 17.40 N
"
13:14:10.439,648.852,17.85,2136,512.64,"+ 17.85  N  
","T: + 17.35 N
"
13:14:10.689,649.102,17.9,2139,513.36,"+ 17.90  N  
","T: + 17.40 N
"
13:14:10.939,649.352,17.75,2086,500.64,"+ 17.75  N  
","T: + 17.70 N
"
13:14:11.190,649.602,17.65,2100,504.0,"+ 17.65  N  
","T: + 17.70 N
"
13:14:11.440,649.853,17.8,2136,512.64,"+ 17.80  N  
","T: + 17.55 N
"
13:14:11.690,650.103,17.45,2111,506.64,"+ 17.45  N  
","T: + 17.60 N
"
13:14:11.940,650.353,17.5,2169,520.56,"+ 17.50  N  
","T: + 17.15 N
"
13:14:12.190,650.603,17.3,2131,511.44,"+ 17.30  N  
","T: + 17.55 N
"
13:14:12.441,650.853,17.4,2123,509.52,"+ 17.40  N  
","T: + 17.15 N
"
13:14:12.690,651.103,17.55,2119,508.56,"+ 17.55  N  
","T: + 17.75 N
"
13:14:12.941,651.353,17.4,2107,505.68,"+ 17.40  N  
","T: + 17.85 N
"
13:14:13.191,651.604,17.85,2121,509.04,"+ 17.85  N  
","T: + 17.55 N
"
13:14:13.441,651.853,17.2,2104,504.96,"+ 17.20  N  
","T: + 17.60 N
"
13:14:13.691,652.104,17.7,2133,511.92,"+ 17.70  N  
","T: + 17.65 N
"
13:14:13.942,652.354,17.25,2137,512.88,"+ 17.25  N  
","T: + 17.70 N
"
13:14:14.191,652.604,17.7,2134,512.16,"+ 17.70  N  
","T: + 17.40 N
"
13:14:14.441,652.854,17.9,2154,516.96,"+ 17.90  N  
","T: + 17.50 N
"
13:14:14.692,653.105,17.65,2095,502.8,"+ 17.65  N  
","T: + 17.75 N
"
13:14:14.942,653.355,17.5,2050,492.0,"+ 17.50  N  
","T: + 17.75 N
"
13:14:15.193,653.605,17.7,2112,506.88,"+ 17.70  N  
","T: + 17.65 N
"
13:14:15.443,653.855,17.7,2105,505.2,"+ 17.70  N  
","T: + 17.40 N
"
13:14:15.693,654.106,17.4,2097,503.28,"+ 17.40  N  
","T: + 17.55 N
"
13:14:15.943,654.356,17.35,2129,510.96,"+ 17.35  N  
","T: + 17.40 N
"
13:14:16.193,654.606,17.25,2088,501.12,"+ 17.25  N  
","T: + 17.60 N
"
13:14:16.444,654.857,17.55,2145,514.8,"+ 17.55  N  
","T: + 17.20 N
"
13:14:16.693,655.106,17.35,2091,501.84,"+ 17.35  N  
","T: + 17.25 N
"
13:14:16.944,655.356,17.5,2123,509.52,"+ 17.50  N  
","T: + 17.25 N
"
13:14:17.194,655.606,17.05,2097,503.28,"+ 17.05  N  
","T: + 17.75 N
"
13:14:17.445,655.857,17.5,2122,509.28,"+ 17.50  N  
","T: + 17.50 N
"
13:14:17.694,656.107,17.55,2092,502.08,"+ 17.55  N  
","T: + 17.45 N
"
13:14:17.944,656.357,17.25,2109,506.16,"+ 17.25  N  
","T: + 17.60 N
"
13:14:18.194,656.607,17.25,2166,519.84,"+ 17.25  N  
","T: + 17.30 N
"
13:14:18.444,656.857,16.95,2112,506.88,"+ 16.95  N  
","T: + 17.15 N
"
13:14:18.695,657.107,17.7,2144,514.56,"+ 17.70  N  
","T: + 16.90 N
"
13:14:18.945,657.358,17.2,1132,271.68,"+ 17.20  N  
","T: + 11.05 N
"
13:14:19.195,657.608,3.85,215,51.6,"+  3.85  N  
","T: + 8.15 N
"
13:14:19.445,657.858,5.6,27,6.48,"+  5.60  N  
","T: + 7.00 N
"
13:14:19.695,658.108,6.4,0,0.0,"+  6.40  N  
","T: + 7.15 N
"
13:14:19.945,658.357,7.3,0,0.0,"+  7.30  N  
","T: + 7.45 N
"
13:14:20.195,658.608,7.25,0,0.0,"+  7.25  N  
","T: + 7.55 N
"
13:14:20.445,658.858,7.6,0,0.0,"+  7.60  N  
","T: + 7.70 N
"
13:14:20.695,659.108,7.55,0,0.0,"+  7.55  N  
","T: + 7.70 N
"
13:14:20.945,659.358,7.85,0,0.0,"+  7.85  N  
","T: + 7.85 N
"
13:14:21.196,659.608,7.85,0,0.0,"+  7.85  N  
","T: + 7.80 N
"
13:14:21.446,659.858,7.85,1,0.24,"+  7.85  N  
","T: + 7.90 N
"
13:14:21.696,660.109,8.15,0,0.0,"+  8.15  N  
","T: + 8.25 N
"
13:14:21.946,660.358,8.1,0,0.0,"+  8.10  N  
","T: + 8.10 N
"
13:14:22.196,660.609,8.2,0,0.0,"+  8.20  N  
","T: + 8.15 N
"
13:14:22.446,660.859,8.3,0,0.0,"+  8.30  N  
","T: + 8.25 N
"
13:14:22.696,661.109,8.15,0,0.0,"+  8.15  N  
","T: + 8.15 N
"
13:14:22.946,661.359,8.25,0,0.0,"+  8.25  N  
","T: + 8.30 N
"
13:14:23.196,661.609,8.3,0,0.0,"+  8.30  N  
","T: + 8.30 N
"
13:14:23.447,661.859,8.25,0,0.0,"+  8.25  N  
","T: + 8.20 N
"
13:14:23.697,662.109,8.3,1,0.24,"+  8.30  N  
","T: + 8.35 N
"
13:14:23.947,662.36,8.3,0,0.0,"+  8.30  N  
","T: + 8.30 N
"
13:14:24.197,662.61,8.3,0,0.0,"+  8.30  N  
","T: + 8.30 N
"
13:14:24.447,662.86,8.35,0,0.0,"+  8.35  N  
","T: + 8.45 N
"
13:14:24.697,663.11,8.5,0,0.0,"+  8.50  N  
","T: + 8.40 N
"
13:14:24.948,663.361,8.35,0,0.0,"+  8.35  N  
","T: + 8.50 N
"
13:14:25.198,663.611,8.5,0,0.0,"+  8.50  N  
","T: + 8.50 N
"
13:14:25.448,663.861,8.5,0,0.0,"+  8.50  N  
","T: + 8.50 N
"
13:14:25.698,664.111,8.45,0,0.0,"+  8.45  N  
","T: + 8.50 N
"
13:14:25.949,664.361,8.45,0,0.0,"+  8.45  N  
","T: + 8.50 N
"
13:14:26.199,664.611,8.55,0,0.0,"+  8.55  N  
","T: + 8.55 N
"
13:14:26.449,664.862,8.45,0,0.0,"+  8.45  N  
","T: + 8.50 N
"
13:14:26.700,665.113,8.55,0,0.0,"+  8.55  N  
","T: + 8.55 N
"
13:14:26.949,665.362,8.5,0,0.0,"+  8.50  N  
","T: + 8.50 N
"
13:14:27.199,665.612,8.55,0,0.0,"+  8.55  N  
","T: + 8.50 N
"
13:14:27.450,665.862,8.55,0,0.0,"+  8.55  N  
","T: + 8.60 N
"
13:14:27.700,666.112,8.6,0,0.0,"+  8.60  N  
","T: + 8.60 N
"
13:14:27.951,666.363,8.65,0,0.0,"+  8.65  N  
","T: + 8.65 N
"
13:14:28.200,666.613,8.5,0,0.0,"+  8.50  N  
","T: + 8.50 N
"
13:14:28.450,666.863,8.55,0,0.0,"+  8.55  N  
","T: + 8.60 N
"
13:14:28.700,667.113,8.65,0,0.0,"+  8.65  N  
","T: + 8.55 N
"
13:14:28.951,667.364,8.6,0,0.0,"+  8.60  N  
","T: + 8.60 N
"
13:14:29.201,667.614,8.65,0,0.0,"+  8.65  N  
","T: + 8.60 N
"
13:14:29.451,667.864,8.6,0,0.0,"+  8.60  N  
","T: + 8.70 N
"
13:14:29.701,668.114,8.6,0,0.0,"+  8.60  N  
","T: + 8.60 N
"
13:14:29.952,668.365,8.65,0,0.0,"+  8.65  N  
","T: + 8.65 N
"
13:14:30.202,668.615,8.7,0,0.0,"+  8.70  N  
","T: + 8.65 N
"
13:14:30.452,668.865,8.55,0,0.0,"+  8.55  N  
","T: + 8.70 N
"
13:14:30.702,669.115,8.75,0,0.0,"+  8.75  N  
","T: + 8.65 N
"
13:14:30.951,669.364,8.6,0,0.0,"+  8.60  N  
","T: + 8.75 N
"
13:14:31.201,669.614,8.7,0,0.0,"+  8.70  N  
","T: + 8.65 N
"
13:14:31.452,669.864,8.7,0,0.0,"+  8.70  N  
","T: + 8.70 N
"
13:14:31.702,670.114,8.65,0,0.0,"+  8.65  N  
","T: + 8.60 N
"
13:14:31.952,670.365,8.7,0,0.0,"+  8.70  N  
","T: + 8.65 N
"
13:14:32.202,670.615,8.75,0,0.0,"+  8.75  N  
","T: + 8.65 N
"
13:14:32.452,670.865,8.75,0,0.0,"+  8.75  N  
","T: + 8.70 N
"
13:14:32.702,671.115,8.7,0,0.0,"+  8.70  N  
","T: + 8.60 N
"
13:14:32.952,671.365,8.8,0,0.0,"+  8.80  N  
","T: + 8.70 N
"
13:14:33.203,671.615,8.75,0,0.0,"+  8.75  N  
","T: + 8.75 N
"
13:14:33.453,671.866,8.8,0,0.0,"+  8.80  N  
","T: + 8.80 N
"
13:14:33.703,672.116,8.75,0,0.0,"+  8.75  N  
","T: + 8.75 N
"
13:14:33.953,672.366,8.8,0,0.0,"+  8.80  N  
","T: + 8.80 N
"
13:14:34.203,672.616,8.9,0,0.0,"+  8.90  N  
","T: + 8.70 N
"
13:14:34.453,672.866,8.75,0,0.0,"+  8.75  N  
","T: + 8.75 N
"
13:14:34.703,673.116,8.75,0,0.0,"+  8.75  N  
","T: + 8.80 N
"
13:14:34.953,673.366,8.8,0,0.0,"+  8.80  N  
","T: + 8.80 N
"
13:14:35.204,673.616,8.7,0,0.0,"+  8.70  N  
","T: + 8.85 N
"
13:14:35.454,673.867,8.85,0,0.0,"+  8.85  N  
","T: + 8.80 N
"
13:14:35.704,674.117,8.8,0,0.0,"+  8.80  N  
","T: + 8.85 N
"
13:14:35.955,674.367,8.8,0,0.0,"+  8.80  N  
","T: + 8.75 N
"
13:14:36.204,674.617,8.7,0,0.0,"+  8.70  N  
","T: + 8.75 N
"
13:14:36.454,674.867,8.9,0,0.0,"+  8.90  N  
","T: + 8.70 N
"
13:14:36.705,675.117,8.75,0,0.0,"+  8.75  N  
","T: + 8.80 N
"
13:14:36.955,675.367,8.85,0,0.0,"+  8.85  N  
","T: + 8.90 N
"
13:14:37.205,675.618,8.75,0,0.0,"+  8.75  N  
","T: + 8.70 N
"
13:14:37.455,675.868,8.75,0,0.0,"+  8.75  N  
","T: + 8.85 N
"
13:14:37.705,676.118,8.8,0,0.0,"+  8.80  N  
","T: + 8.80 N
"
13:14:37.955,676.368,8.8,0,0.0,"+  8.80  N  
","T: + 8.80 N
"
13:14:38.206,676.618,8.8,0,0.0,"+  8.80  N  
","T: + 8.75 N
"
13:14:38.456,676.868,8.85,0,0.0,"+  8.85  N  
","T: + 8.70 N
"
13:14:38.705,677.118,8.8,0,0.0,"+  8.80  N  
","T: + 8.80 N
"
